      ==============================================================================
BITS Behavioral Simulation -- Full SISO Core Window Schedule (CORE_ID=0)
NUM_WINDOWS=103, WIN_LEN_R4=15, NEG_INF=-256
==============================================================================

##############################################################################
# SLOT 0  |  FR=W1 , BR=idle , DBR=W2'
##############################################################################

  --- FR Window 1 : Alpha (state metrics after ACS) ---
  Step      S0     S1     S2     S3     S4     S5     S6     S7
     0     -27   -235      9   -239    -17   -221     35   -229
     1      -4     44     20     28      4     48     16     20
     2      57     61     61     41     51     81     61     37
     3      79    111     77     71     73     99     95     77
     4     123    119    121    109    119    137    109    115
     5     132    178    150    130    132    150    164    130
     6     197    173    171    161    193    189    169    165
     7     215    205    189    237    233    203    191    205
     8     226    230    230    242    228    242    266    244
     9     255    261    245    295    263    261    245    263
    10     285    303    337    289    269    293    291    273
    11     336    298    358    306    342    302    354    336
    12     373    381    363    357    347    355    371    361
    13     382    366    380    370    382    378    386    370
    14     397    425    417    399    407    411    407    409

  --- FR Window 1 : Gamma R4 BMs ---
     0   -27   17   13   -3    5   21    9  -35    9  -35    5   21   13   -3  -27   17  -17   27    3  -13  -21   -5   35   -9   35   -9  -21   -5    3  -13  -17   27
     1    -7   15  -13    5   11   -7    9  -13    9  -13   11   -7  -13    5   -7   15  -15    7   -5   13    7  -11   13   -9   13   -9    7  -11   -5   13  -15    7
     2    -7  -21   37   -9  -33   13    3   17    3   17  -33   13   37   -9   -7  -21   21    7    9  -37  -13   33  -17   -3  -17   -3  -13   33    9  -37   21    7
     3   -12   18    4  -10   16   30   -8  -38   -8  -38   16   30    4  -10  -12   18  -18   12   10   -4  -30  -16   38    8   38    8  -30  -16   10   -4  -18   12
     4    14   12   16  -42  -38   20    8   10    8   10  -38   20   16  -42   14   12  -12  -14   42  -16  -20   38  -10   -8  -10   -8  -20   38   42  -16  -12  -14
     5   -11   11   11  -11   19   41  -19  -41  -19  -41   19   41   11  -11  -11   11  -11   11   11  -11  -41  -19   41   19   41   19  -41  -19   11  -11  -11   11
     6   -15   19  -15   11   21   -5    9  -25    9  -25   21   -5  -15   11  -15   19  -19   15  -11   15    5  -21   25   -9   25   -9    5  -21  -11   15  -19   15
     7   -22  -36   44   14  -14   16   -8    6   -8    6  -14   16   44   14  -22  -36   36   22  -14  -44  -16   14   -6    8   -6    8  -16   14  -14  -44   36   22
     8     7   -5    9  -11  -29   -9   13   25   13   25  -29   -9    9  -11    7   -5    5   -7   11   -9    9   29  -25  -13  -25  -13    9   29   11   -9    5   -7
     9    29   19  -21  -27   -3    3   -5    5   -5    5   -3    3  -21  -27   29   19  -19  -29   27   21   -3    3   -5    5   -5    5   -3    3   27   21  -19  -29
    10    -2  -14   26  -10    6   42  -30  -18  -30  -18    6   42   26  -10   -2  -14   14    2   10  -26  -42   -6   18   30   18   30  -42   -6   10  -26   14    2
    11    15   33  -43   -5   21  -17    7  -11    7  -11   21  -17  -43   -5   15   33  -33  -15    5   43   17  -21   11   -7   11   -7   17  -21    5   43  -33  -15
    12   -25   -1   15   11  -17  -13   27    3   27    3  -17  -13   15   11  -25   -1    1   25  -11  -15   13   17   -3  -27   -3  -27   13   17  -11  -15    1   25
    13    -1    1  -11   11   17   -5   -5   -7   -5   -7   17   -5  -11   11   -1    1   -1    1  -11   11    5  -17    7    5    7    5    5  -17  -11   11   -1    1
    14     5    5   17  -27    3   47  -25  -25  -25  -25    3   47   17  -27    5    5   -5   -5   27  -17  -47   -3   25   25   25   25  -47   -3   27  -17   -5   -5

  --- DBR Window 2' : Beta trace (backward, data read in reverse) ---
  Step      S0     S1     S2     S3     S4     S5     S6     S7
     0      11     13     25     23     25     23     11     13
     1      37     49     35     41     41     53     27     37
     2      57     53     45     47     59     61     55     79
     3      68     84     84    100     90    120     68     74
     4      98    108     96     90    130    142    108    112
     5     133    171    125    119    159    151    153    153
     6     179    177    163    167    175    171    193    171
     7     213    213    191    187    193    201    191    191
     8     220    228    224    230    222    252    224    216
     9     238    238    238    240    252    238    252    266
    10     276    274    268    264    266    270    276    288
    11     308    298    316    298    338    298    296    286
    12     348    346    358    336    336    336    306    308
    13     383    377    359    369    339    357    371    365
    14     382    390    396    400    382    386    400    386
  Final beta_init for BR:    382    390    396    400    382    386    400    386

##############################################################################
# SLOT 1  |  FR=W2 , BR=W1 , DBR=W3'
##############################################################################

  --- FR Window 2 : Alpha (state metrics after ACS) ---
  Step      S0     S1     S2     S3     S4     S5     S6     S7
     0     432    430    434    420    432    440    428    420
     1     467    451    449    463    457    447    453    455
     2     487    467    483    495    477    485    501    477
     3    -505    509   -505   -491   -491    507   -507   -497
     4    -489   -469   -467   -471   -487   -475   -479   -475
     5    -465   -473   -453   -461   -453   -461   -455   -457
     6    -444   -422   -422   -442   -422   -432   -442   -422
     7    -410   -406   -406   -410   -414   -402   -402   -414
     8    -376   -380   -388   -384   -388   -376   -384   -394
     9    -363   -347   -339   -355   -339   -367   -365   -353
    10    -333   -329   -323   -333   -333   -329   -329   -333
    11    -302   -314   -308   -306   -292   -304   -294   -288
    12    -288   -282   -294   -280   -286   -262   -288   -278
    13    -276   -254   -258   -268   -276   -232   -250   -276
    14    -241   -209   -245   -249   -233   -219   -255   -243

  --- FR Window 2 : Gamma R4 BMs ---
     0    -7    7   13  -13  -29   -3   23    9   23    9  -29   -3   13  -13   -7    7   -7    7   13  -13    3   29   -9  -23   -9  -23    3   29   13  -13   -7    7
     1    35   -7   -5  -23   -7   11  -23   19  -23   19   -7   11   -5  -23   35   -7    7  -35   23    5  -11    7  -19   23  -19   23  -11    7   23    5    7  -35
     2    -8  -10   38  -20  -38   20    8   10    8   10  -38   20   38  -20   -8  -10   10    8   20  -38  -20   38  -10   -8  -10   -8  -20   38   20  -38   10    8
     3    32   22   -4  -50  -22   24   -6    4   -6    4  -22   24   -4  -50   32   22  -22  -32   50    4  -24   22   -4    6   -4    6  -24   22   50    4  -22  -32
     4   -22   26   -4    0  -12  -16   38  -10   38  -10  -12  -16   -4    0  -22   26  -26   22    0    4   16   12   10  -38   10  -38   16   12    0    4  -26   22
     5    18    4  -18   -4   14    0  -14    0  -14    0   14    0  -18   -4   18    4   -4  -18    4   18    0  -14    0   14    0   14    0  -14    4   18   -4  -18
     6     7   15    9  -31   -1   39  -15  -23  -15  -23   -1   39    9  -31    7   15  -15   -7   31   -9  -39    1   23   15   23   15  -39    1   31   -9  -15   -7
     7    -8   -8   12    4   16   24  -20  -20  -20  -20   16   24   12    4   -8   -8    8    8   -4  -12  -24  -16   20   20   20   20  -24  -16   -4  -12    8    8
     8   -18   30   -8   -4    4    0   22  -26   22  -26    4    0   -8   -4  -18   30  -30   18    4    8    0   -4   26  -22   26  -22    0   -4    4    8  -30   18
     9   -41    7   13   21   -9  -17   37  -11   37  -11   -9  -17   13   21  -41    7   -7   41  -21  -13   17    9   11  -37   11  -37   17    9  -21  -13   -7   41
    10     8   -8    6   -6  -22  -10    8   24    8   24  -22  -10    6   -6    8   -8    8   -8    6   -6   10   22  -24   -8  -24   -8   10   22    6   -6    8   -8
    11    11   27  -41    3   15  -29   15   -1   15   -1   15  -29  -41    3   11   27  -27  -11   -3   41   29  -15    1  -15    1  -15   29  -15   -3   41  -27  -11
    12    14  -16    2    0   10   12  -26    4  -26    4   10   12    2    0   14  -16   16  -14    0   -2  -12  -10   -4   26   -4   26  -12  -10    0   -2   16  -14
    13     4  -12   18  -10  -30   -2    8   24    8   24  -30   -2   18  -10    4  -12   12   -4   10  -18    2   30  -24   -8  -24   -8    2   30   10  -18   12   -4
    14     1   13   11  -25  -13   23    1  -11    1  -11  -13   23   11  -25    1   13  -13   -1   25  -11  -23   13   11   -1   11   -1  -23   13   25  -11  -13   -1

  --- DBR Window 3' : Beta trace (backward, data read in reverse) ---
  Step      S0     S1     S2     S3     S4     S5     S6     S7
     0      20     34     16     30     16     30     20     34
     1      34     36     46     50     56     68     44     46
     2      57     61     71     63     61     67     69     85
     3      90     82     84     96     90     94     96    104
     4     105    119    113    145    123    143    113    117
     5     140    128    140    156    156    150    180    160
     6     181    197    187    185    191    163    181    167
     7     214    216    214    200    224    204    198    194
     8     243    235    229    243    235    213    245    217
     9     267    259    267    265    267    265    249    239
    10     293    291    297    287    295    285    265    267
    11     299    301    317    311    311    301    297    295
    12     326    326    316    320    312    308    318    318
    13     343    335    339    359    333    353    349    345
    14     360    370    348    362    362    358    368    374
  Final beta_init for BR:    360    370    348    362    362    358    368    374

  --- BR Window 1 : Beta init ---
     382    390    396    400    382    386    400    386

  --- BR Window 1 : Beta trace (pre-ACS, for LLR compute) ---
  Read order: step 14 down to 0
  Iter RdStep      S0     S1     S2     S3     S4     S5     S6     S7
     0     14     382    390    396    400    382    386    400    386
     1     13     425    425    409    443    417    437    411    411
     2     12     424    426    426    436    442    454    444    444
     3     11     453    467    457    461    467    471    453    469
     4     10     468    486    478    510    488   -512    482    494
     5      9     502   -512    498   -504   -488   -496   -494   -482
     6      8    -493   -489   -461   -467   -455   -461   -475   -485
     7      7    -448   -436   -444   -446   -452   -432   -460   -464
     8      6    -416   -430   -404   -428   -402   -418   -428   -424
     9      5    -395   -387   -383   -387   -409   -409   -393   -409
    10      4    -352   -374   -364   -342   -368   -346   -368   -376
    11      3    -338   -340   -326   -330   -326   -308   -328   -330
    12      2    -290   -314   -310   -296   -320   -310   -270   -300
    13      1    -287   -273   -253   -237   -259   -277   -279   -293
    14      0    -244   -252   -242   -246   -250   -232   -244   -222

##############################################################################
# SLOT 2  |  FR=W3 , BR=W2 , DBR=W4'
##############################################################################

  --- FR Window 3 : Alpha (state metrics after ACS) ---
  Step      S0     S1     S2     S3     S4     S5     S6     S7
     0    -210   -196   -220   -230   -218   -222   -188   -222
     1    -197   -193   -177   -189   -179   -197   -191   -157
     2    -186   -148   -184   -150   -172   -166   -166   -164
     3    -136   -152   -160   -152   -134   -154   -150   -150
     4    -130   -138   -138   -104   -110   -140   -136   -124
     5     -82   -106    -98    -86    -98   -110   -108   -104
     6     -73    -79    -53    -87    -67    -67    -67    -91
     7     -56    -40    -26    -48    -54    -34    -40    -64
     8     -29    -11    -25    -15      5    -29    -23    -23
     9       6      8      4     12     18     18     -6     22
    10      27     57     43     41     23     67     61     37
    11      70     80     68     70     76     94     68     72
    12      85    111     87     83     83     93     97     93
    13     127    105    117    111    117    109    113    127
    14     139    133    133    161    141    133    147    139

  --- FR Window 3 : Gamma R4 BMs ---
     0     9   -1    3  -11    9   23  -21  -11  -21  -11    9   23    3  -11    9   -1    1   -9   11   -3  -23   -9   11   21   11   21  -23   -9   11   -3    1   -9
     1    -7  -31    5   33    7  -21   -5   19   -5   19    7  -21    5   33   -7  -31   31    7  -33   -5   21   -7  -19    5  -19    5   21   -7  -33   -5   31    7
     2     7    7   -9   -5   -7  -11    9    9    9    9   -7  -11   -9   -5    7    7   -7   -7    5    9   11    7   -9   -9   -9   -9   11    7    5    9   -7   -7
     3    -6    8  -16   14   20  -10    2  -12    2  -12   20  -10  -16   14   -6    8   -8    6  -14   16   10  -20   12   -2   12   -2   10  -20  -14   16   -8    6
     4   -24  -26   30   20   -4    6   -2    0   -2    0   -4    6   30   20  -24  -26   26   24  -20  -30   -6    4    0    2    0    2   -6    4  -20  -30   26   24
     5   -14  -32   24   22    4    6  -14    4  -14    4    4    6   24   22  -14  -32   32   14  -22  -24   -6   -4   -4   14   -4   14   -6   -4  -22  -24   32   14
     6   -11   17  -19   13    1  -31   29    1   29    1    1  -31  -19   13  -11   17  -17   11  -13   19   31   -1   -1  -29   -1  -29   31   -1  -13   19  -17   11
     7   -25    9   -3   19   27    5    1  -33    1  -33   27    5   -3   19  -25    9   -9   25  -19    3   -5  -27   33   -1   33   -1   -5  -27  -19    3   -9   25
     8    25    9   -3  -31   -5   23  -17   -1  -17   -1   -5   23   -3  -31   25    9   -9  -25   31    3  -23    5    1   17    1   17  -23    5   31    3   -9  -25
     9    35   15  -33  -17    3  -13   -5   15   -5   15    3  -13  -33  -17   35   15  -15  -35   17   33   13   -3  -15    5  -15    5   13   -3   17   33  -15  -35
    10     5   -9   23  -19  -49   -7   21   35   21   35  -49   -7   23  -19    5   -9    9   -5   19  -23    7   49  -35  -21  -35  -21    7   49   19  -23    9   -5
    11   -19  -11   27    3  -27   -3   19   11   19   11  -27   -3   27    3  -19  -11   11   19   -3  -27    3   27  -11  -19  -11  -19    3   27   -3  -27   11   19
    12    15   -1    1  -15    1   17  -17   -1  -17   -1    1   17    1  -15   15   -1    1  -15   15   -1  -17   -1    1   17    1   17  -17   -1   15   -1    1  -15
    13    14   16  -34    4   12  -26    8    6    8    6   12  -26  -34    4   14   16  -16  -14   -4   34   26  -12   -6   -8   -6   -8   26  -12   -4   34  -16  -14
    14    10   34  -30  -14   16    0    4  -20    4  -20   16    0  -30  -14   10   34  -34  -10   14   30    0  -16   20   -4   20   -4    0  -16   14   30  -34  -10

  --- DBR Window 4' : Beta trace (backward, data read in reverse) ---
  Step      S0     S1     S2     S3     S4     S5     S6     S7
     0      14     20     14      8     14      8     14     20
     1      33     39     25     31     31     37     33     33
     2      62     52     44     48     48     62     66     50
     3      90     84    104     76     90     72     92     80
     4     105    117    127    103    107     91     95     97
     5     139    141    135    135    125    133    129    131
     6     144    164    146    146    152    152    148    160
     7     178    170    168    164    170    166    186    178
     8     204    196    192    200    196    188    184    192
     9     210    222    220    224    224    220    206    226
    10     263    237    233    235    247    237    265    251
    11     286    300    262    262    252    252    272    272
    12     279    275    311    291    293    313    301    293
    13     335    319    319    355    315    319    347    331
    14     346    372    352    356    356    376    364    344
  Final beta_init for BR:    346    372    352    356    356    376    364    344

  --- BR Window 2 : Beta init ---
     360    370    348    362    362    358    368    374

  --- BR Window 2 : Beta trace (pre-ACS, for LLR compute) ---
  Read order: step 14 down to 0
  Iter RdStep      S0     S1     S2     S3     S4     S5     S6     S7
     0     14     360    370    348    362    362    358    368    374
     1     13     379    373    387    381    399    393    371    375
     2     12     411    411    409    401    399    423    387    397
     3     11     425    413    419    421    421    423    419    449
     4     10     436    452    448    462    452    490    432    448
     5      9     460    472    458    454    500   -512    470    482
     6      8     495   -483    487    487   -495   -503   -501   -501
     7      7    -475   -477   -491   -487   -479   -483   -461   -483
     8      6    -441   -441   -463   -467   -461   -453   -463   -463
     9      5    -434   -426   -430   -424   -432   -402   -430   -438
    10      4    -416   -416   -416   -414   -402   -416   -402   -388
    11      3    -378   -380   -386   -390   -388   -384   -378   -366
    12      2    -346   -356   -338   -356   -316   -356   -358   -368
    13      1    -306   -308   -296   -318   -318   -318   -348   -346
    14      0    -271   -277   -295   -285   -315   -297   -283   -289

##############################################################################
# SLOT 3  |  FR=W4 , BR=W3 , DBR=W5'
##############################################################################

  --- FR Window 4 : Alpha (state metrics after ACS) ---
  Step      S0     S1     S2     S3     S4     S5     S6     S7
     0     182    156    156    156    170    164    158    178
     1     178    208    200    190    178    196    216    192
     2     225    217    203    203    227    223    207    227
     3     248    240    226    230    246    262    252    228
     4     255    277    255    271    287    261    271    291
     5     291    321    307    281    283    323    291    285
     6     339    341    305    305    335    337    309    309
     7     329    335    349    359    365    343    341    335
     8     360    362    370    360    370    356    362    386
     9     390    400    378    386    372    404    404    394
    10     403    403    403    417    405    419    425    419
    11     445    437    435    447    445    437    427    467
    12     456    460    470    486    448    470    474    474
    13     485    487    481    499    503    493    475    487
    14     507   -507    505    503    499    507    507    495

  --- FR Window 4 : Gamma R4 BMs ---
     0     9  -31    1   21   15   -5  -25   15  -25   15   15   -5    1   21    9  -31   31   -9  -21   -1    5  -15  -15   25  -15   25    5  -15  -21   -1   31   -9
     1    -4   12   14  -22    8   44  -18  -34  -18  -34    8   44   14  -22   -4   12  -12    4   22  -14  -44   -8   34   18   34   18  -44   -8   22  -14  -12    4
     2   -19  -11   25    5   -7   13    1   -7    1   -7   -7   13   25    5  -19  -11   11   19   -5  -25  -13    7    7   -1    7   -1  -13    7   -5  -25   11   19
     3    23  -21   -1   -1   13   13  -35    9  -35    9   13   13   -1   -1   23  -21   21  -23    1    1  -13  -13   -9   35   -9   35  -13  -13    1    1   21  -23
     4     7  -39   23    9    1   15  -31   15  -31   15    1   15   23    9    7  -39   39   -7   -9  -23  -15   -1  -15   31  -15   31  -15   -1   -9  -23   39   -7
     5     6  -14  -12   20   -4  -36   10   30   10   30   -4  -36  -12   20    6  -14   14   -6  -20   12   36    4  -30  -10  -30  -10   36    4  -20   12   14   -6
     6   -14   18   14  -18  -14   18   14  -18   14  -18  -14   18   14  -18  -14   18  -18   14   18  -14  -18   14   18  -14   18  -14  -18   14   18  -14  -18   14
     7   -18  -26   24   20   -6   -2    0    8    0    8   -6   -2   24   20  -18  -26   26   18  -20  -24    2    6   -8    0   -8    0    2    6  -20  -24   26   18
     8     3   25   -7  -21   -3   11    7  -15    7  -15   -3   11   -7  -21    3   25  -25   -3   21    7  -11    3   15   -7   15   -7  -11    3   21    7  -25   -3
     9    -8  -10  -12   30    8  -34   12   14   12   14    8  -34  -12   30   -8  -10   10    8  -30   12   34   -8  -14  -12  -14  -12   34   -8  -30   12   10    8
    10    13  -15  -11   13   23   -1  -25    3  -25    3   23   -1  -11   13   13  -15   15  -13  -13   11    1  -23   -3   25   -3   25    1  -23  -13   11   15  -13
    11   -14  -42   42   14  -10   18  -18   10  -18   10  -10   18   42   14  -14  -42   42   14  -14  -42  -18   10  -10   18  -10   18  -18   10  -14  -42   42   14
    12    -7   19    1  -13    9   23   -3  -29   -3  -29    9   23    1  -13   -7   19  -19    7   13   -1  -23   -9   29    3   29    3  -23   -9   13   -1  -19    7
    13    -7   25  -17   -1   11   -5   13  -19   13  -19   11   -5  -17   -1   -7   25  -25    7    1   17    5  -11   19  -13   19  -13    5  -11    1   17  -25    7
    14     6  -14    0    8   14    6  -20    0  -20    0   14    6    0    8    6  -14   14   -6   -8    0   -6  -14    0   20    0   20   -6  -14   -8    0   14   -6

  --- DBR Window 5' : Beta trace (backward, data read in reverse) ---
  Step      S0     S1     S2     S3     S4     S5     S6     S7
     0      19     19     17     21     17     21     19     19
     1      32     50     58     34     60     36     34     52
     2      62     68     76     82     68     74     64     60
     3      83     85     75     91     91     83     95     95
     4      97    103    111    105    101    109    107    111
     5     133    119    137    123    129    125    135    121
     6     162    160    148    152    130    142    154    150
     7     198    182    176    168    188    178    186    172
     8     216    226    214    210    220    192    186    218
     9     216    244    242    238    240    250    224    238
    10     274    274    240    246    262    272    276    272
    11     292    296    278    290    288    300    280    276
    12     313    303    307    311    311    329    333    315
    13     338    350    346    336    342    332    340    346
    14     369    355    367    383    371    387    361    353
  Final beta_init for BR:    369    355    367    383    371    387    361    353

  --- BR Window 3 : Beta init ---
     346    372    352    356    356    376    364    344

  --- BR Window 3 : Beta trace (pre-ACS, for LLR compute) ---
  Read order: step 14 down to 0
  Iter RdStep      S0     S1     S2     S3     S4     S5     S6     S7
     0     14     346    372    352    356    356    376    364    344
     1     13     384    380    370    386    388    374    396    390
     2     12     398    400    422    422    400    424    400    402
     3     11     413    421    423    439    423    423    437    441
     4     10     442    442    440    464    466    450    452    460
     5      9     475    475    485    501    487    499    469    477
     6      8     510    500    504   -504   -512    510   -488   -508
     7      7    -487   -471   -481   -483   -477   -501   -479   -495
     8      6    -446   -452   -454   -468   -444   -464   -468   -470
     9      5    -425   -429   -437   -425   -433   -451   -423   -451
    10      4    -401   -409   -401   -403   -401   -403   -419   -425
    11      3    -375   -377   -371   -381   -373   -383   -399   -401
    12      2    -369   -367   -351   -357   -357   -367   -371   -373
    13      1    -342   -342   -352   -348   -356   -360   -350   -350
    14      0    -325   -333   -329   -309   -335   -315   -319   -323

##############################################################################
# SLOT 4  |  FR=W5 , BR=W4 , DBR=W6'
##############################################################################

  --- FR Window 5 : Alpha (state metrics after ACS) ---
  Step      S0     S1     S2     S3     S4     S5     S6     S7
     0    -490   -480   -484   -510   -494   -488   -488   -500
     1    -465   -467   -447   -463   -465   -481   -463   -463
     2    -432   -448   -430   -450   -444   -430   -432   -448
     3    -414   -430   -416   -414   -418   -424   -424   -402
     4    -392   -392   -382   -394   -396   -402   -392   -368
     5    -364   -378   -370   -340   -360   -362   -362   -368
     6    -328   -322   -330   -344   -324   -328   -338   -346
     7    -302   -296   -302   -322   -300   -294   -284   -324
     8    -293   -289   -279   -275   -269   -297   -271   -251
     9    -275   -243   -253   -237   -261   -239   -267   -251
    10    -223   -245   -241   -231   -223   -231   -229   -225
    11    -210   -216   -216   -214   -208   -204   -224   -214
    12    -180   -204   -206   -194   -192   -202   -204   -182
    13    -171   -149   -165   -187   -171   -153   -167   -187
    14    -148   -132   -148   -156   -150   -148   -130   -154

  --- FR Window 5 : Gamma R4 BMs ---
     0    -7   17   15  -25   -3   37   -5  -29   -5  -29   -3   37   15  -25   -7   17  -17    7   25  -15  -37    3   29    5   29    5  -37    3   25  -15  -17    7
     1    25  -25   -5    5   -3  -13  -17   33  -17   33   -3  -13   -5    5   25  -25   25  -25   -5    5   13    3  -33   17  -33   17   13    3   -5    5   25  -25
     2   -15    3   15   -3   15   33  -15  -33  -15  -33   15   33   15   -3  -15    3   -3   15    3  -15  -33  -15   33   15   33   15  -33  -15    3  -15   -3   15
     3    18   22  -28  -12   14   -2   -4   -8   -4   -8   14   -2  -28  -12   18   22  -22  -18   12   28    2  -14    8    4    8    4    2  -14   12   28  -22  -18
     4   -34    2   24    8  -22   -6   32   -4   32   -4  -22   -6   24    8  -34    2   -2   34   -8  -24    6   22    4  -32    4  -32    6   22   -8  -24   -2   34
     5     0   28   -6  -22    8   24   -2  -30   -2  -30    8   24   -6  -22    0   28  -28    0   22    6  -24   -8   30    2   30    2  -24   -8   22    6  -28    0
     6    18  -14  -16   12   38   10  -40   -8  -40   -8   38   10  -16   12   18  -14   14  -18  -12   16  -10  -38    8   40    8   40  -10  -38  -12   16   14  -18
     7   -22   20   -4    6   28   18   -2  -44   -2  -44   28   18   -4    6  -22   20  -20   22   -6    4  -18  -28   44    2   44    2  -18  -28   -6    4  -20   22
     8     9  -33    5   19   11   -3  -25   17  -25   17   11   -3    5   19    9  -33   33   -9  -19   -5    3  -11  -17   25  -17   25    3  -11  -19   -5   33   -9
     9     0   14  -14    0   26   12  -12  -26  -12  -26   26   12  -14    0    0   14  -14    0    0   14  -12  -26   26   12   26   12  -12  -26    0   14  -14    0
    10     0   20  -14   -6   -8  -16   22    2   22    2   -8  -16  -14   -6    0   20  -20    0    6   14   16    8   -2  -22   -2  -22   16    8    6   14  -20    0
    11    13  -15    9   -7   -1   15  -21    7  -21    7   -1   15    9   -7   13  -15   15  -13    7   -9  -15    1   -7   21   -7   21  -15    1    7   -9   15  -13
    12    30    8  -22  -16    4   -2  -12   10  -12   10    4   -2  -22  -16   30    8   -8  -30   16   22    2   -4  -10   12  -10   12    2   -4   16   22   -8  -30
    13     9   -9  -15   15   -9  -39   15   33   15   33   -9  -39  -15   15    9   -9    9   -9  -15   15   39    9  -33  -15  -33  -15   39    9  -15   15    9   -9
    14     1    1    1   -3   17   21  -19  -19  -19  -19   17   21    1   -3    1    1   -1   -1    3   -1  -21  -17   19   19   19   19  -21  -17    3   -1   -1   -1

  --- DBR Window 6' : Beta trace (backward, data read in reverse) ---
  Step      S0     S1     S2     S3     S4     S5     S6     S7
     0      25     23     45     23     45     23     25     23
     1      50     60     70     92     48     70     40     58
     2      89     87     79     71    103    111     99    101
     3      96    102    118    114    116    126    104     98
     4     126    126    140    136    162    152    120    118
     5     191    161    155    161    163    163    147    169
     6     191    199    189    191    193    191    197    183
     7     213    221    213    211    203    221    213    215
     8     234    228    248    248    260    256    232    232
     9     262    284    264    276    278    262    278    256
    10     304    312    286    292    306    306    292    290
    11     318    350    334    324    322    324    332    334
    12     346    340    344    346    360    362    342    336
    13     365    371    379    361    355    381    373    367
    14     395    383    377    389    373    383    403    385
  Final beta_init for BR:    395    383    377    389    373    383    403    385

  --- BR Window 4 : Beta init ---
     369    355    367    383    371    387    361    353

  --- BR Window 4 : Beta trace (pre-ACS, for LLR compute) ---
  Read order: step 14 down to 0
  Iter RdStep      S0     S1     S2     S3     S4     S5     S6     S7
     0     14     369    355    367    383    371    387    361    353
     1     13     385    381    381    377    383    391    389    407
     2     12     408    410    394    400    408    424    410    414
     3     11     439    427    421    417    427    433    453    427
     4     10     469    471    481    463    459    445    469    451
     5      9     482    494    504    482    494    476    476    474
     6      8    -508   -506   -512   -512    510   -512    506    508
     7      7    -503   -483   -493   -501   -495   -495   -497   -487
     8      6    -469   -477   -479   -483   -477   -481   -461   -469
     9      5    -443   -451   -455   -447   -451   -459   -463   -455
    10      4    -437   -425   -427   -423   -423   -427   -441   -421
    11      3    -384   -410   -414   -412   -400   -410   -382   -396
    12      2    -361   -347   -385   -385   -395   -395   -375   -375
    13      1    -368   -372   -336   -356   -354   -334   -346   -354
    14      0    -312   -328   -328   -292   -332   -328   -300   -316

##############################################################################
# SLOT 5  |  FR=W6 , BR=W5 , DBR=W7'
##############################################################################

  --- FR Window 6 : Alpha (state metrics after ACS) ---
  Step      S0     S1     S2     S3     S4     S5     S6     S7
     0    -114   -116   -134   -136   -114   -108   -126   -136
     1     -95    -99    -93   -105   -105    -89   -103    -95
     2     -89    -77    -83    -85    -85    -87    -81    -83
     3     -53    -69    -73    -55    -33    -55    -63    -39
     4     -25    -11    -45    -25    -35    -29    -27     -5
     5     -13     -1      3     -5     13     -5     -3     19
     6      14     30     30     34     48     30     14     58
     7      36     58     56     56     50     82     54     68
     8      66     90     80     82     64    110     86     84
     9     109     99    103    137     95    101    107    115
    10     175    121    125    139    157    131    139    125
    11     182    152    188    152    162    162    168    172
    12     199    187    201    181    191    197    211    211
    13     222    216    226    246    228    224    218    244
    14     269    267    247    247    265    273    271    247

  --- FR Window 6 : Gamma R4 BMs ---
     0   -18   18    6   -6   -2   10   14  -22   14  -22   -2   10    6   -6  -18   18  -18   18    6   -6  -10    2   22  -14   22  -14  -10    2    6   -6  -18   18
     1   -11   21    9  -19  -19    9   21  -11   21  -11  -19    9    9  -19  -11   21  -21   11   19   -9   -9   19   11  -21   11  -21   -9   19   19   -9  -21   11
     2     4   10   -6   -8   10   12   -8  -14   -8  -14   10   12   -6   -8    4   10  -10   -4    8    6  -12  -10   14    8   14    8  -12  -10    8    6  -10   -4
     3   -44   -6   30   20    2   12   12  -26   12  -26    2   12   30   20  -44   -6    6   44  -20  -30  -12   -2   26  -12   26  -12  -12   -2  -20  -30    6   44
     4   -34    0    4   30   22   -4    8  -26    8  -26   22   -4    4   30  -34    0    0   34  -30   -4    4  -22   26   -8   26   -8    4  -22  -30   -4    0   34
     5   -24   -2   30   -4   -6   28    0  -22    0  -22   -6   28   30   -4  -24   -2    2   24    4  -30  -28    6   22    0   22    0  -28    6    4  -30    2   24
     6    21   15    9  -45  -19   35  -11   -5  -11   -5  -19   35    9  -45   21   15  -15  -21   45   -9  -35   19    5   11    5   11  -35   19   45   -9  -15  -21
     7    22   -2    0  -20    2   22  -24    0  -24    0    2   22    0  -20   22   -2    2  -22   20    0  -22   -2    0   24    0   24  -22   -2   20    0    2  -22
     8    -6    8   -2    0  -28  -30   36   22   36   22  -28  -30   -2    0   -6    8   -8    6    0    2   30   28  -22  -36  -22  -36   30   28    0    2   -8    6
     9     1  -29    1   27   15  -11  -17   13  -17   13   15  -11    1   27    1  -29   29   -1  -27   -1   11  -15  -13   17  -13   17   11  -15  -27   -1   29   -1
    10   -10   -8  -20   38   22  -36    8    6    8    6   22  -36  -20   38  -10   -8    8   10  -38   20   36  -22   -6   -8   -6   -8   36  -22  -38   20    8   10
    11     7   13   -5  -15  -15   -5   13    7   13    7  -15   -5   -5  -15    7   13  -13   -7   15    5    5   15   -7  -13   -7  -13    5   15   15    5  -13   -7
    12   -39    9   11   19    9    1   19  -29   19  -29    9    1   11   19  -39    9   -9   39  -19  -11   -1   -9   29  -19   29  -19   -1   -9  -19  -11   -9   39
    13    17   35  -47   -5   25  -17    5  -13    5  -13   25  -17  -47   -5   17   35  -35  -17    5   47   17  -25   13   -5   13   -5   17  -25    5   47  -35  -17
    14    -3   -1  -19   23   -3  -45   25   23   25   23   -3  -45  -19   23   -3   -1    1    3  -23   19   45    3  -23  -25  -23  -25   45    3  -23   19    1    3

  --- DBR Window 7' : Beta trace (backward, data read in reverse) ---
  Step      S0     S1     S2     S3     S4     S5     S6     S7
     0      16     22     22     16     22     16     16     22
     1      58     62     36     40     36     40     58     62
     2      54     66     70     82     76     64     80     68
     3      95    105     85     81     91    109     79     97
     4     122    112    110    122    116    142    152    118
     5     159    153    147    165    147    155    149    153
     6     161    169    173    169    179    175    167    175
     7     183    179    193    201    199    197    179    177
     8     205    225    219    231    199    209    217    243
     9     248    232    230    246    254    238    254    248
    10     270    272    256    258    246    256    254    266
    11     282    278    282    278    298    284    284    276
    12     292    304    302    330    302    308    288    300
    13     321    327    337    323    375    333    319    325
    14     356    368    408    376    358    358    346    350
  Final beta_init for BR:    356    368    408    376    358    358    346    350

  --- BR Window 5 : Beta init ---
     395    383    377    389    373    383    403    385

  --- BR Window 5 : Beta trace (pre-ACS, for LLR compute) ---
  Read order: step 14 down to 0
  Iter RdStep      S0     S1     S2     S3     S4     S5     S6     S7
     0     14     395    383    377    389    373    383    403    385
     1     13     422    422    396    398    400    404    402    402
     2     12     431    429    441    437    443    417    437    455
     3     11     461    451    459    465    471    477    467    445
     4     10     486    488    478    474    474    478    478    498
     5      9     500    506    494    488    504   -512    510    498
     6      8    -488   -502   -504   -506   -492   -506   -486   -500
     7      7    -459   -461   -483   -469   -491   -487   -467   -481
     8      6    -423   -439   -455   -453   -433   -443   -443   -449
     9      5    -405   -403   -417   -411   -401   -429   -435   -403
    10      4    -405   -377   -379   -393   -381   -379   -399   -383
    11      3    -347   -347   -381   -377   -369   -357   -345   -349
    12      2    -329   -325   -343   -341   -333   -321   -349   -353
    13      1    -316   -318   -314   -310   -310   -292   -288   -306
    14      0    -285   -271   -275   -285   -279   -289   -281   -275

##############################################################################
# SLOT 6  |  FR=W7 , BR=W6 , DBR=W8'
##############################################################################

  --- FR Window 7 : Alpha (state metrics after ACS) ---
  Step      S0     S1     S2     S3     S4     S5     S6     S7
     0     294    290    288    278    280    298    272    298
     1     333    319    299    325    315    323    303    323
     2     343    329    341    345    357    333    337    355
     3     353    383    367    363    351    365    371    365
     4     391    381    375    375    401    387    373    383
     5     392    402    420    406    386    416    404    412
     6     444    416    430    454    440    424    422    448
     7     476    460    450    446    476    464    454    446
     8     472    486    478    490    470    476    488    496
     9    -507    503    495   -497    507    495    503    499
    10    -504   -492   -460   -502   -500   -478   -464   -504
    11    -451   -457   -447   -451   -463   -449   -455   -457
    12    -427   -449   -433   -425   -433   -449   -435   -437
    13    -385   -397   -409   -393   -407   -417   -413   -419
    14    -369   -385   -387   -397   -377   -397   -375   -401

  --- FR Window 7 : Gamma R4 BMs ---
     0     7   27   -1  -33  -25    7   19   -1   19   -1  -25    7   -1  -33    7   27  -27   -7   33    1   -7   25    1  -19    1  -19   -7   25   33    1  -27   -7
     1   -25  -19   45   -1  -25   21    5   -1    5   -1  -25   21   45   -1  -25  -19   19   25    1  -45  -21   25    1   -5    1   -5  -21   25    1  -45   19   25
     2    10   22  -32    0   14  -18    8   -4    8   -4   14  -18  -32    0   10   22  -22  -10    0   32   18  -14    4   -8    4   -8   18  -14    0   32  -22  -10
     3   -10    8   -6    8   26   12  -10  -28  -10  -28   26   12   -6    8  -10    8   -8   10   -8    6  -12  -26   28   10   28   10  -12  -26   -8    6   -8   10
     4   -18    8    0   10    8   -2   10  -16   10  -16    8   -2    0   10  -18    8   -8   18  -10    0    2   -8   16  -10   16  -10    2   -8  -10    0   -8   18
     5    -5   11    5  -11  -29  -13   29   13   29   13  -29  -13    5  -11   -5   11  -11    5   11   -5   13   29  -13  -29  -13  -29   13   29   11   -5  -11    5
     6    10   42  -32  -20   10   -2   12  -20   12  -20   10   -2  -32  -20   10   42  -42  -10   20   32    2  -10   20  -12   20  -12    2  -10   20   32  -42  -10
     7     4   -4  -22   22   20  -24   -2    6   -2    6   20  -24  -22   22    4   -4    4   -4  -22   22   24  -20   -6    2   -6    2   24  -20  -22   22    4   -4
     8    -4   10   14  -20  -12   22    2  -12    2  -12  -12   22   14  -20   -4   10  -10    4   20  -14  -22   12   12   -2   12   -2  -22   12   20  -14  -10    4
     9     9   31  -11  -29  -13    5   15   -7   15   -7  -13    5  -11  -29    9   31  -31   -9   29   11   -5   13    7  -15    7  -15   -5   13   29   11  -31   -9
    10   -21   17   15  -11   11   37   -5  -43   -5  -43   11   37   15  -11  -21   17  -17   21   11  -15  -37  -11   43    5   43    5  -37  -11   11  -15  -17   21
    11   -29   -7    9   27   13   -5    7  -15    7  -15   13   -5    9   27  -29   -7    7   29  -27   -9    5  -13   15   -7   15   -7    5  -13  -27   -9    7   29
    12    -4  -18   -2   24   14  -12   -8    6   -8    6   14  -12   -2   24   -4  -18   18    4  -24    2   12  -14   -6    8   -6    8   12  -14  -24    2   18    4
    13    42  -10  -18  -14  -12  -16  -12   40  -12   40  -12  -16  -18  -14   42  -10   10  -42   14   18   16   12  -40   12  -40   12   16   12   14   18   10  -42
    14    16   -2  -16    2   22    4  -22   -4  -22   -4   22    4  -16    2   16   -2    2  -16   -2   16   -4  -22    4   22    4   22   -4  -22   -2   16    2  -16

  --- DBR Window 8' : Beta trace (backward, data read in reverse) ---
  Step      S0     S1     S2     S3     S4     S5     S6     S7
     0      11     11     13     13     13     13     11     11
     1      48     46     28     28     30     30     46     44
     2      74     66     68     72     64     90     58     50
     3      78     90     98     90     96     92     98     86
     4     113    105    113    127    113    119    107     95
     5     148    142    132    132    134    146    136    154
     6     163    157    169    165    157    175    173    177
     7     198    212    190    192    192    194    200    232
     8     207    207    207    201    247    235    223    223
     9     257    247    265    239    241    239    239    259
    10     277    283    277    275    271    293    259    265
    11     305    303    295    301    295    295    303    301
    12     328    310    318    318    324    310    324    318
    13     348    368    346    332    340    326    336    358
    14     375    357    395    367    379    389    393    377
  Final beta_init for BR:    375    357    395    367    379    389    393    377

  --- BR Window 6 : Beta init ---
     356    368    408    376    358    358    346    350

  --- BR Window 6 : Beta trace (pre-ACS, for LLR compute) ---
  Read order: step 14 down to 0
  Iter RdStep      S0     S1     S2     S3     S4     S5     S6     S7
     0     14     356    368    408    376    358    358    346    350
     1     13     433    431    405    379    403    399    393    391
     2     12     450    468    430    450    456    438    436    418
     3     11     465    495    461    469    477    469    487    459
     4     10     480    478    492    502    480    490    508    502
     5      9     502    500   -480   -506   -498   -484    510   -512
     6      8    -469   -467   -465   -491   -473   -479   -483   -467
     7      7    -429   -443   -453   -455   -449   -451   -431   -445
     8      6    -407   -407   -429   -431   -425   -421   -433   -427
     9      5    -386   -392   -380   -394   -382   -372   -410   -410
    10      4    -380   -358   -356   -352   -364   -364   -350   -372
    11      3    -324   -330   -334   -350   -336   -322   -338   -338
    12      2    -312   -292   -294   -304   -320   -318   -296   -294
    13      1    -282   -288   -284   -282   -282   -280   -300   -294
    14      0    -263   -261   -263   -275   -273   -261   -267   -261

##############################################################################
# SLOT 7  |  FR=W8 , BR=W7 , DBR=W9'
##############################################################################

  --- FR Window 8 : Alpha (state metrics after ACS) ---
  Step      S0     S1     S2     S3     S4     S5     S6     S7
     0    -340   -376   -376   -330   -334   -376   -376   -340
     1    -336   -342   -314   -300   -322   -340   -316   -312
     2    -313   -297   -293   -293   -291   -305   -285   -299
     3    -271   -287   -289   -257   -263   -285   -291   -267
     4    -247   -249   -269   -263   -223   -231   -257   -251
     5    -237   -199   -231   -205   -237   -227   -225   -205
     6    -190   -210   -194   -196   -202   -200   -194   -214
     7    -167   -165   -161   -171   -155   -169   -165   -159
     8    -140   -134   -136   -134   -142   -140   -142   -136
     9    -115   -123   -117   -121   -105   -101    -99   -107
    10     -94    -72    -92    -82   -100    -84   -100    -88
    11     -66    -78    -76    -68    -46    -82    -76    -62
    12     -56    -38    -24    -26    -56    -42    -38    -26
    13      -7      7     -5    -25    -21    -23     -9     -3
    14       8    -10      0     -8     14      8     18      4

  --- FR Window 8 : Gamma R4 BMs ---
     0   -17  -35   47    5  -21   21   -9    9   -9    9  -21   21   47    5  -17  -35   35   17   -5  -47  -21   21   -9    9   -9    9  -21   21   -5  -47   35   17
     1   -10   40   -8  -22   -8    6   26  -24   26  -24   -8    6   -8  -22  -10   40  -40   10   22    8   -6    8   24  -26   24  -26   -6    8   22    8  -40   10
     2    23    1   -1  -23  -15    7   -7   15   -7   15  -15    7   -1  -23   23    1   -1  -23   23    1   -7   15  -15    7  -15    7   -7   15   23    1   -1  -23
     3    28   26  -30  -24    4   -2   -2    0   -2    0    4   -2  -30  -24   28   26  -26  -28   24   30    2   -4    0    2    0    2    2   -4   24   30  -26  -28
     4    20    4  -34   10   12  -32    2   18    2   18   12  -32  -34   10   20    4   -4  -20  -10   34   32  -12  -18   -2  -18   -2   32  -12  -10   34   -4  -20
     5    10  -10   18  -18   -4   32  -24   -4  -24   -4   -4   32   18  -18   10  -10   10  -10   18  -18  -32    4    4   24    4   24  -32    4   18  -18   10  -10
     6     9    9   -3  -15   -1   11   -5   -5   -5   -5   -1   11   -3  -15    9    9   -9   -9   15    3  -11    1    5    5    5    5  -11    1   15    3   -9   -9
     7   -55   -1   27   29   -1   -3   29  -25   29  -25   -1   -3   27   29  -55   -1    1   55  -29  -27    3    1   25  -29   25  -29    3    1  -29  -27    1   55
     8   -23    5   21   -3  -29   -5   31    3   31    3  -29   -5   21   -3  -23    5   -5   23    3  -21    5   29   -3  -31   -3  -31    5   29    3  -21   -5   23
     9     9  -35    7   19   19    7  -35    9  -35    9   19    7    7   19    9  -35   35   -9  -19   -7   -7  -19   -9   35   -9   35   -7  -19  -19   -7   35   -9
    10    -9    3   23  -17  -11   29   -3  -15   -3  -15  -11   29   23  -17   -9    3   -3    9   17  -23  -29   11   15    3   15    3  -29   11   17  -23   -3    9
    11   -26  -14   24   16   -2    6    4   -8    4   -8   -2    6   24   16  -26  -14   14   26  -16  -24   -6    2    8   -4    8   -4   -6    2  -16  -24   14   26
    12    -4    4   20  -20    4   44  -20  -28  -20  -28    4   44   20  -20   -4    4   -4    4   20  -20  -44   -4   28   20   28   20  -44   -4   20  -20   -4    4
    13     1  -35   17   17  -15  -15   -3   33   -3   33  -15  -15   17   17    1  -35   35   -1  -17  -17   15   15  -33    3  -33    3   15   15  -17  -17   35   -1
    14    -7  -11   13    5    5   13  -11   -7  -11   -7    5   13   13    5   -7  -11   11    7   -5  -13  -13   -5    7   11    7   11  -13   -5   -5  -13   11    7

  --- DBR Window 9' : Beta trace (backward, data read in reverse) ---
  Step      S0     S1     S2     S3     S4     S5     S6     S7
     0      33     17     39     23     39     23     33     17
     1      48     52     54     58     44     48     26     30
     2      74     66     60     84     82     94     72     60
     3      85     83    117     99     99    121     95     93
     4     109    113    123    141    117    133    125    129
     5     152    144    144    130    144    162    160    156
     6     183    171    179    187    181    189    183    169
     7     205    195    217    223    221    215    211    201
     8     246    230    254    242    234    222    264    236
     9     271    279    277    279    273    249    273    251
    10     297    301    295    293    285    301    283    303
    11     314    304    304    306    322    312    310    310
    12     337    319    335    331    327    333    325    319
    13     351    349    339    347    347    339    345    343
    14     360    384    386    366    382    362    358    380
  Final beta_init for BR:    360    384    386    366    382    362    358    380

  --- BR Window 7 : Beta init ---
     375    357    395    367    379    389    393    377

  --- BR Window 7 : Beta trace (pre-ACS, for LLR compute) ---
  Read order: step 14 down to 0
  Iter RdStep      S0     S1     S2     S3     S4     S5     S6     S7
     0     14     375    357    395    367    379    389    393    377
     1     13     397    415    417    399    385    393    393    411
     2     12     439    457    409    405    425    429    441    455
     3     11     443    449    453    463    471    457    473    463
     4     10     488    500    478    470    472    490    472    492
     5      9    -509    505    503   -509    511   -487   -491   -511
     6      8    -484   -478   -484   -478   -482   -474   -480   -478
     7      7    -468   -474   -462   -462   -458   -456   -462   -468
     8      6    -454   -456   -438   -436   -432   -440   -458   -454
     9      5    -426   -412   -412   -400   -434   -422   -420   -394
    10      4    -383   -399   -407   -391   -383   -393   -383   -389
    11      3    -367   -365   -381   -373   -391   -381   -377   -371
    12      2    -349   -359   -355   -359   -339   -353   -353   -361
    13      1    -339   -327   -335   -307   -335   -329   -349   -337
    14      0    -316   -310   -294   -314   -262   -304   -318   -312

##############################################################################
# SLOT 8  |  FR=W9 , BR=W8 , DBR=W10'
##############################################################################

  --- FR Window 9 : Alpha (state metrics after ACS) ---
  Step      S0     S1     S2     S3     S4     S5     S6     S7
     0      35     27     17     49     27     33     23     41
     1      49     49     41     53     69     41     49     53
     2      62     68     64     90     64     62     74     78
     3      79     87    101     91     87     87    101     83
     4     113    107    111    109    103    109    123    125
     5     142    146    128    134    150    140    124    160
     6     183    173    159    173    161    175    161    183
     7     193    219    217    195    185    195    205    195
     8     238    244    232    214    232    222    236    208
     9     247    253    253    243    271    263    265    235
    10     265    287    267    283    277    275    261    295
    11     296    298    306    304    302    302    310    312
    12     340    330    316    338    320    336    340    334
    13     343    347    349    343    349    361    363    349
    14     364    396    376    376    366    388    388    384

  --- FR Window 9 : Gamma R4 BMs ---
     0   -37  -13   35   15   -7   13    9  -15    9  -15   -7   13   35   15  -37  -13   13   37  -15  -35  -13    7   15   -9   15   -9  -13    7  -15  -35   13   37
     1    14   12  -20   -6    0  -14    6    8    6    8    0  -14  -20   -6   14   12  -12  -14    6   20   14    0   -8   -6   -8   -6   14    0    6   20  -12  -14
     2     3  -15   21   -9  -21    9   -3   15   -3   15  -21    9   21   -9    3  -15   15   -3    9  -21   -9   21  -15    3  -15    3   -9   21    9  -21   15   -3
     3    17   -1    3  -19  -11   11   -9    9   -9    9  -11   11    3  -19   17   -1    1  -17   19   -3  -11   11   -9    9   -9    9  -11   11   19   -3    1  -17
     4    -4  -24    6   22   -6  -22    4   24    4   24   -6  -22    6   22   -4  -24   24    4  -22   -6   22    6  -24   -4  -24   -4   22    6  -22   -6   24    4
     5    -1  -37   31    7  -15    9  -15   21  -15   21  -15    9   31    7   -1  -37   37    1   -7  -31   -9   15  -21   15  -21   15   -9   15   -7  -31   37    1
     6    41   13  -21  -33   -5    7  -15   13  -15   13   -5    7  -21  -33   41   13  -13  -41   33   21   -7    5  -13   15  -13   15   -7    5   33   21  -13  -41
     7   -12   -2   34  -20  -10   44  -12  -22  -12  -22  -10   44   34  -20  -12   -2    2   12   20  -34  -44   10   22   12   22   12  -44   10   20  -34    2   12
     8   -13   19    1   -7  -27  -19   39    7   39    7  -27  -19    1   -7  -13   19  -19   13    7   -1   19   27   -7  -39   -7  -39   19   27    7   -1  -19   13
     9   -27    3    3   21   21    3    3  -27    3  -27   21    3    3   21  -27    3   -3   27  -21   -3   -3  -21   27   -3   27   -3   -3  -21  -21   -3   -3   27
    10     8    4   12  -24  -12   24   -8   -4   -8   -4  -12   24   12  -24    8    4   -4   -8   24  -12  -24   12    4    8    4    8  -24   12   24  -12   -4   -8
    11    11    9   15  -35  -27   23    1    3    1    3  -27   23   15  -35   11    9   -9  -11   35  -15  -23   27   -3   -1   -3   -1  -23   27   35  -15   -9  -11
    12   -22  -10   -4   36    6  -34   20    8   20    8    6  -34   -4   36  -22  -10   10   22  -36    4   34   -6   -8  -20   -8  -20   34   -6  -36    4   10   22
    13     3   -9   21  -15  -25   11    1   13    1   13  -25   11   21  -15    3   -9    9   -3   15  -21  -11   25  -13   -1  -13   -1  -11   25   15  -21    9   -3
    14    -9   17  -23   15   -1  -39   33    7   33    7   -1  -39  -23   15   -9   17  -17    9  -15   23   39    1   -7  -33   -7  -33   39    1  -15   23  -17    9

  --- DBR Window 10' : Beta trace (backward, data read in reverse) ---
  Step      S0     S1     S2     S3     S4     S5     S6     S7
     0      34     38     16     20     16     20     34     38
     1      47     39     87     63     73     61     69     61
     2      87     73     91     99     73     65     77     79
     3     100    102    104    104    116     92    100     98
     4     133    129    135    151    131    149    125    111
     5     160    150    152    150    176    156    154    168
     6     180    194    182    182    172    180    182    186
     7     202    200    202    192    200    206    214    204
     8     239    223    227    219    225    223    231    215
     9     257    255    245    241    225    237    237    247
    10     262    266    272    256    256    254    266    276
    11     278    280    284    282    278    276    284    300
    12     313    307    295    295    293    293    309    329
    13     326    318    332    320    334    332    332    340
    14     358    356    364    350    350    340    358    356
  Final beta_init for BR:    358    356    364    350    350    340    358    356

  --- BR Window 8 : Beta init ---
     360    384    386    366    382    362    358    380

  --- BR Window 8 : Beta trace (pre-ACS, for LLR compute) ---
  Read order: step 14 down to 0
  Iter RdStep      S0     S1     S2     S3     S4     S5     S6     S7
     0     14     360    384    386    366    382    362    358    380
     1     13     393    389    391    399    389    397    391    387
     2     12     424    424    410    410    416    416    422    422
     3     11     450    442    444    454    442    468    444    436
     4     10     456    468    474    466    478    470    476    464
     5      9     491    487    495    503    489    497    485    473
     6      8    -500   -504   -510    510    510   -502   -512   -492
     7      7    -479   -491   -479   -483   -489   -473   -473   -469
     8      6    -448   -434   -452   -450   -456   -454   -448   -414
     9      5    -439   -439   -441   -441   -399   -411   -423   -423
    10      4    -389   -399   -381   -409   -405   -407   -407   -387
    11      3    -369   -363   -369   -371   -375   -353   -389   -381
    12      2    -341   -343   -351   -345   -351   -351   -343   -345
    13      1    -318   -336   -328   -328   -322   -336   -322   -328
    14      0    -298   -278   -300   -314   -306   -320   -310   -288

##############################################################################
# SLOT 9  |  FR=W10 , BR=W9 , DBR=W11'
##############################################################################

  --- FR Window 10 : Alpha (state metrics after ACS) ---
  Step      S0     S1     S2     S3     S4     S5     S6     S7
     0     390    406    408    402    404    414    420    394
     1     427    439    427    423    417    437    415    423
     2     446    444    456    448    468    448    438    452
     3     478    466    458    490    468    458    458    476
     4     489    497    489    483    497    479    507    477
     5     507    497    507   -499    505    501   -503   -501
     6    -502   -494   -490   -482   -480   -478   -492   -504
     7    -474   -472   -482   -482   -462   -460   -470   -458
     8    -460   -430   -452   -440   -454   -444   -448   -440
     9    -413   -423   -425   -423   -421   -427   -425   -425
    10    -398   -380   -376   -394   -406   -392   -380   -402
    11    -359   -371   -369   -379   -359   -365   -367   -379
    12    -355   -353   -359   -363   -357   -351   -343   -347
    13    -334   -312   -324   -322   -340   -304   -306   -328
    14    -302   -292   -308   -284   -274   -272   -300   -290

  --- FR Window 10 : Gamma R4 BMs ---
     0    -8   -6    0   14   32   18  -24  -26  -24  -26   32   18    0   14   -8   -6    6    8  -14    0  -18  -32   26   24   26   24  -18  -32  -14    0    6    8
     1   -11   -3   19   -5    1   25   -9  -17   -9  -17    1   25   19   -5  -11   -3    3   11    5  -19  -25   -1   17    9   17    9  -25   -1    5  -19    3   11
     2   -29    7   11   11  -11  -11   29   -7   29   -7  -11  -11   11   11  -29    7   -7   29  -11  -11   11   11    7  -29    7  -29   11   11  -11  -11   -7   29
     3   -24   -8   22   10   -2   10    4  -12    4  -12   -2   10   22   10  -24   -8    8   24  -10  -22  -10    2   12   -4   12   -4  -10    2  -10  -22    8   24
     4     5  -19   15   -1  -17   -1   -3   21   -3   21  -17   -1   15   -1    5  -19   19   -5    1  -15    1   17  -21    3  -21    3    1   17    1  -15   19   -5
     5    18  -16    6   -8    0   14  -24   10  -24   10    0   14    6   -8   18  -16   16  -18    8   -6  -14    0  -10   24  -10   24  -14    0    8   -6   16  -18
     6     3   19  -19   -3   25    9   -9  -25   -9  -25   25    9  -19   -3    3   19  -19   -3    3   19   -9  -25   25    9   25    9   -9  -25    3   19  -19   -3
     7    10   20  -20  -10  -10  -20   20   10   20   10  -10  -20  -20  -10   10   20  -20  -10   10   20   20   10  -10  -20  -10  -20   20   10   10   20  -20  -10
     8   -18    0   22   -4    4   30   -8  -26   -8  -26    4   30   22   -4  -18    0    0   18    4  -22  -30   -4   26    8   26    8  -30   -4    4  -22    0   18
     9    -3   17  -19    5   -3  -27   25    5   25    5   -3  -27  -19    5   -3   17  -17    3   -5   19   27    3   -5  -25   -5  -25   27    3   -5   19  -17    3
    10   -13    5   27  -19    1   47  -15  -33  -15  -33    1   47   27  -19  -13    5   -5   13   19  -27  -47   -1   33   15   33   15  -47   -1   19  -27   -5   13
    11     1   -1   17  -17  -27    7    9   11    9   11  -27    7   17  -17    1   -1    1   -1   17  -17   -7   27  -11   -9  -11   -9   -7   27   17  -17    1   -1
    12     0   16   -4  -12    4   12    0  -16    0  -16    4   12   -4  -12    0   16  -16    0   12    4  -12   -4   16    0   16    0  -12   -4   12    4  -16    0
    13    -7    1  -23   29   -1  -53   31   23   31   23   -1  -53  -23   29   -7    1   -1    7  -29   23   53    1  -23  -31  -23  -31   53    1  -29   23   -1    7
    14   -38    2   16   20   16   12    6  -34    6  -34   16   12   16   20  -38    2   -2   38  -20  -16  -12  -16   34   -6   34   -6  -12  -16  -20  -16   -2   38

  --- DBR Window 11' : Beta trace (backward, data read in reverse) ---
  Step      S0     S1     S2     S3     S4     S5     S6     S7
     0      11     17     21     15     21     15     11     17
     1      25     23     37     35     33     31     29     27
     2      40     36     58     64     46     58     50     46
     3      69     77     73     95     97     73     69     85
     4     117     95     83     97     95    113    105     87
     5     113    123    123    117    111    117    121    103
     6     142    154    134    138    130    130    138    158
     7     162    178    148    162    168    182    176    170
     8     187    197    197    189    203    189    201    199
     9     222    222    230    208    230    208    210    210
    10     244    238    238    244    236    230    236    228
    11     269    261    255    271    255    271    263    261
    12     295    281    287    291    289    293    301    287
    13     314    316    314    322    308    318    306    308
    14     342    326    336    342    338    344    354    334
  Final beta_init for BR:    342    326    336    342    338    344    354    334

  --- BR Window 9 : Beta init ---
     358    356    364    350    350    340    358    356

  --- BR Window 9 : Beta trace (pre-ACS, for LLR compute) ---
  Read order: step 14 down to 0
  Iter RdStep      S0     S1     S2     S3     S4     S5     S6     S7
     0     14     358    356    364    350    350    340    358    356
     1     13     397    375    397    373    379    379    389    367
     2     12     400    410    418    414    394    404    376    388
     3     11     438    426    424    436    438    450    430    418
     4     10     449    447    473    457    453    477    447    449
     5      9     465    469    477    497    473    489    481    485
     6      8     508    500    498    486    500   -506   -508   -512
     7      7    -487   -497   -489   -481   -487   -479   -485   -499
     8      6    -463   -473   -453   -445   -447   -453   -457   -467
     9      5    -422   -440   -414   -426   -434   -446   -404   -432
    10      4    -397   -389   -391   -389   -395   -419   -395   -419
    11      3    -371   -367   -373   -375   -383   -367   -385   -365
    12      2    -354   -364   -364   -362   -346   -356   -358   -358
    13      1    -331   -349   -333   -337   -341   -335   -343   -349
    14      0    -317   -319   -329   -321   -321   -329   -323   -325

##############################################################################
# SLOT 10  |  FR=W11 , BR=W10 , DBR=W12'
##############################################################################

  --- FR Window 11 : Alpha (state metrics after ACS) ---
  Step      S0     S1     S2     S3     S4     S5     S6     S7
     0    -280   -244   -256   -272   -282   -264   -266   -270
     1    -245   -255   -229   -237   -231   -253   -229   -251
     2    -211   -225   -229   -213   -205   -223   -221   -189
     3    -208   -190   -180   -172   -212   -184   -178   -178
     4    -150   -164   -172   -162   -158   -184   -152   -170
     5    -143   -125   -139   -159   -143   -131   -129   -145
     6    -120   -106   -120   -104    -96   -118   -118   -116
     7    -100    -82    -76    -90   -102    -76    -66    -88
     8     -41    -55    -69    -47    -53    -45    -79    -49
     9     -47    -43    -31    -43    -43    -41    -33    -37
    10     -25    -27    -21    -23    -27    -25    -23    -13
    11      12     12     14      6     -2     14      0      0
    12      27     19     35     19     37     13     29     45
    13      35     53     51     57     41     55     41     43
    14      72     70     72     62     70     64     66     60

  --- FR Window 11 : Gamma R4 BMs ---
     0   -10   12    2   -4   22   28  -14  -36  -14  -36   22   28    2   -4  -10   12  -12   10    4   -2  -28  -22   36   14   36   14  -28  -22    4   -2  -12   10
     1   -13  -15    1   27   27    1  -15  -13  -15  -13   27    1    1   27  -13  -15   15   13  -27   -1   -1  -27   13   15   13   15   -1  -27  -27   -1   15   13
     2     0  -40   18   22   -4   -8  -14   26  -14   26   -4   -8   18   22    0  -40   40    0  -22  -18    8    4  -26   14  -26   14    8    4  -22  -18   40    0
     3   -11   17   11  -17    5   33   -5  -33   -5  -33    5   33   11  -17  -11   17  -17   11   17  -11  -33   -5   33    5   33    5  -33   -5   17  -11  -17   11
     4    -8    0  -14   22    8  -28   14    6   14    6    8  -28  -14   22   -8    0    0    8  -22   14   28   -8   -6  -14   -6  -14   28   -8  -22   14    0    8
     5    -7   -7   -5   19   33    9  -21  -21  -21  -21   33    9   -5   19   -7   -7    7    7  -19    5   -9  -33   21   21   21   21   -9  -33  -19    5    7    7
     6   -29    5   -3   27    9  -21   23  -11   23  -11    9  -21   -3   27  -29    5   -5   29  -27    3   21   -9   11  -23   11  -23   21   -9  -27    3   -5   29
     7    20  -18    6   -8   14   28  -40   -2  -40   -2   14   28    6   -8   20  -18   18  -20    8   -6  -28  -14    2   40    2   40  -28  -14    8   -6   18  -20
     8     9   41  -27  -23    7    3   11  -21   11  -21    7    3  -27  -23    9   41  -41   -9   23   27   -3   -7   21  -11   21  -11   -3   -7   23   27  -41   -9
     9   -12    6    6    0   -4    2   10   -8   10   -8   -4    2    6    0  -12    6   -6   12    0   -6   -2    4    8  -10    8  -10   -2    4    0   -6   -6   12
    10     2  -20    0   18   10   -8  -12   10  -12   10   10   -8    0   18    2  -20   20   -2  -18    0    8  -10  -10   12  -10   12    8  -10  -18    0   20   -2
    11    -3  -23   33   -7   -3   37  -27   -7  -27   -7   -3   37   33   -7   -3  -23   23    3    7  -33  -37    3    7   27    7   27  -37    3    7  -33   23    3
    12    15   11  -31    5   21  -15   -5   -1   -5   -1   21  -15  -31    5   15   11  -11  -15   -5   31   15  -21    1    5    1    5   15  -21   -5   31  -11  -15
    13     8   12  -14   -6   16    8  -10  -14  -10  -14   16    8  -14   -6    8   12  -12   -8    6   14   -8  -16   14   10   14   10   -8  -16    6   14  -12   -8
    14   -17   -1   21   -3   -9   15    5  -11    5  -11   -9   15   21   -3  -17   -1    1   17    3  -21  -15    9   11   -5   11   -5  -15    9    3  -21    1   17

  --- DBR Window 12' : Beta trace (backward, data read in reverse) ---
  Step      S0     S1     S2     S3     S4     S5     S6     S7
     0      23     25     15     17     15     17     23     25
     1      54     36     40     52     34     46     64     44
     2      81     71     73     75     63     61     73     81
     3      90     98     80     88     78     88     88     98
     4     109    113    117    123    115    141    109    113
     5     129    125    125    141    149    139    143    143
     6     166    146    154    150    150    150    160    144
     7     169    173    207    203    191    193    161    165
     8     209    197    227    229    205    203    219    231
     9     230    236    236    252    256    234    250    244
    10     269    261    267    263    269    251    259    245
    11     280    274    274    280    260    258    274    268
    12     279    275    305    319    299    319    279    281
    13     316    332    320    310    326    350    336    320
    14     336    328    354    372    348    386    348    340
  Final beta_init for BR:    336    328    354    372    348    386    348    340

  --- BR Window 10 : Beta init ---
     342    326    336    342    338    344    354    334

  --- BR Window 10 : Beta trace (pre-ACS, for LLR compute) ---
  Read order: step 14 down to 0
  Iter RdStep      S0     S1     S2     S3     S4     S5     S6     S7
     0     14     342    326    336    342    338    344    354    334
     1     13     388    376    358    362    358    362    378    372
     2     12     389    389    431    417    415    395    407    399
     3     11     431    415    435    443    413    405    417    433
     4     10     444    446    448    444    460    432    444    442
     5      9     477    473    479    495    471    493    465    455
     6      8     504    494    492    490   -504    500    498   -512
     7      7    -500   -486   -498   -502   -508   -500   -498   -494
     8      6    -478   -480   -478   -488   -480   -474   -466   -476
     9      5    -441   -457   -453   -461   -455   -457   -449   -465
    10      4    -423   -425   -435   -439   -455   -443   -443   -433
    11      3    -418   -414   -408   -424   -424   -426   -414   -404
    12      2    -402   -400   -396   -398   -402   -404   -396   -380
    13      1    -367   -373   -385   -385   -387   -387   -371   -351
    14      0    -354   -362   -348   -360   -346   -348   -348   -340

##############################################################################
# SLOT 11  |  FR=W12 , BR=W11 , DBR=W13'
##############################################################################

  --- FR Window 12 : Alpha (state metrics after ACS) ---
  Step      S0     S1     S2     S3     S4     S5     S6     S7
     0      92     82     88     90    100    100     98     98
     1     109    125    109    115    109    131    121    121
     2     154    134    134    170    138    140    140    148
     3     165    155    163    153    181    147    171    151
     4     180    168    168    198    178    166    166    192
     5     203    191    223    205    199    209    195    205
     6     219    219    243    233    243    211    235    247
     7     284    266    242    284    254    254    276    260
     8     293    279    285    279    301    265    291    293
     9     313    309    293    311    305    309    293    311
    10     320    352    354    332    322    336    334    318
    11     369    351    361    343    369    351    361    343
    12     372    398    406    380    388    378    386    380
    13     423    399    417    407    411    397    415    425
    14     446    450    424    438    436    436    424    428

  --- FR Window 12 : Gamma R4 BMs ---
     0     0    8   20  -28  -36   12   16    8   16    8  -36   12   20  -28    0    8   -8    0   28  -20  -12   36   -8  -16   -8  -16  -12   36   28  -20   -8    0
     1    17    1    3  -21  -31   -7   11   27   11   27  -31   -7    3  -21   17    1   -1  -17   21   -3    7   31  -27  -11  -27  -11    7   31   21   -3   -1  -17
     2   -13   -9  -17   39   25  -31    5    1    5    1   25  -31  -17   39  -13   -9    9   13  -39   17   31  -25   -1   -5   -1   -5   31  -25  -39   17    9   13
     3    11    5  -11   -5   -1   -7    1    7    1    7   -1   -7  -11   -5   11    5   -5  -11    5   11    7    1   -7   -1   -7   -1    7    1    5   11   -5  -11
     4     7  -13   17  -11  -13   15  -11    9  -11    9  -13   15   17  -11    7  -13   13   -7   11  -17  -15   13   -9   11   -9   11  -15   13   11  -17   13   -7
     5   -13  -19   27    5    3   25  -17  -11  -17  -11    3   25   27    5  -13  -19   19   13   -5  -27  -25   -3   11   17   11   17  -25   -3   -5  -27   19   13
     6    16   28  -38   -6   20  -12    2  -10    2  -10   20  -12  -38   -6   16   28  -28  -16    6   38   12  -20   10   -2   10   -2   12  -20    6   38  -28  -16
     7   -13  -17   41  -11  -43    9   15   19   15   19  -43    9   41  -11  -13  -17   17   13   11  -41   -9   43  -19  -15  -19  -15   -9   43   11  -41   17   13
     8     3  -17    5    9   -7  -11   -1   19   -1   19   -7  -11    5    9    3  -17   17   -3   -9   -5   11    7  -19    1  -19    1   11    7   -9   -5   17   -3
     9    20   16  -26  -10    8   -8   -2    2   -2    2    8   -8  -26  -10   20   16  -16  -20   10   26    8   -8   -2    2   -2    2    8   -8   10   26  -16  -20
    10    -5   -9   27  -13    3   43  -25  -21  -25  -21    3   43   27  -13   -5   -9    9    5   13  -27  -43   -3   21   25   21   25  -43   -3   13  -27    9    5
    11   -17   17   -7    7    7   -7   17  -17   17  -17    7   -7   -7    7  -17   17  -17   17   -7    7    7   -7   17  -17   17  -17    7   -7   -7    7  -17   17
    12   -37   17   11    9  -11   -9   37  -17   37  -17  -11   -9   11    9  -37   17  -17   37   -9  -11    9   11   17  -37   17  -37    9   11   -9  -11  -17   37
    13    -7  -39   17   29    3   -9  -13   19  -13   19    3   -9   17   29   -7  -39   39    7  -29  -17    9   -3  -19   13  -19   13    9   -3  -29  -17   39    7
    14    23  -13    5  -15  -17    3  -11   25  -11   25  -17    3    5  -15   23  -13   13  -23   15   -5   -3   17  -25   11  -25   11   -3   17   15   -5   13  -23

  --- DBR Window 13' : Beta trace (backward, data read in reverse) ---
  Step      S0     S1     S2     S3     S4     S5     S6     S7
     0      23     37     17     31     17     31     23     37
     1      51     45     37     43     57     63     59     53
     2      72     76     84     78     88     82     80     72
     3     115    103     91     91     93     97     99     95
     4     108    118    128    116    104    114    120    108
     5     136    148    126    130    118    120    144    138
     6     138    136    176    162    158    156    160    158
     7     178    190    180    200    176    160    178    186
     8     196    210    190    200    212    190    218    220
     9     218    218    230    246    238    218    238    226
    10     243    257    263    251    243    279    231    245
    11     274    272    286    284    288    304    286    280
    12     305    293    313    311    305    313    323    303
    13     341    333    343    351    333    341    321    315
    14     371    381    345    355    351    341    361    391
  Final beta_init for BR:    371    381    345    355    351    341    361    391

  --- BR Window 11 : Beta init ---
     336    328    354    372    348    386    348    340

  --- BR Window 11 : Beta trace (pre-ACS, for LLR compute) ---
  Read order: step 14 down to 0
  Iter RdStep      S0     S1     S2     S3     S4     S5     S6     S7
     0     14     336    328    354    372    348    386    348    340
     1     13     359    365    357    369    393    395    397    381
     2     12     411    407    399    407    387    395    409    405
     3     11     426    422    424    418    428    436    422    418
     4     10     451    449    459    461    451    459    443    463
     5      9     471    469    469    469    467    479    483    471
     6      8     491    479    481    487    477    483    487    483
     7      7     508   -492    500    504    506    510    504   -496
     8      6    -496   -480   -510   -496   -478   -464   -478   -474
     9      5    -467   -449   -457   -469   -443   -469   -453   -445
    10      4    -432   -432   -424   -438   -416   -440   -438   -438
    11      3    -410   -408   -410   -402   -412   -416   -418   -426
    12      2    -385   -393   -395   -377   -391   -375   -383   -385
    13      1    -351   -369   -367   -363   -359   -355   -345   -361
    14      0    -332   -330   -340   -324   -342   -336   -342   -340

##############################################################################
# SLOT 12  |  FR=W13 , BR=W12 , DBR=W14'
##############################################################################

  --- FR Window 13 : Alpha (state metrics after ACS) ---
  Step      S0     S1     S2     S3     S4     S5     S6     S7
     0     490    452    474    468    460    446    464    458
     1     486    492   -506    472    494    480    496    470
     2    -497    505    509    503   -481   -509    505   -505
     3    -486   -488   -486   -476   -472   -484   -490   -438
     4    -443   -441   -469   -443   -467   -447   -461   -419
     5    -423   -415   -415   -401   -435   -419   -415   -413
     6    -403   -383   -385   -397   -403   -397   -379   -395
     7    -371   -373   -373   -367   -379   -365   -353   -359
     8    -341   -341   -359   -339   -351   -347   -341   -349
     9    -313   -329   -321   -313   -329   -329   -321   -329
    10    -308   -304   -296   -316   -316   -312   -296   -316
    11    -289   -297   -285   -293   -281   -305   -285   -269
    12    -282   -250   -254   -262   -278   -256   -260   -250
    13    -242   -252   -234   -232   -236   -228   -228   -230
    14    -217   -197   -201   -219   -219   -193   -215   -205

  --- FR Window 13 : Gamma R4 BMs ---
     0    -6   40  -22  -12    0  -10   28  -18   28  -18    0  -10  -22  -12   -6   40  -40    6   12   22   10    0   18  -28   18  -28   10    0   12   22  -40    6
     1   -12   -4   12    4  -28  -20   28   20   28   20  -28  -20   12    4  -12   -4    4   12   -4  -12   20   28  -20  -28  -20  -28   20   28   -4  -12    4   12
     2    -3   19    9  -25   -9   25    3  -19    3  -19   -9   25    9  -25   -3   19  -19    3   25   -9  -25    9   19   -3   19   -3  -25    9   25   -9  -19    3
     3    11   29    3  -43  -25   21   11   -7   11   -7  -25   21    3  -43   11   29  -29  -11   43   -3  -21   25    7  -11    7  -11  -21   25   43   -3  -29  -11
     4   -19   -5   -9   33   17  -25   11   -3   11   -3   17  -25   -9   33  -19   -5    5   19  -33    9   25  -17    3  -11    3  -11   25  -17  -33    9    5   19
     5    -6   18    6  -18  -28   -4   28    4   28    4  -28   -4    6  -18   -6   18  -18    6   18   -6    4   28   -4  -28   -4  -28    4   28   18   -6  -18    6
     6    18  -20   12  -10  -22    0   -8   30   -8   30  -22    0   12  -10   18  -20   20  -18   10  -12    0   22  -30    8  -30    8    0   22   10  -12   20  -18
     7    12  -20   14   -6    4   24  -30    2  -30    2    4   24   14   -6   12  -20   20  -12    6  -14  -24   -4   -2   30   -2   30  -24   -4    6  -14   20  -12
     8    -6   -4  -16   26   10  -32   12   10   12   10   10  -32  -16   26   -6   -4    4    6  -26   16   32  -10  -10  -12  -10  -12   32  -10  -26   16    4    6
     9    28  -12   -6  -10   -2    2  -20   20  -20   20   -2    2   -6  -10   28  -12   12  -28   10    6   -2    2  -20   20  -20   20   -2    2   10    6   12  -28
    10   -13    3   13   -3  -17   -1   17    1   17    1  -17   -1   13   -3  -13    3   -3   13    3  -13    1   17   -1  -17   -1  -17    1   17    3  -13   -3   13
    11     1  -27    7   19    1  -11   -9   19   -9   19    1  -11    7   19    1  -27   27   -1  -19   -7   11   -1  -19    9  -19    9   11   -1  -19   -7   27   -1
    12   -19    7    3    9  -19  -25   35    9   35    9  -19  -25    3    9  -19    7   -7   19   -9   -3   25   19   -9  -35   -9  -35   25   19   -9   -3   -7   19
    13    28    8  -26  -10   20    4  -22   -2  -22   -2   20    4  -26  -10   28    8   -8  -28   10   26   -4  -20    2   22    2   22   -4  -20   10   26   -8  -28
    14     5  -23   17    1   15   31  -37   -9  -37   -9   15   31   17    1    5  -23   23   -5   -1  -17  -31  -15    9   37    9   37  -31  -15   -1  -17   23   -5

  --- DBR Window 14' : Beta trace (backward, data read in reverse) ---
  Step      S0     S1     S2     S3     S4     S5     S6     S7
     0      52     26     34     22     34     22     52     26
     1      77     85     57     51     35     43     47     55
     2      98    106     80     76     68     72     90    134
     3     106    106    120    140    166    122    132    132
     4     177    169    177    159    153    145    149    159
     5     191    191    193    193    175    185    183    187
     6     201    215    225    213    227    215    213    213
     7     228    232    232    232    224    224    218    218
     8     268    250    232    232    238    236    268    254
     9     268    264    286    298    254    262    276    280
    10     301    313    279    315    309    301    311    299
    11     329    315    343    337    333    327    343    333
    12     359    351    363    375    347    375    367    355
    13     378    382    378    378    386    386    394    378
    14     397    391    393    397    385    389    389    385
  Final beta_init for BR:    397    391    393    397    385    389    389    385

  --- BR Window 12 : Beta init ---
     371    381    345    355    351    341    361    391

  --- BR Window 12 : Beta trace (pre-ACS, for LLR compute) ---
  Read order: step 14 down to 0
  Iter RdStep      S0     S1     S2     S3     S4     S5     S6     S7
     0     14     371    381    345    355    351    341    361    391
     1     13     394    372    376    378    406    386    404    406
     2     12     445    417    413    423    395    407    445    413
     3     11     462    462    456    456    434    432    454    450
     4     10     473    479    463    469    469    463    479    473
     5      9     500    504    500    506    496   -502    484    488
     6      8    -504   -508    508   -502   -494   -510   -498   -500
     7      7    -477   -497   -487   -491   -497   -493   -483   -489
     8      6    -472   -468   -436   -440   -450   -450   -472   -476
     9      5    -434   -444   -416   -412   -438   -438   -424   -412
    10      4    -413   -407   -407   -391   -385   -407   -393   -399
    11      3    -372   -382   -374   -380   -374   -392   -384   -396
    12      2    -361   -367   -369   -363   -383   -385   -369   -375
    13      1    -364   -368   -338   -322   -342   -324   -362   -362
    14      0    -327   -311   -321   -331   -317   -293   -305   -321

##############################################################################
# SLOT 13  |  FR=W14 , BR=W13 , DBR=W15'
##############################################################################

  --- FR Window 14 : Alpha (state metrics after ACS) ---
  Step      S0     S1     S2     S3     S4     S5     S6     S7
     0    -190   -190   -200   -198   -194   -190   -200   -192
     1    -171   -173   -171   -181   -187   -179   -187   -179
     2    -141   -171   -155   -157   -139   -167   -151   -137
     3    -113   -117   -145   -123   -121   -133   -131   -105
     4    -100    -78    -90   -104   -114    -94    -84    -96
     5     -72    -80    -78    -64    -52    -84    -82    -62
     6     -58    -46    -36    -40    -54    -38    -54    -36
     7     -29    -37    -29    -27    -35    -39    -27    -31
     8       5     -9    -15     -1     -3     -9      3     -1
     9       5     17     19     13     19     31     33     27
    10      32     70     52     42     30     64     54     44
    11      74     74     96     62     84    114     92     62
    12      99    111    123    113     97    143    121    115
    13     128    160    130    146    132    148    144    142
    14     180    168    186    196    168    164    182    170

  --- FR Window 14 : Gamma R4 BMs ---
     0     1    7   -1   -7   -3    3    3   -3    3   -3   -3    3   -1   -7    1    7   -7   -1    7    1   -3    3    3   -3    3   -3   -3    3    7    1   -7   -1
     1    19    3  -11  -11  -11  -11    3   19    3   19  -11  -11  -11  -11   19    3   -3  -19   11   11   11   11  -19   -3  -19   -3   11   11   11   11   -3  -19
     2    30   18  -42   -6   16  -20   -4    8   -4    8   16  -20  -42   -6   30   18  -18  -30    6   42   20  -16   -8    4   -8    4   20  -16    6   42  -18  -30
     3    28    4    2  -34  -26   10   -4   20   -4   20  -26   10    2  -34   28    4   -4  -28   34   -2  -10   26  -20    4  -20    4  -10   26   34   -2   -4  -28
     4    13    1   11  -25  -39   -3   15   27   15   27  -39   -3   11  -25   13    1   -1  -13   25  -11    3   39  -27  -15  -27  -15    3   39   25  -11   -1  -13
     5   -26  -22   18   30    4   -8    4    0    4    0    4   -8   18   30  -26  -22   22   26  -30  -18    8   -4    0   -4    0   -4    8   -4  -30  -18   22   26
     6   -26   22    0    4  -10  -14   36  -12   36  -12  -10  -14    0    4  -26   22  -22   26   -4    0   14   10   12  -36   12  -36   14   10   -4    0  -22   26
     7    -5   -1   -5   11    7   -9    3   -1    3   -1    7   -9   -5   11   -5   -1    1    5  -11    5    9   -7    1   -3    1   -3    9   -7  -11    5    1    5
     8    -6  -26   34   -2  -30    6    2   22    2   22  -30    6   34   -2   -6  -26   26    6    2  -34   -6   30  -22   -2  -22   -2   -6   30    2  -34   26    6
     9   -28   14   16   -2   -2   16   14  -28   14  -28   -2   16   16   -2  -28   14  -14   28    2  -16  -16    2   28  -14   28  -14  -16    2    2  -16  -14   28
    10     9  -11   13  -11   15   39  -37  -17  -37  -17   15   39   13  -11    9  -11   11   -9   11  -13  -39  -15   17   37   17   37  -39  -15   11  -13   11   -9
    11     8    2   22  -32  -50    4   20   26   20   26  -50    4   22  -32    8    2   -2   -8   32  -22   -4   50  -26  -20  -26  -20   -4   50   32  -22   -2   -8
    12    21  -23    3   -1  -29  -25    5   49    5   49  -29  -25    3   -1   21  -23   23  -21    1   -3   25   29  -49   -5  -49   -5   25   29    1   -3   23  -21
    13    25  -21    5   -9    3   17  -33   13  -33   13    3   17    5   -9   25  -21   21  -25    9   -5  -17   -3  -13   33  -13   33  -17   -3    9   -5   21  -25
    14    52    4  -22  -34   -8    4  -22   26  -22   26   -8    4  -22  -34   52    4   -4  -52   34   22   -4    8  -26   22  -26   22   -4    8   34   22   -4  -52

  --- DBR Window 15' : Beta trace (backward, data read in reverse) ---
  Step      S0     S1     S2     S3     S4     S5     S6     S7
     0      38     16     34     12     34     12     38     16
     1      45     43     73     71     47     45     27     25
     2      95    101     57     57     71     75     79     73
     3     111     97     93     81    105    117     83     99
     4     116    134    110    128    136    122    116    104
     5     136    138    150    164    174    158    134    132
     6     164    160    178    222    176    180    192    188
     7     195    205    221    195    217    243    225    203
     8     253    251    227    221    243    237    239    269
     9     252    258    262    294    286    286    278    284
    10     305    305    273    273    315    311    303    303
    11     326    318    314    330    330    318    314    326
    12     341    335    337    335    341    339    345    335
    13     362    370    382    360    376    358    356    364
    14     404    400    374    374    370    370    392    388
  Final beta_init for BR:    404    400    374    374    370    370    392    388

  --- BR Window 13 : Beta init ---
     397    391    393    397    385    389    389    385

  --- BR Window 13 : Beta trace (pre-ACS, for LLR compute) ---
  Read order: step 14 down to 0
  Iter RdStep      S0     S1     S2     S3     S4     S5     S6     S7
     0     14     397    391    393    397    385    389    389    385
     1     13     408    426    414    424    414    422    408    426
     2     12     436    430    434    440    446    452    452    444
     3     11     469    465    477    471    477    471    465    463
     4     10     504    496    478    488    482    490    490    484
     5      9     495    507   -507    507    501    507   -511    497
     6      8    -501   -487   -509   -505    507    509   -489   -497
     7      7    -497   -499   -457   -475   -477   -479   -475   -477
     8      6    -457   -445   -453   -433   -461   -475   -457   -449
     9      5    -439   -423   -445   -435   -421   -443   -415   -415
    10      4    -417   -415   -403   -387   -397   -415   -395   -409
    11      3    -392   -378   -370   -384   -390   -354   -404   -390
    12      2    -359   -363   -347   -349   -347   -329   -347   -355
    13      1    -328   -340   -322   -322   -330   -320   -310   -330
    14      0    -294   -302   -290   -282   -300   -292   -312   -318

##############################################################################
# SLOT 14  |  FR=W15 , BR=W14 , DBR=W16'
##############################################################################

  --- FR Window 15 : Alpha (state metrics after ACS) ---
  Step      S0     S1     S2     S3     S4     S5     S6     S7
     0     206    204    202    178    192    188    204    194
     1     243    211    203    233    233    215    217    225
     2     238    244    270    232    238    256    254    232
     3     255    263    295    277    249    253    281    271
     4     316    274    300    270    282    288    286    300
     5     311    317    335    329    325    305    325    315
     6     345    335    341    335    347    341    343    361
     7     356    388    362    362    364    376    370    362
     8     412    390    388    398    410    382    394    424
     9     428    450    428    424    426    434    424    426
    10     473    443    451    449    447    445    447    457
    11     489    461    465    463    473    475    475    461
    12     497    497    511    483    487    505    493    483
    13    -508    506   -494   -486    506   -502   -478   -498
    14    -460   -484   -474   -484   -470   -482   -476   -440

  --- FR Window 15 : Gamma R4 BMs ---
     0   -24    4   10   10   -8   -8   22   -6   22   -6   -8   -8   10   10  -24    4   -4   24  -10  -10    8    8    6  -22    6  -22    8    8  -10  -10   -4   24
     1   -29  -21   41    9   -9   23   -3  -11   -3  -11   -9   23   41    9  -29  -21   21   29   -9  -41  -23    9   11    3   11    3  -23    9   -9  -41   21   29
     2    -5    5   -1    1  -21  -23   27   17   27   17  -21  -23   -1    1   -5    5   -5    5   -1    1   23   21  -17  -27  -17  -27   23   21   -1    1   -5    5
     3     5  -11  -15   21   25  -11  -15    1  -15    1   25  -11  -15   21    5  -11   11   -5  -21   15   11  -25   -1   15   -1   15   11  -25  -21   15   11   -5
     4   -19  -19   21   17    5    9   -7   -7   -7   -7    5    9   21   17  -19  -19   19   19  -17  -21   -9   -5    7    7    7    7   -9   -5  -17  -21   19   19
     5   -15   -9  -17   41   35  -23   -3   -9   -3   -9   35  -23  -17   41  -15   -9    9   15  -41   17   23  -35    9    3    9    3   23  -35  -41   17    9   15
     6    10  -36   10   16    6    0  -26   20  -26   20    6    0   10   16   10  -36   36  -10  -16  -10    0   -6  -20   26  -20   26    0   -6  -16  -10   36  -10
     7     3  -19   -5   21   -3  -29    5   27    5   27   -3  -29   -5   21    3  -19   19   -3  -21    5   29    3  -27   -5  -27   -5   29    3  -21    5   19   -3
     8    28   24  -48   -4   26  -18   -6   -2   -6   -2   26  -18  -48   -4   28   24  -24  -28    4   48   18  -26    2    6    2    6   18  -26    4   48  -24  -28
     9    -2    0  -28   30   40  -18  -10  -12  -10  -12   40  -18  -28   30   -2    0    0    2  -30   28   18  -40   12   10   12   10   18  -40  -30   28    0    2
    10     5   23  -23   -5   -1  -19   19    1   19    1   -1  -19  -23   -5    5   23  -23   -5    5   23   19    1   -1  -19   -1  -19   19    1    5   23  -23   -5
    11    16    0   -2  -14    4   16  -18   -2  -18   -2    4   16   -2  -14   16    0    0  -16   14    2  -16   -4    2   18    2   18  -16   -4   14    2    0  -16
    12     8    2    0  -10  -30  -20   22   28   22   28  -30  -20    0  -10    8    2   -2   -8   10    0   20   30  -28  -22  -28  -22   20   30   10    0   -2   -8
    13    -9   -3  -21   33   19  -35   11    5   11    5   19  -35  -21   33   -9   -3    3    9  -33   21   35  -19   -5  -11   -5  -11   35  -19  -33   21    3    9
    14    -8  -38   34   12  -10   12  -16   14  -16   14  -10   12   34   12   -8  -38   38    8  -12  -34  -12   10  -14   16  -14   16  -12   10  -12  -34   38    8

  --- DBR Window 16' : Beta trace (backward, data read in reverse) ---
  Step      S0     S1     S2     S3     S4     S5     S6     S7
     0      17     21     13     17     13     17     17     21
     1      45     39     25     23     33     31     45     39
     2      58     58     52     76     64     54     58     58
     3      72     70    106     90    102    108     78     76
     4     121    109    133    121    107    141    105    103
     5     125    135    151    139    153    139    139    149
     6     176    168    174    182    170    182    160    154
     7     198    212    182    188    204    194    196    206
     8     209    215    225    241    229    243    221    215
     9     245    255    239    245    271    267    243    241
    10     265    281    275    267    279    287    281    261
    11     298    302    290    300    294    306    304    308
    12     342    322    312    310    324    312    344    336
    13     352    360    368    356    338    362    338    342
    14     379    367    371    395    367    387    383    391
  Final beta_init for BR:    379    367    371    395    367    387    383    391

  --- BR Window 14 : Beta init ---
     404    400    374    374    370    370    392    388

  --- BR Window 14 : Beta trace (pre-ACS, for LLR compute) ---
  Read order: step 14 down to 0
  Iter RdStep      S0     S1     S2     S3     S4     S5     S6     S7
     0     14     404    400    374    374    370    370    392    388
     1     13     456    414    404    400    422    410    426    426
     2     12     481    459    461    447    435    431    447    443
     3     11     502    510    484    480    456    460    468    508
     4     10     510    510   -500   -506   -484   -510   -494   -488
     5      9    -473   -457   -473   -461   -477   -475   -477   -473
     6      8    -449   -449   -457   -457   -445   -441   -443   -445
     7      7    -419   -435   -415   -413   -423   -411   -419   -427
     8      6    -412   -416   -408   -408   -402   -402   -410   -414
     9      5    -372   -376   -396   -400   -388   -392   -380   -386
    10      4    -366   -362   -354   -342   -372   -370   -364   -360
    11      3    -339   -327   -347   -325   -331   -331   -329   -335
    12      2    -311   -325   -297   -303   -301   -305   -297   -307
    13      1    -281   -289   -277   -259   -285   -265   -273   -285
    14      0    -262   -258   -262   -262   -254   -254   -240   -256

##############################################################################
# SLOT 15  |  FR=W16 , BR=W15 , DBR=W17'
##############################################################################

  --- FR Window 16 : Alpha (state metrics after ACS) ---
  Step      S0     S1     S2     S3     S4     S5     S6     S7
     0    -433   -441   -457   -441   -449   -411   -455   -445
     1    -423   -433   -417   -397   -415   -425   -425   -385
     2    -385   -393   -387   -369   -397   -387   -385   -357
     3    -378   -362   -344   -354   -370   -336   -368   -364
     4    -340   -342   -352   -340   -340   -316   -332   -340
     5    -322   -312   -320   -310   -316   -292   -316   -314
     6    -295   -299   -303   -283   -273   -287   -291   -255
     7    -271   -217   -261   -271   -267   -251   -271   -263
     8    -214   -246   -200   -244   -212   -208   -228   -246
     9    -212   -194   -182   -190   -206   -200   -188   -196
    10    -165   -173   -175   -183   -151   -167   -157   -175
    11    -151   -137   -145   -135   -157   -103   -127   -141
    12    -104   -102   -120    -72   -118   -114   -124   -108
    13     -76    -96    -66    -96    -62    -86    -76   -104
    14     -73    -59    -59    -73    -59    -49    -53    -55

  --- FR Window 16 : Gamma R4 BMs ---
     0    27   -1   -1  -25    3   27  -29   -1  -29   -1    3   27   -1  -25   27   -1    1  -27   25    1  -27   -3    1   29    1   29  -27   -3   25    1    1  -27
     1    -6   18  -26   14   16  -24   16   -8   16   -8   16  -24  -26   14   -6   18  -18    6  -14   26   24  -16    8  -16    8  -16   24  -16  -14   26  -18    6
     2   -28   16    0   12   22   10    6  -38    6  -38   22   10    0   12  -28   16  -16   28  -12    0  -10  -22   38   -6   38   -6  -10  -22  -12    0  -16   28
     3     7    3    1  -11   13   25  -21  -17  -21  -17   13   25    1  -11    7    3   -3   -7   11   -1  -25  -13   17   21   17   21  -25  -13   11   -1   -3   -7
     4   -10   10    4   -4  -20  -12   26    6   26    6  -20  -12    4   -4  -10   10  -10   10    4   -4   12   20   -6  -26   -6  -26   12   20    4   -4  -10   10
     5   -26   -6   30    2  -24    4   20    0   20    0  -24    4   30    2  -26   -6    6   26   -2  -30   -4   24    0  -20    0  -20   -4   24   -2  -30    6   26
     6    11   17  -37    9   17  -29    9    3    9    3   17  -29  -37    9   11   17  -17  -11   -9   37   29  -17   -3   -9   -3   -9   29  -17   -9   37  -17  -11
     7    14  -28    2   12  -12  -22   -4   38   -4   38  -12  -22    2   12   14  -28   28  -14  -12   -2   22   12  -38    4  -38    4   22   12  -12   -2   28  -14
     8    -5    3   23  -21  -43    1   25   17   25   17  -43    1   23  -21   -5    3   -3    5   21  -23   -1   43  -17  -25  -17  -25   -1   43   21  -23   -3    5
     9     2   -8  -12   18   18  -12   -8    2   -8    2   18  -12  -12   18    2   -8    8   -2  -18   12   12  -18   -2    8   -2    8   12  -18  -18   12    8   -2
    10     1   13   17  -31  -33   15   15    3   15    3  -33   15   17  -31    1   13  -13   -1   31  -17  -15   33   -3  -15   -3  -15  -15   33   31  -17  -13   -1
    11    -4   -2  -26   32   10  -48   20   18   20   18   10  -48  -26   32   -4   -2    2    4  -32   26   48  -10  -18  -20  -18  -20   48  -10  -32   26    2    4
    12   -19  -19    7   31   25    1  -13  -13  -13  -13   25    1    7   31  -19  -19   19   19  -31   -7   -1  -25   13   13   13   13   -1  -25  -31   -7   19   19
    13    28   -6  -10  -12    4    6  -22   12  -22   12    4    6  -10  -12   28   -6    6  -28   12   10   -6   -4  -12   22  -12   22   -6   -4   12   10    6  -28
    14     3   21  -17   -7   -3  -13   17   -1   17   -1   -3  -13  -17   -7    3   21  -21   -3    7   17   13    3    1  -17    1  -17   13    3    7   17  -21   -3

  --- DBR Window 17' : Beta trace (backward, data read in reverse) ---
  Step      S0     S1     S2     S3     S4     S5     S6     S7
     0      17     33     19     35     19     35     17     33
     1      27     23     35     33     53     47     41     39
     2      77     75     55     55     41     41     63     81
     3      84     84    100     98     78     96    104     94
     4     117    139    113    135    111    119    109    131
     5     129    147    131    131    151    151    155    165
     6     154    156    170    196    184    192    168    172
     7     198    198    192    208    232    198    208    208
     8     262    254    230    220    220    226    238    244
     9     294    286    268    256    292    276    252    256
    10     300    320    310    306    282    286    298    282
    11     317    319    323    311    333    311    327    325
    12     358    358    358    346    350    336    354    352
    13     396    390    372    372    372    372    384    372
    14     403    401    403    413    391    401    413    415
  Final beta_init for BR:    403    401    403    413    391    401    413    415

  --- BR Window 15 : Beta init ---
     379    367    371    395    367    387    383    391

  --- BR Window 15 : Beta trace (pre-ACS, for LLR compute) ---
  Read order: step 14 down to 0
  Iter RdStep      S0     S1     S2     S3     S4     S5     S6     S7
     0     14     379    367    371    395    367    387    383    391
     1     13     405    399    413    393    429    407    429    403
     2     12     432    438    464    450    442    426    410    412
     3     11     486    492    452    444    450    456    460    466
     4     10     502    486    484    472    496    508    474    490
     5      9     507   -499    501   -505   -497   -511    507    495
     6      8    -497   -495   -483   -469   -459   -475   -499   -501
     7      7    -469   -473   -455   -411   -457   -453   -441   -445
     8      6    -438   -428   -412   -438   -416   -390   -408   -430
     9      5    -380   -382   -406   -412   -390   -396   -394   -364
    10      4    -381   -375   -371   -339   -347   -347   -355   -349
    11      3    -328   -328   -360   -360   -318   -322   -330   -330
    12      2    -307   -315   -319   -303   -303   -315   -319   -307
    13      1    -292   -298   -296   -298   -292   -294   -288   -298
    14      0    -271   -263   -251   -273   -257   -275   -277   -269

##############################################################################
# SLOT 16  |  FR=W17 , BR=W16 , DBR=W18'
##############################################################################

  --- FR Window 17 : Alpha (state metrics after ACS) ---
  Step      S0     S1     S2     S3     S4     S5     S6     S7
     0     -54    -30    -34    -46    -48    -20    -40    -48
     1     -16     -6    -20     -2    -18    -12      6     -4
     2      35     41     19     37      9     17     17      7
     3      60     24     42     26     66     26     38     46
     4      66     62     72     72     60     66     68     84
     5      98     88     94    108    120     90     90    108
     6     114    138    136    132    128    154    134    120
     7     172    192    170    164    152    160    154    148
     8     189    173    217    171    189    201    205    171
     9     203    221    211    215    237    209    223    221
    10     224    250    250    250    220    256    256    246
    11     271    285    259    277    265    257    287    271
    12     299    289    303    315    295    305    319    311
    13     325    327    309    319    329    315    321    319
    14     360    348    328    352    354    338    342    350

  --- FR Window 17 : Gamma R4 BMs ---
     0     7    5   -1  -11  -29  -19   23   25   23   25  -29  -19   -1  -11    7    5   -5   -7   11    1   19   29  -25  -23  -25  -23   19   29   11    1   -5   -7
     1    38   -6  -16  -16   14   14  -36    8  -36    8   14   14  -16  -16   38   -6    6  -38   16   16  -14  -14   -8   36   -8   36  -14  -14   16   16    6  -38
     2    -5   41  -11  -25  -19   -5   35  -11   35  -11  -19   -5  -11  -25   -5   41  -41    5   25   11    5   19   11  -35   11  -35    5   19   25   11  -41    5
     3     9   19  -29    1   13  -17    7   -3    7   -3   13  -17  -29    1    9   19  -19   -9   -1   29   17  -13    3   -7    3   -7   17  -13   -1   29  -19   -9
     4     6   26  -14  -18   -4    0   12   -8   12   -8   -4    0  -14  -18    6   26  -26   -6   18   14    0    4    8  -12    8  -12    0    4   18   14  -26   -6
     5    32   24   -8  -48  -18   22   -6    2   -6    2  -18   22   -8  -48   32   24  -24  -32   48    8  -22   18   -2    6   -2    6  -22   18   48    8  -24  -32
     6    16  -30   12    2   18   28  -46    0  -46    0   18   28   12    2   16  -30   30  -16   -2  -12  -28  -18    0   46    0   46  -28  -18   -2  -12   30  -16
     7   -14  -14   36   -8   -6   38  -16  -16  -16  -16   -6   38   36   -8  -14  -14   14   14    8  -36  -38    6   16   16   16   16  -38    6    8  -36   14   14
     8     3   -3   19  -19  -41   -3   19   25   19   25  -41   -3   19  -19    3   -3    3   -3   19  -19    3   41  -25  -19  -25  -19    3   41   19  -19    3   -3
     9    10   30  -20  -20   -6   -6   16   -4   16   -4   -6   -6  -20  -20   10   30  -30  -10   20   20    6    6    4  -16    4  -16    6    6   20   20  -30  -10
    10     9  -13   13   -9   13   35  -35  -13  -35  -13   13   35   13   -9    9  -13   13   -9    9  -13  -35  -13   13   35   13   35  -35  -13    9  -13   13   -9
    11   -13    7  -15   21   -1  -37   29    9   29    9   -1  -37  -15   21  -13    7   -7   13  -21   15   37    1   -9  -29   -9  -29   37    1  -21   15   -7   13
    12    28  -24   -2   -2    8    8  -34   18  -34   18    8    8   -2   -2   28  -24   24  -28    2    2   -8   -8  -18   34  -18   34   -8   -8    2    2   24  -28
    13     0    4  -14   10    6  -18    8    4    8    4    6  -18  -14   10    0    4   -4    0  -10   14   18   -6   -4   -8   -4   -8   18   -6  -10   14   -4    0
    14    13   33  -35  -11   19   -5    3  -17    3  -17   19   -5  -35  -11   13   33  -33  -13   11   35    5  -19   17   -3   17   -3    5  -19   11   35  -33  -13

  --- DBR Window 18' : Beta trace (backward, data read in reverse) ---
  Step      S0     S1     S2     S3     S4     S5     S6     S7
     0      32     22     26     16     26     16     32     22
     1      57     63     47     41     43     37     41     47
     2      68     82     78     84     62     68     84     86
     3     102     92     96     86     88     98    106    108
     4     121    115    113    125    127    117    105    111
     5     156    136    156    128    160    134    140    126
     6     183    183    179    171    159    151    155    177
     7     197    191    195    213    185    201    201    209
     8     231    229    217    213    233    227    227    253
     9     252    254    240    246    252    258    258    256
    10     288    276    274    268    268    282    288    280
    11     297    297    307    295    301    289    299    291
    12     338    318    320    352    312    342    328    308
    13     347    353    367    363    365    377    361    367
    14     372    388    390    382    392    398    388    382
  Final beta_init for BR:    372    388    390    382    392    398    388    382

  --- BR Window 16 : Beta init ---
     403    401    403    413    391    401    413    415

  --- BR Window 16 : Beta trace (pre-ACS, for LLR compute) ---
  Read order: step 14 down to 0
  Iter RdStep      S0     S1     S2     S3     S4     S5     S6     S7
     0     14     403    401    403    413    391    401    413    415
     1     13     420    424    426    416    422    432    418    434
     2     12     448    440    434    432    446    444    444    454
     3     11     465    465    459    479    465    463    473    473
     4     10     479    477   -503    497    511    511    485    483
     5      9    -488   -500   -482   -488   -510   -480    508    510
     6      8    -486   -480   -464   -470   -468   -470   -482   -472
     7      7    -439   -447   -447   -439   -447   -427   -455   -463
     8      6    -419   -409   -433   -427   -405   -415   -425   -409
     9      5    -408   -402   -396   -368   -386   -372   -400   -406
    10      4    -376   -360   -378   -376   -338   -348   -372   -374
    11      3    -348   -328   -334   -342   -336   -328   -334   -354
    12      2    -317   -313   -321   -309   -315   -303   -311   -307
    13      1    -273   -287   -299   -305   -291   -297   -265   -279
    14      0    -257   -255   -241   -259   -271   -253   -271   -273

##############################################################################
# SLOT 17  |  FR=W18 , BR=W17 , DBR=W19'
##############################################################################

  --- FR Window 18 : Alpha (state metrics after ACS) ---
  Step      S0     S1     S2     S3     S4     S5     S6     S7
     0     385    371    369    367    361    359    373    379
     1     392    408    416    384    392    404    404    384
     2     433    449    429    409    431    443    431    407
     3     458    454    456    450    460    450    448    448
     4     478    478    478    482    478    478    488    472
     5     485    507    511    485    483   -511    505    493
     6    -493   -483   -503   -497   -473   -499   -507   -487
     7    -467   -471   -475   -461   -451   -457   -487   -455
     8    -440   -428   -446   -456   -446   -412   -428   -450
     9    -411   -397   -417   -409   -411   -395   -419   -399
    10    -390   -380   -378   -392   -398   -376   -390   -388
    11    -356   -366   -366   -364   -370   -374   -366   -364
    12    -337   -345   -335   -347   -327   -357   -347   -325
    13    -314   -322   -330   -294   -314   -322   -312   -306
    14    -280   -304   -278   -288   -282   -284   -298   -280

  --- FR Window 18 : Gamma R4 BMs ---
     0    25   -1    1  -25  -21    5   -5   21   -5   21  -21    5    1  -25   25   -1    1  -25   25   -1   -5   21  -21    5  -21    5   -5   21   25   -1    1  -25
     1     3   -3  -25   25   47   -3  -25  -19  -25  -19   47   -3  -25   25    3   -3    3   -3  -25   25    3  -47   19   25   19   25    3  -47  -25   25    3   -3
     2   -11    9   17  -15   13   45  -19  -39  -19  -39   13   45   17  -15  -11    9   -9   11   15  -17  -45  -13   39   19   39   19  -45  -13   15  -17   -9   11
     3   -11    9   -5    7   -7  -19   23    3   23    3   -7  -19   -5    7  -11    9   -9   11   -7    5   19    7   -3  -23   -3  -23   19    7   -7    5   -9   11
     4   -24    6   22   -4    2   28    0  -30    0  -30    2   28   22   -4  -24    6   -6   24    4  -22  -28   -2   30    0   30    0  -28   -2    4  -22   -6   24
     5    -3   -5    7    1   23   29  -27  -25  -27  -25   23   29    7    1   -3   -5    5    3   -1   -7  -29  -23   25   27   25   27  -29  -23   -1   -7    5    3
     6   -44   10   20   14  -12   -6   36  -18   36  -18  -12   -6   20   14  -44   10  -10   44  -14  -20    6   12   18  -36   18  -36    6   12  -14  -20  -10   44
     7   -32  -10   12   30    2  -16   18   -4   18   -4    2  -16   12   30  -32  -10   10   32  -30  -12   16   -2    4  -18    4  -18   16   -2  -30  -12   10   32
     8    27  -21   -7    1   23   15  -43    5  -43    5   23   15   -7    1   27  -21   21  -27   -1    7  -15  -23   -5   43   -5   43  -15  -23   -1    7   21  -27
     9    -9  -29   35    3  -17   15   -9   11   -9   11  -17   15   35    3   -9  -29   29    9   -3  -35  -15   17  -11    9  -11    9  -15   17   -3  -35   29    9
    10    19    7   -7  -19  -19   -7    7   19    7   19  -19   -7   -7  -19   19    7   -7  -19   19    7    7   19  -19   -7  -19   -7    7   19   19    7   -7  -19
    11   -10   24  -12   -2   -2  -12   24  -10   24  -10   -2  -12  -12   -2  -10   24  -24   10    2   12   12    2   10  -24   10  -24   12    2    2   12  -24   10
    12   -39   -9   21   27   -3   -9   21   -9   21   -9   -3   -9   21   27  -39   -9    9   39  -27  -21    9    3    9  -21    9  -21    9    3  -27  -21    9   39
    13     1   31  -11  -21    5   15    5  -25    5  -25    5   15  -11  -21    1   31  -31   -1   21   11  -15   -5   25   -5   25   -5  -15   -5   21   11  -31   -1
    14    -8  -32   26   14    4   16  -22    2  -22    2    4   16   26   14   -8  -32   32    8  -14  -26  -16   -4   -2   22   -2   22  -16   -4  -14  -26   32    8

  --- DBR Window 19' : Beta trace (backward, data read in reverse) ---
  Step      S0     S1     S2     S3     S4     S5     S6     S7
     0      17     15      9     11      9     11     17     15
     1      51     37     31     29     27     35     45     43
     2      90     82     42     40     54     52     68     72
     3     123    107     97     83    115    103     73     87
     4     139    133    127    125    131    133    149    123
     5     157    161    167    167    151    159    143    147
     6     223    183    179    167    195    183    217    193
     7     242    244    250    248    194    192    240    210
     8     244    254    260    270    266    276    238    248
     9     272    276    264    286    302    278    280    276
    10     312    310    294    304    306    306    296    298
    11     318    336    330    312    322    328    324    328
    12     326    332    348    358    354    364    330    336
    13     353    357    375    377    367    365    387    373
    14     399    395    429    389    407    403    381    381
  Final beta_init for BR:    399    395    429    389    407    403    381    381

  --- BR Window 17 : Beta init ---
     372    388    390    382    392    398    388    382

  --- BR Window 17 : Beta trace (pre-ACS, for LLR compute) ---
  Read order: step 14 down to 0
  Iter RdStep      S0     S1     S2     S3     S4     S5     S6     S7
     0     14     372    388    390    382    392    398    388    382
     1     13     405    405    409    427    407    417    415    415
     2     12     417    413    433    421    435    437    427    431
     3     11     459    461    441    441    433    433    455    471
     4     10     470    466    492    480    470    486    490    484
     5      9     503   -499    505   -497    493    501    499   -503
     6      8    -503   -491   -511   -511   -483   -483   -483   -467
     7      7    -480   -486   -464   -442   -448   -442   -464   -466
     8      6    -434   -434   -440   -426   -406   -436   -426   -426
     9      5    -376   -380   -408   -412   -414   -406   -396   -390
    10      4    -344   -352   -366   -378   -342   -358   -380   -378
    11      3    -338   -318   -324   -328   -356   -352   -340   -352
    12      2    -317   -319   -311   -327   -305   -323   -311   -309
    13      1    -276   -276   -280   -292   -284   -298   -284   -286
    14      0    -238   -248   -266   -266   -262   -262   -254   -262

##############################################################################
# SLOT 18  |  FR=W19 , BR=W18 , DBR=W20'
##############################################################################

  --- FR Window 19 : Alpha (state metrics after ACS) ---
  Step      S0     S1     S2     S3     S4     S5     S6     S7
     0    -262   -260   -256   -258   -274   -240   -236   -270
     1    -245   -211   -229   -239   -235   -213   -239   -249
     2    -209   -185   -211   -215   -203   -195   -203   -209
     3    -161   -177   -197   -185   -187   -185   -185   -179
     4    -165   -157   -167   -165   -151   -159   -143   -171
     5    -151   -131   -141   -133   -145   -125   -141   -139
     6    -105   -129   -127    -97   -113   -131   -125   -113
     7     -72    -98    -90    -86    -58    -86   -102    -78
     8     -72    -46    -16    -52    -72    -22    -54    -52
     9     -24    -40     -2    -26    -12    -36      2     14
    10       2     44     18     24     -4     16     26     30
    11      61     37     49     59     61     41     55     39
    12     100     68     68     94     80     76     74     74
    13     134    102     96    108    114     94    100     96
    14     151    123    119    117    131    111    135    123

  --- FR Window 19 : Gamma R4 BMs ---
     0    -8   -4  -14   26   -2  -42   24   20   24   20   -2  -42  -14   26   -8   -4    4    8  -26   14   42    2  -20  -24  -20  -24   42    2  -26   14    4    8
     1    -3   15    9  -21   -1   29   -5  -23   -5  -23   -1   29    9  -21   -3   15  -15    3   21   -9  -29    1   23    5   23    5  -29    1   21   -9  -15    3
     2     6    0   20  -26  -18   28   -8   -2   -8   -2  -18   28   20  -26    6    0    0   -6   26  -20  -28   18    2    8    2    8  -28   18   26  -20    0   -6
     3     6   24   -6  -24    0   18    0  -18    0  -18    0   18   -6  -24    6   24  -24   -6   24    6  -18    0   18    0   18    0  -18    0   24    6  -24   -6
     4    -8  -10   -2   20   30    8  -20  -18  -20  -18   30    8   -2   20   -8  -10   10    8  -20    2   -8  -30   18   20   18   20   -8  -30  -20    2   10    8
     5    10    6  -20    4   -2  -26   12   16   12   16   -2  -26  -20    4   10    6   -6  -10   -4   20   26    2  -16  -12  -16  -12   26    2   -4   20   -6  -10
     6   -18  -28   18   28    6   -4   -6    4   -6    4    6   -4   18   28  -18  -28   28   18  -28  -18    4   -6   -4    6   -4    6    4   -6  -28  -18   28   18
     7    -5  -47   27   25    5    7  -27   15  -27   15    5    7   27   25   -5  -47   47    5  -25  -27   -7   -5  -15   27  -15   27   -7   -5  -25  -27   47    5
     8   -26   26   -6    6  -24  -36   56    4   56    4  -24  -36   -6    6  -26   26  -26   26   -6    6   36   24   -4  -56   -4  -56   36   24   -6    6  -26   26
     9    18   22  -36   -4   14  -18    4    0    4    0   14  -18  -36   -4   18   22  -22  -18    4   36   18  -14    0   -4    0   -4   18  -14    4   36  -22  -18
    10   -16   10    4    2  -30  -28   42   16   42   16  -30  -28    4    2  -16   10  -10   16   -2   -4   28   30  -16  -42  -16  -42   28   30   -2   -4  -10   16
    11    33   17   -7  -43  -15   21  -11    5  -11    5  -15   21   -7  -43   33   17  -17  -33   43    7  -21   15   -5   11   -5   11  -21   15   43    7  -17  -33
    12    39  -19   -9  -11    7    9  -37   21  -37   21    7    9   -9  -11   39  -19   19  -39   11    9   -9   -7  -21   37  -21   37   -9   -7   11    9   19  -39
    13    34   -2  -20  -12   -6  -14   -8   28   -8   28   -6  -14  -20  -12   34   -2    2  -34   12   20   14    6  -28    8  -28    8   14    6   12   20    2  -34
    14    17    3  -11   -9    9    7  -15   -1  -15   -1    9    7  -11   -9   17    3   -3  -17    9   11   -7   -9    1   15    1   15   -7   -9    9   11   -3  -17

  --- DBR Window 20' : Beta trace (backward, data read in reverse) ---
  Step      S0     S1     S2     S3     S4     S5     S6     S7
     0      30     24     30     54     30     54     30     24
     1      88     60     58     60     54     54    112     84
     2     107    101    121    147    105     89     87     93
     3     125    133    129    133    141    173    141    133
     4     182    160    148    152    162    154    214    166
     5     208    204    218    252    190    192    170    174
     6     230    234    212    228    256    232    274    246
     7     275    265    295    273    253    259    255    255
     8     303    319    281    293    283    289    295    289
     9     317    333    299    303    331    327    321    323
    10     373    349    339    365    351    351    365    345
    11     367    365    397    389    383    381    371    373
    12     396    404    416    400    406    416    388    382
    13     429    421    435    431    453    435    417    409
    14     464    484    444    438    446    448    450    440
  Final beta_init for BR:    464    484    444    438    446    448    450    440

  --- BR Window 18 : Beta init ---
     399    395    429    389    407    403    381    381

  --- BR Window 18 : Beta trace (pre-ACS, for LLR compute) ---
  Read order: step 14 down to 0
  Iter RdStep      S0     S1     S2     S3     S4     S5     S6     S7
     0     14     399    395    429    389    407    403    381    381
     1     13     439    431    433    445    415    411    413    425
     2     12     440    470    438    448    446    446    446    476
     3     11     459    485    461    467    469    475    491   -509
     4     10     501    483    503    493   -507   -497    509   -499
     5      9    -504   -502   -488   -496   -480   -478   -506   -504
     6      8    -451   -471   -469   -473   -461   -461   -475   -469
     7      7    -424   -432   -446   -450   -448   -456   -446   -418
     8      6    -428   -416   -412   -394   -430   -420   -408   -386
     9      5    -376   -386   -402   -396   -374   -380   -380   -342
    10      4    -355   -353   -369   -373   -343   -349   -337   -339
    11      3    -307   -319   -333   -339   -335   -325   -319   -315
    12      2    -310   -298   -300   -300   -306   -310   -296   -304
    13      1    -257   -277   -287   -255   -283   -253   -271   -291
    14      0    -252   -246   -240   -232   -230   -230   -234   -228

##############################################################################
# SLOT 19  |  FR=W20 , BR=W19 , DBR=W21'
##############################################################################

  --- FR Window 20 : Alpha (state metrics after ACS) ---
  Step      S0     S1     S2     S3     S4     S5     S6     S7
     0     134    164    180    146    154    144    160    154
     1     181    173    199    179    175    191    217    165
     2     206    216    218    218    196    210    224    226
     3     234    250    240    226    222    228    250    232
     4     274    244    262    276    276    244    262    292
     5     280    288    284    322    296    290    296    292
     6     302    316    320    318    322    320    352    324
     7     329    373    323    343    331    353    341    339
     8     367    363    389    363    351    367    385    351
     9     425    395    385    387    413    405    401    389
    10     428    432    436    422    414    442    466    416
    11     448    470    444    468    442    454    460    480
    12     467   -511    503    479    465    489    503    463
    13    -499    491   -483   -463   -493    493   -481   -505
    14    -453   -451   -463   -463   -459   -477   -409   -469

  --- FR Window 20 : Gamma R4 BMs ---
     0   -31    7   15    9  -13   -7   29   -9   29   -9  -13   -7   15    9  -31    7   -7   31   -9  -15    7   13    9  -29    9  -29    7   13   -9  -15   -7   31
     1   -11   -3  -21   35   19  -37   13    5   13    5   19  -37  -21   35  -11   -3    3   11  -35   21   37  -19   -5  -13   -5  -13   37  -19  -35   21    3   11
     2    -1   -9  -17   27   19  -25   -1    7   -1    7   19  -25  -17   27   -1   -9    9    1  -27   17   25  -19   -7    1   -7    1   25  -19  -27   17    9    1
     3    -6   -8   -2   16  -14  -32   22   24   22   24  -14  -32   -2   16   -6   -8    8    6  -16    2   32   14  -24  -22  -24  -22   32   14  -16    2    8    6
     4   -18  -42   12   48   18  -18  -12   12  -12   12   18  -18   12   48  -18  -42   42   18  -48  -12   18  -18  -12   12  -12   12   18  -18  -48  -12   42   18
     5     6   30  -20  -16   12    8    2  -22    2  -22   12    8  -20  -16    6   30  -30   -6   16   20   -8  -12   22   -2   22   -2   -8  -12   16   20  -30   -6
     6    22    6    0  -28  -30   -2    8   24    8   24  -30   -2    0  -28   22    6   -6  -22   28    0    2   30  -24   -8  -24   -8    2   30   28    0   -6  -22
     7    -9   13  -13    9    1  -21   21   -1   21   -1    1  -21  -13    9   -9   13  -13    9   -9   13   21   -1    1  -21    1  -21   21   -1   -9   13  -13    9
     8    22   -6    4  -20  -14   10  -12   16  -12   16  -14   10    4  -20   22   -6    6  -22   20   -4  -10   14  -16   12  -16   12  -10   14   20   -4    6  -22
     9    -8   -4   36  -24  -38   22   10    6   10    6  -38   22   36  -24   -8   -4    4    8   24  -36  -22   38   -6  -10   -6  -10  -22   38   24  -36    4    8
    10   -19   33  -11   -3   19   11   11  -41   11  -41   19   11  -11   -3  -19   33  -33   19    3   11  -11  -19   41  -11   41  -11  -11  -19    3   11  -33   19
    11    -6  -14   -6   26    8  -24    4   12    4   12    8  -24   -6   26   -6  -14   14    6  -26    6   24   -8  -12   -4  -12   -4   24   -8  -26    6   14    6
    12    19   -3    5  -21  -35   -9   11   33   11   33  -35   -9    5  -21   19   -3    3  -19   21   -5    9   35  -33  -11  -33  -11    9   35   21   -5    3  -19
    13    58    0  -30  -28    2    0  -30   28  -30   28    2    0  -30  -28   58    0    0  -58   28   30    0   -2  -28   30  -28   30    0   -2   28   30    0  -58
    14    -6    0   30  -24  -54    0   30   24   30   24  -54    0   30  -24   -6    0    0    6   24  -30    0   54  -24  -30  -24  -30    0   54   24  -30    0    6

  --- DBR Window 21' : Beta trace (backward, data read in reverse) ---
  Step      S0     S1     S2     S3     S4     S5     S6     S7
     0      16     24     12     20     12     20     16     24
     1      24     28     48     52     52     56     36     40
     2      63     67     89     63     77     73     91     67
     3      99     95     95    103     83     85     81     85
     4     102    102    106    124    110    124    106    106
     5     126    138    134    138    152    160    126    134
     6     154    150    172    158    154    162    188    166
     7     181    209    181    197    193    171    185    183
     8     210    224    206    226    212    212    220    252
     9     238    238    228    236    268    276    254    238
    10     276    280    284    286    272    270    274    302
    11     303    311    321    309    317    319    315    307
    12     339    341    325    329    329    333    329    331
    13     357    351    339    339    345    345    349    355
    14     361    359    363    375    367    357    365    369
  Final beta_init for BR:    361    359    363    375    367    357    365    369

  --- BR Window 19 : Beta init ---
     464    484    444    438    446    448    450    440

  --- BR Window 19 : Beta trace (pre-ACS, for LLR compute) ---
  Read order: step 14 down to 0
  Iter RdStep      S0     S1     S2     S3     S4     S5     S6     S7
     0     14     464    484    444    438    446    448    450    440
     1     13     481    467    455    457    493    491    469    483
     2     12    -509    483    505   -511    505    503    491    499
     3     11    -470   -496   -508   -510    510    508   -472   -484
     4     10    -437   -453   -471   -457   -441   -475   -477   -491
     5      9    -429   -425   -433   -435   -447   -445   -411   -437
     6      8    -411   -407   -393   -411   -411   -401   -417   -413
     7      7    -337   -385   -381   -393   -365   -377   -351   -385
     8      6    -318   -324   -310   -312   -366   -368   -338   -350
     9      5    -316   -306   -300   -290   -294   -284   -322   -320
    10      4    -288   -284   -296   -274   -258   -282   -280   -284
    11      3    -248   -250   -266   -256   -254   -254   -264   -262
    12      2    -242   -224   -230   -248   -238   -232   -236   -232
    13      1    -234   -228   -212   -202   -206   -196   -230   -224
    14      0    -207   -203   -185   -183   -193   -195   -173   -187

##############################################################################
# SLOT 20  |  FR=W21 , BR=W20 , DBR=W22'
##############################################################################

  --- FR Window 21 : Alpha (state metrics after ACS) ---
  Step      S0     S1     S2     S3     S4     S5     S6     S7
     0    -445   -417   -447   -423   -437   -397   -441   -399
     1    -423   -385   -403   -397   -423   -377   -395   -397
     2    -385   -377   -365   -365   -379   -363   -383   -373
     3    -332   -346   -350   -330   -350   -332   -318   -348
     4    -294   -328   -326   -280   -312   -322   -320   -314
     5    -266   -298   -274   -292   -256   -296   -292   -296
     6    -251   -253   -255   -241   -249   -243   -251   -243
     7    -224   -222   -220   -224   -228   -222   -232   -222
     8    -198   -198   -200   -198   -200   -204   -196   -208
     9    -162   -176   -178   -168   -170   -172   -172   -180
    10    -161   -143   -139   -163   -165   -151   -141   -159
    11    -119   -131   -137   -139   -125   -139   -135   -127
    12     -80   -108   -112    -96   -100   -116   -120    -88
    13     -80    -72    -74    -68    -68    -80    -60    -82
    14     -64    -60    -48    -44    -62    -58    -48    -48

  --- FR Window 21 : Gamma R4 BMs ---
     0   -14  -10    6   18   16    4   -8  -12   -8  -12   16    4    6   18  -14  -10   10   14  -18   -6   -4  -16   12    8   12    8   -4  -16  -18   -6   10   14
     1    18  -18    0    0    4    4  -22   14  -22   14    4    4    0    0   18  -18   18  -18    0    0   -4   -4  -14   22  -14   22   -4   -4    0    0   18  -18
     2    -6  -22   16   12  -14  -10    4   20    4   20  -14  -10   16   12   -6  -22   22    6  -12  -16   10   14  -20   -4  -20   -4   10   14  -12  -16   22    6
     3    -5  -13  -15   33    1  -47   19   27   19   27    1  -47  -15   33   -5  -13   13    5  -33   15   47   -1  -27  -19  -27  -19   47   -1  -33   15   13    5
     4    38   -4  -18  -16    6    4  -26   16  -26   16    6    4  -18  -16   38   -4    4  -38   16   18   -4   -6  -16   26  -16   26   -4   -6   16   18    4  -38
     5    28   12  -24  -16   14    6  -18   -2  -18   -2   14    6  -24  -16   28   12  -12  -28   16   24   -6  -14    2   18    2   18   -6  -14   16   24  -12  -28
     6    15  -17   15  -13  -41  -13   11   43   11   43  -41  -13   15  -13   15  -17   17  -15   13  -15   13   41  -43  -11  -43  -11   13   41   13  -15   17  -15
     7    27   -3    3  -27   -9   21  -21    9  -21    9   -9   21    3  -27   27   -3    3  -27   27   -3  -21    9   -9   21   -9   21  -21    9   27   -3    3  -27
     8     2   24   -6  -20   10   24   -6  -28   -6  -28   10   24   -6  -20    2   24  -24   -2   20    6  -24  -10   28    6   28    6  -24  -10   20    6  -24   -2
     9   -28   -6   -2   36   10  -28   20   -2   20   -2   10  -28   -2   36  -28   -6    6   28  -36    2   28  -10    2  -20    2  -20   28  -10  -36    2    6   28
    10     1    3    7  -11   11   29  -19  -21  -19  -21   11   29    7  -11    1    3   -3   -1   11   -7  -29  -11   21   19   21   19  -29  -11   11   -7   -3   -1
    11   -18  -14   20   12  -12   -4   10    6   10    6  -12   -4   20   12  -18  -14   14   18  -12  -20    4   12   -6  -10   -6  -10    4   12  -12  -20   14   18
    12    39    9  -11  -37  -17    9  -11   19  -11   19  -17    9  -11  -37   39    9   -9  -39   37   11   -9   17  -19   11  -19   11   -9   17   37   11   -9  -39
    13    -2  -12   32  -18  -36   14    6   16    6   16  -36   14   32  -18   -2  -12   12    2   18  -32  -14   36  -16   -6  -16   -6  -14   36   18  -32   12    2
    14    16  -12    8  -12    0   20  -24    4  -24    4    0   20    8  -12   16  -12   12  -16   12   -8  -20    0   -4   24   -4   24  -20    0   12   -8   12  -16

  --- DBR Window 22' : Beta trace (backward, data read in reverse) ---
  Step      S0     S1     S2     S3     S4     S5     S6     S7
     0      26     20     40     20     40     20     26     20
     1      58     64     76     74     56     68     38     44
     2      78     74     96     88     84    104     70     80
     3     113    123    113    111    109    107    121    133
     4     147    131    139    135    149    133    133    155
     5     158    158    150    146    156    152    150    164
     6     205    183    179    175    187    183    193    191
     7     239    223    193    201    197    205    209    213
     8     225    235    275    239    237    243    235    245
     9     268    290    290    286    250    246    276    284
    10     287    287    305    297    305    305    299    299
    11     306    302    338    336    332    326    312    308
    12     358    346    348    372    378    336    334    344
    13     394    384    368    370    382    384    366    356
    14     395    411    403    413    419    387    405    389
  Final beta_init for BR:    395    411    403    413    419    387    405    389

  --- BR Window 20 : Beta init ---
     361    359    363    375    367    357    365    369

  --- BR Window 20 : Beta trace (pre-ACS, for LLR compute) ---
  Read order: step 14 down to 0
  Iter RdStep      S0     S1     S2     S3     S4     S5     S6     S7
     0     14     361    359    363    375    367    357    365    369
     1     13     393    387    391    419    405    411    389    383
     2     12     451    419    433    435    411    413    477    441
     3     11     470    466    486   -512    462    448    454    452
     4     10     490    498    494    496    506   -486    506    498
     5      9    -477   -499   -511   -507   -497   -505   -445   -495
     6      8    -451   -455   -441   -407   -471   -467   -489   -487
     7      7    -429   -425   -447   -431   -403   -427   -385   -413
     8      6    -384   -394   -364   -386   -406   -400   -404   -404
     9      5    -356   -340   -378   -366   -376   -370   -364   -370
    10      4    -342   -326   -360   -356   -328   -332   -338   -336
    11      3    -286   -310   -320   -294   -308   -308   -294   -314
    12      2    -292   -294   -262   -270   -276   -278   -288   -286
    13      1    -263   -255   -243   -259   -253   -243   -271   -277
    14      0    -230   -238   -224   -228   -206   -224   -242   -250

##############################################################################
# SLOT 21  |  FR=W22 , BR=W21 , DBR=W23'
##############################################################################

  --- FR Window 22 : Alpha (state metrics after ACS) ---
  Step      S0     S1     S2     S3     S4     S5     S6     S7
     0     -31    -27    -13    -31    -13    -27    -39    -27
     1      -3    -13    -13     -3    -15    -11    -11    -21
     2      29     23     31     27     23     -1      7     15
     3      50     30     58     42     64     20     48     56
     4      69     79     73     75     65     67     61     71
     5      94     86     94     86    100    112    120     92
     6     130    132    106    136    118    136    110    124
     7     164    142    150    144    150    154    162    150
     8     211    183    175    209    173    169    161    173
     9     208    180    230    180    206    182    222    182
    10     230    232    256    206    208    248    234    222
    11     277    251    255    267    285    251    255    275
    12     297    305    275    289    299    291    279    287
    13     311    311    329    317    311    339    337    335
    14     369    359    337    351    337    353    331    363

  --- FR Window 22 : Gamma R4 BMs ---
     0     1   17  -31   13   35   -9   -5  -21   -5  -21   35   -9  -31   13    1   17  -17   -1  -13   31    9  -35   21    5   21    5    9  -35  -13   31  -17   -1
     1    -6  -16   10   12    0   -2   -4    6   -4    6    0   -2   10   12   -6  -16   16    6  -12  -10    2    0   -6    4   -6    4    2    0  -12  -10   16    6
     2   -14  -26   42   -2  -10   34  -18   -6  -18   -6  -10   34   42   -2  -14  -26   26   14    2  -42  -34   10    6   18    6   18  -34   10    2  -42   26   14
     3     5    9   19  -33  -21   31   -3   -7   -3   -7  -21   31   19  -33    5    9   -9   -5   33  -19  -31   21    7    3    7    3  -31   21   33  -19   -9   -5
     4   -15  -15   11   19   15    7  -11  -11  -11  -11   15    7   11   19  -15  -15   15   15  -19  -11   -7  -15   11   11   11   11   -7  -15  -19  -11   15   15
     5    25  -31    1    5   15   11  -41   15  -41   15   15   11    1    5   25  -31   31  -25   -5   -1  -11  -15  -15   41  -15   41  -11  -15   -5   -1   31  -25
     6   -32   -4   36    0  -16   20   12  -16   12  -16  -16   20   36    0  -32   -4    4   32    0  -36  -20   16   16  -12   16  -12  -20   16    0  -36    4   32
     7    34  -14  -14   -6   10    2  -30   18  -30   18   10    2  -14   -6   34  -14   14  -34    6   14   -2  -10  -18   30  -18   30   -2  -10    6   14   14  -34
     8    47   -5  -19  -23   -9   -5  -19   33  -19   33   -9   -5  -19  -23   47   -5    5  -47   23   19    5    9  -33   19  -33   19    5    9   23   19    5  -47
     9    -9    7    3   -1  -13   -9   19    3   19    3  -13   -9    3   -1   -9    7   -7    9    1   -3    9   13   -3  -19   -3  -19    9   13    1   -3   -7    9
    10   -22    0    0   22   26    4   -4  -26   -4  -26   26    4    0   22  -22    0    0   22  -22    0   -4  -26   26    4   26    4   -4  -26  -22    0    0   22
    11    11   45  -27  -29   -1    1   17  -17   17  -17   -1    1  -27  -29   11   45  -45  -11   29   27   -1    1   17  -17   17  -17   -1    1   29   27  -45  -11
    12   -12  -22    4   30   20   -6  -12   -2  -12   -2   20   -6    4   30  -12  -22   22   12  -30   -4    6  -20    2   12    2   12    6  -20  -30   -4   22   12
    13    12    6   18  -36  -48    6   18   24   18   24  -48    6   18  -36   12    6   -6  -12   36  -18   -6   48  -24  -18  -24  -18   -6   48   36  -18   -6  -12
    14   -20  -26   40    6  -14   20   -6    0   -6    0  -14   20   40    6  -20  -26   26   20   -6  -40  -20   14    0    6    0    6  -20   14   -6  -40   26   20

  --- DBR Window 23' : Beta trace (backward, data read in reverse) ---
  Step      S0     S1     S2     S3     S4     S5     S6     S7
     0      13     15     41     37     41     37     13     15
     1      62     64     62     70     86     62     40     38
     2     104     98     96     94     98    102     76     82
     3     114    124    122    118    124    108    140    108
     4     141    141    133    149    129    135    123    123
     5     151    141    175    163    183    171    145    153
     6     183    197    185    187    179    177    181    167
     7     214    196    212    200    224    212    210    200
     8     235    241    241    243    227    245    219    217
     9     252    246    258    262    278    270    252    246
    10     276    270    278    314    294    282    286    274
    11     298    302    294    306    302    318    326    310
    12     327    329    355    345    347    353    327    337
    13     355    363    367    363    355    359    367    359
    14     383    395    389    389    385    385    377    387
  Final beta_init for BR:    383    395    389    389    385    385    377    387

  --- BR Window 21 : Beta init ---
     395    411    403    413    419    387    405    389

  --- BR Window 21 : Beta trace (pre-ACS, for LLR compute) ---
  Read order: step 14 down to 0
  Iter RdStep      S0     S1     S2     S3     S4     S5     S6     S7
     0     14     395    411    403    413    419    387    405    389
     1     13     431    429    431    423    421    431    429    415
     2     12     437    447    463    465    455    467    435    445
     3     11     476    482    492    472    482    484    504    478
     4     10     502    500    508   -508    492    496    492    496
     5      9    -511    511   -505   -487   -501   -495   -507   -505
     6      8    -485   -473   -479   -475   -467   -451   -493   -477
     7      7    -465   -461   -447   -455   -457   -449   -423   -445
     8      6    -432   -402   -430   -414   -418   -440   -428   -428
     9      5    -401   -387   -405   -387   -399   -399   -391   -359
    10      4    -373   -373   -383   -375   -343   -335   -359   -375
    11      3    -335   -333   -327   -325   -339   -341   -337   -309
    12      2    -308   -300   -290   -302   -294   -292   -296   -304
    13      1    -272   -270   -286   -282   -282   -278   -282   -280
    14      0    -254   -260   -272   -272   -266   -266   -262   -256

##############################################################################
# SLOT 22  |  FR=W23 , BR=W22 , DBR=W24'
##############################################################################

  --- FR Window 23 : Alpha (state metrics after ACS) ---
  Step      S0     S1     S2     S3     S4     S5     S6     S7
     0     383    375    373    365    367    391    387    361
     1     383    399    385    405    391    401    397    395
     2     452    412    406    448    426    420    414    422
     3     464    442    448    426    460    438    452    432
     4     488    472    464    476    462    484    472    474
     5     503    483    499    511    499    495    497    507
     6    -498   -504   -498   -498    508   -496   -480   -500
     7    -491   -481   -471   -487   -491   -447   -465   -489
     8    -473   -455   -461   -433   -467   -455   -463   -443
     9    -427   -425   -403   -433   -451   -425   -421   -439
    10    -392   -414   -412   -422   -394   -416   -414   -420
    11    -400   -368   -386   -396   -388   -376   -354   -394
    12    -364   -354   -352   -344   -356   -340   -348   -336
    13    -319   -313   -331   -315   -315   -307   -303   -311
    14    -298   -270   -278   -290   -290   -290   -298   -274

  --- FR Window 23 : Gamma R4 BMs ---
     0    14    2   -8   -8   22   22  -28  -16  -28  -16   22   22   -8   -8   14    2   -2  -14    8    8  -22  -22   16   28   16   28  -22  -22    8    8   -2  -14
     1   -16   -8   10   14   12    8   -6  -14   -6  -14   12    8   10   14  -16   -8    8   16  -14  -10   -8  -12   14    6   14    6   -8  -12  -14  -10    8   16
     2   -27  -17   -3   47   21  -29    9   -1    9   -1   21  -29   -3   47  -27  -17   17   27  -47    3   29  -21    1   -9    1   -9   29  -21  -47    3   17   27
     3    12   -4  -12    4   16    0  -16    0  -16    0   16    0  -12    4   12   -4    4  -12   -4   12    0  -16    0   16    0   16    0  -16   -4   12    4  -12
     4    24   12  -36    0   12  -24    0   12    0   12   12  -24  -36    0   24   12  -12  -24    0   36   24  -12  -12    0  -12    0   24  -12    0   36  -12  -24
     5    -5    1  -23   27   17  -33   11    5   11    5   17  -33  -23   27   -5    1   -1    5  -27   23   33  -17   -5  -11   -5  -11   33  -17  -27   23   -1    5
     6   -17   -1   27   -9  -33    3   23    7   23    7  -33    3   27   -9  -17   -1    1   17    9  -27   -3   33   -7  -23   -7  -23   -3   33    9  -27    1   17
     7   -11   13   -7    5   27   15   -9  -33   -9  -33   27   15   -7    5  -11   13  -13   11   -5    7  -15  -27   33    9   33    9  -15  -27   -5    7  -13   11
     8   -14    4   -4   14   10   -8    8  -10    8  -10   10   -8   -4   14  -14    4   -4   14  -14    4    8  -10   10   -8   10   -8    8  -10  -14    4   -4   14
     9    -4  -22   34   -8  -12   30  -18    0  -18    0  -12   30   34   -8   -4  -22   22    4    8  -34  -30   12    0   18    0   18  -30   12    8  -34   22    4
    10    -1   -1   11   -9   -9   11   -1   -1   -1   -1   -9   11   11   -9   -1   -1    1    1    9  -11  -11    9    1    1    1    1  -11    9    9  -11    1    1
    11   -26   14   -2   14   26   10    2  -38    2  -38   26   10   -2   14  -26   14  -14   26  -14    2  -10  -26   38   -2   38   -2  -10  -26  -14    2  -14   26
    12   -12  -18   -2   32   34    0  -20  -14  -20  -14   34    0   -2   32  -12  -18   18   12  -32    2    0  -34   14   20   14   20    0  -34  -32    2   18   12
    13     3    1  -29   25    5  -49   21   23   21   23    5  -49  -29   25    3    1   -1   -3  -25   29   49   -5  -23  -21  -23  -21   49   -5  -25   29   -1   -3
    14    13   15   13  -41  -17   37   -9  -11   -9  -11  -17   37   13  -41   13   15  -15  -13   41  -13  -37   17   11    9   11    9  -37   17   41  -13  -15  -13

  --- DBR Window 24' : Beta trace (backward, data read in reverse) ---
  Step      S0     S1     S2     S3     S4     S5     S6     S7
     0      37     15     15     35     15     35     37     15
     1      44     68     42     52     40     50     42     66
     2      79     75     65     65     91     91     87     83
     3     112     96    116    102    120    100    104    102
     4     140    148    140    134    120    114    128    144
     5     143    159    155    163    153    157    159    167
     6     175    165    177    163    181    177    173    173
     7     194    206    214    202    202    192    188    198
     8     219    227    231    225    223    217    223    235
     9     228    232    242    254    254    250    240    230
    10     261    261    275    269    251    257    261    287
    11     291    277    271    271    279    277    289    303
    12     299    309    309    317    289    297    317    333
    13     322    320    356    334    336    352    340    342
    14     371    355    361    345    371    357    353    361
  Final beta_init for BR:    371    355    361    345    371    357    353    361

  --- BR Window 22 : Beta init ---
     383    395    389    389    385    385    377    387

  --- BR Window 22 : Beta trace (pre-ACS, for LLR compute) ---
  Read order: step 14 down to 0
  Iter RdStep      S0     S1     S2     S3     S4     S5     S6     S7
     0     14     383    395    389    389    385    385    377    387
     1     13     411    405    423    409    429    415    413    407
     2     12     441    447    465    461    443    463    423    429
     3     11     465    463    485    471    469    491    465    475
     4     10     502    510    498    496    504    502    508   -508
     5      9    -490   -498   -500   -500   -488   -506   -496   -486
     6      8    -481   -479   -487   -483   -485   -489   -479   -477
     7      7    -434   -454   -462   -466   -454   -458   -436   -446
     8      6    -400   -406   -438   -440   -440   -432   -432   -428
     9      5    -416   -404   -364   -400   -404   -386   -394   -396
    10      4    -373   -349   -349   -353   -389   -393   -365   -345
    11      3    -354   -354   -334   -342   -334   -334   -330   -330
    12      2    -323   -327   -301   -303   -297   -313   -327   -331
    13      1    -271   -283   -281   -267   -261   -293   -305   -295
    14      0    -245   -255   -261   -259   -257   -255   -273   -277

##############################################################################
# SLOT 23  |  FR=W24 , BR=W23 , DBR=W25'
##############################################################################

  --- FR Window 24 : Alpha (state metrics after ACS) ---
  Step      S0     S1     S2     S3     S4     S5     S6     S7
     0    -267   -275   -271   -267   -251   -271   -259   -255
     1    -232   -236   -254   -236   -248   -212   -232   -246
     2    -210   -214   -226   -186   -206   -218   -222   -216
     3    -178   -206   -194   -196   -196   -198   -176   -200
     4    -173   -157   -159   -167   -173   -165   -167   -175
     5    -140   -142   -144   -154   -140   -150   -148   -154
     6    -109   -123   -127   -121   -131   -117   -109   -127
     7     -88    -92    -96    -92    -96    -98    -98    -96
     8     -80    -74    -74    -86    -82    -82    -72    -88
     9     -63    -69    -55    -59    -65    -55    -47    -57
    10     -37    -37    -31    -21    -43    -13    -25    -27
    11       2      0    -10     10    -16     -4     -2     -4
    12      37      7     13     33     35     29     33     21
    13      38     60     64     52     42     44     48     54
    14      87     63     77     79     75     69     75     85

  --- FR Window 24 : Gamma R4 BMs ---
     0   -19   -3   -1   23    5  -19   15   -1   15   -1    5  -19   -1   23  -19   -3    3   19  -23    1   19   -5    1  -15    1  -15   19   -5  -23    1    3   19
     1    -9   -7  -19   35   15  -39   13   11   13   11   15  -39  -19   35   -9   -7    7    9  -35   19   39  -15  -11  -13  -11  -13   39  -15  -35   19    7    9
     2   -30  -14   18   26    6   -2    6  -10    6  -10    6   -2   18   26  -30  -14   14   30  -26  -18    2   -6   10   -6   10   -6    2   -6  -26  -18   14   30
     3   -16   -2   10    8  -10   -8   16    2   16    2  -10   -8   10    8  -16   -2    2   16   -8  -10    8   10   -2  -16   -2  -16    8   10   -8  -10    2   16
     4     3   33  -15  -21   -7   -1   19  -11   19  -11   -7   -1  -15  -21    3   33  -33   -3   21   15    1    7   11  -19   11  -19    1    7   21   15  -33   -3
     5     5   -5   19  -19  -15   23   -9    1   -9    1  -15   23   19  -19    5   -5    5   -5   19  -19  -23   15   -1    9   -1    9  -23   15   19  -19    5   -5
     6    -1   33  -19  -13   17   11    3  -31    3  -31   17   11  -19  -13   -1   33  -33    1   13   19  -11  -17   31   -3   31   -3  -11  -17   13   19  -33    1
     7   -25  -13   39   -1  -15   25    1  -11    1  -11  -15   25   39   -1  -25  -13   13   25    1  -39  -25   15   11   -1   11   -1  -25   15    1  -39   13   25
     8    -6    4  -10   12   22    0   -6  -16   -6  -16   22    0  -10   12   -6    4   -4    6  -12   10    0  -22   16    6   16    6    0  -22  -12   10   -4    6
     9     1  -15   -9   23    5  -27    3   19    3   19    5  -27   -9   23    1  -15   15   -1  -23    9   27   -5  -19   -3  -19   -3   27   -5  -23    9   15   -1
    10    26  -20   -6    0   24   18  -44    2  -44    2   24   18   -6    0   26  -20   20  -26    0    6  -18  -24   -2   44   -2   44  -18  -24    0    6   20  -26
    11    -5  -21    3   23   -9  -29   11   27   11   27   -9  -29    3   23   -5  -21   21    5  -23   -3   29    9  -27  -11  -27  -11   29    9  -23   -3   21    5
    12    35   -5  -25   -5   23    3  -33    7  -33    7   23    3  -25   -5   35   -5    5  -35    5   25   -3  -23   -7   33   -7   33   -3  -23    5   25    5  -35
    13    -3   31   -9  -19  -15   -5   27   -7   27   -7  -15   -5   -9  -19   -3   31  -31    3   19    9    5   15    7  -27    7  -27    5   15   19    9  -31    3
    14   -13  -37   15   35   13   -7  -15    9  -15    9   13   -7   15   35  -13  -37   37   13  -35  -15    7  -13   -9   15   -9   15    7  -13  -35  -15   37   13

  --- DBR Window 25' : Beta trace (backward, data read in reverse) ---
  Step      S0     S1     S2     S3     S4     S5     S6     S7
     0      42     16     16     38     16     38     42     16
     1      32     34     74     70     70     66     30     34
     2      97    121     61     73     95     83     91     81
     3     123    107    115    103    115    127    109    137
     4     130    132    142    134    164    146    128    130
     5     175    173    163    163    167    167    143    163
     6     199    187    191    195    215    183    209    197
     7     224    244    246    238    228    220    208    240
     8     238    230    284    256    282    268    236    244
     9     274    300    316    294    278    282    292    280
    10     304    332    336    328    320    312    324    322
    11     361    343    327    339    335    335    357    349
    12     357    357    395    387    373    365    353    363
    13     387    393    407    427    405    389    399    391
    14     408    414    426    420    426    406    448    428
  Final beta_init for BR:    408    414    426    420    426    406    448    428

  --- BR Window 23 : Beta init ---
     371    355    361    345    371    357    353    361

  --- BR Window 23 : Beta trace (pre-ACS, for LLR compute) ---
  Read order: step 14 down to 0
  Iter RdStep      S0     S1     S2     S3     S4     S5     S6     S7
     0     14     371    355    361    345    371    357    353    361
     1     13     384    386    412    398    402    392    368    366
     2     12     433    435    417    431    441    423    407    409
     3     11     459    453    451    465    469    463    437    443
     4     10     475    495    477    473    479    479    501    479
     5      9     502    502    490    510    488    506    494    494
     6      8     510   -512   -488   -504   -480   -492   -508   -500
     7      7    -480   -466   -478   -476   -484   -490   -482   -486
     8      6    -449   -467   -451   -463   -439   -451   -457   -463
     9      5    -428   -422   -422   -424   -436   -418   -444   -446
    10      4    -411   -417   -405   -401   -385   -397   -411   -417
    11      3    -387   -393   -385   -349   -373   -381   -377   -389
    12      2    -369   -361   -369   -361   -361   -345   -337   -353
    13      1    -336   -334   -308   -322   -316   -314   -336   -326
    14      0    -308   -300   -296   -300   -312   -308   -300   -308

##############################################################################
# SLOT 24  |  FR=W25 , BR=W24 , DBR=W26'
##############################################################################

  --- FR Window 25 : Alpha (state metrics after ACS) ---
  Step      S0     S1     S2     S3     S4     S5     S6     S7
     0     108     92     92     96     98     98     86     96
     1     110    130    128    116    112    120    142    116
     2     162    152    136    146    144    150    146    146
     3     173    171    187    167    175    165    181    169
     4     203    195    207    211    191    209    211    199
     5     239    219    221    247    241    223    225    225
     6     271    279    259    247    275    255    255    251
     7     324    276    292    296    290    274    286    306
     8     316    330    360    310    320    338    340    314
     9     361    351    361    349    359    359    381    351
    10     372    382    368    388    388    382    368    386
    11     394    402    398    406    400    402    398    396
    12     415    443    449    419    421    429    427    425
    13     447    443    461    457    453    453    481    441
    14     495    465    473    491    489    467    471   -501

  --- FR Window 25 : Gamma R4 BMs ---
     0    21    1   -1  -21   -7   13  -13    7  -13    7   -7   13   -1  -21   21    1   -1  -21   21    1  -13    7   -7   13   -7   13  -13    7   21    1   -1  -21
     1   -20    4   18   -2   12   32  -10  -34  -10  -34   12   32   18   -2  -20    4   -4   20    2  -18  -32  -12   34   10   34   10  -32  -12    2  -18   -4   20
     2   -14   -4   34  -16  -30   20   10    0   10    0  -30   20   34  -16  -14   -4    4   14   16  -34  -20   30    0  -10    0  -10  -20   30   16  -34    4   14
     3   -23   21    7   -5   -9    3   25  -19   25  -19   -9    3    7   -5  -23   21  -21   23    5   -7   -3    9   19  -25   19  -25   -3    9    5   -7  -21   23
     4    30  -18  -10   -2   20   12  -40    8  -40    8   20   12  -10   -2   30  -18   18  -30    2   10  -12  -20   -8   40   -8   40  -12  -20    2   10   18  -30
     5    36    8  -10  -34  -14   10  -12   16  -12   16  -14   10  -10  -34   36    8   -8  -36   34   10  -10   14  -16   12  -16   12  -10   14   34   10   -8  -36
     6    -2    6  -28   24   38  -14   -8  -16   -8  -16   38  -14  -28   24   -2    6   -6    2  -24   28   14  -38   16    8   16    8   14  -38  -24   28   -6    2
     7     9   45  -23  -31   -7    1   21  -15   21  -15   -7    1  -23  -31    9   45  -45   -9   31   23   -1    7   15  -21   15  -21   -1    7   31   23  -45   -9
     8    -8    4  -16   20  -12  -48   36   24   36   24  -12  -48  -16   20   -8    4   -4    8  -20   16   48   12  -24  -36  -24  -36   48   12  -20   16   -4    8
     9     9  -11    1    1  -21  -21   11   31   11   31  -21  -21    1    1    9  -11   11   -9   -1   -1   21   21  -31  -11  -31  -11   21   21   -1   -1   11   -9
    10     7    9   11  -27  -19   19    1   -1    1   -1  -19   19   11  -27    7    9   -9   -7   27  -11  -19   19    1   -1    1   -1  -19   19   27  -11   -9   -7
    11     4  -28   18    6   -6    6  -16   16  -16   16   -6    6   18    6    4  -28   28   -4   -6  -18   -6    6  -16   16  -16   16   -6    6   -6  -18   28   -4
    12    21  -27   -3    9  -17  -29   -1   47   -1   47  -17  -29   -3    9   21  -27   27  -21   -9    3   29   17  -47    1  -47    1   29   17   -9    3   27  -21
    13   -10  -14   -4   28    0  -32   14   18   14   18    0  -32   -4   28  -10  -14   14   10  -28    4   32    0  -18  -14  -18  -14   32    0  -28    4   14   10
    14   -12  -42   16   38   12  -10  -16   14  -16   14   12  -10   16   38  -12  -42   42   12  -38  -16   10  -12  -14   16  -14   16   10  -12  -38  -16   42   12

  --- DBR Window 26' : Beta trace (backward, data read in reverse) ---
  Step      S0     S1     S2     S3     S4     S5     S6     S7
     0      24     28     28     24     28     24     24     28
     1      45     55     63     71     63     71     45     55
     2      74     62     70     74     76     72     76     88
     3     100    106     92    102     84    102     96    118
     4     122    114    108    130    136    136    136    122
     5     149    159    139    147    137    133    157    159
     6     173    169    175    165    153    163    193    191
     7     202    202    196    190    188    184    208    208
     8     244    226    220    214    226    232    232    232
     9     256    252    256    246    230    236    258    252
    10     274    276    274    284    296    276    264    266
    11     317    305    311    309    313    319    287    299
    12     309    323    351    345    345    337    341    327
    13     350    356    354    354    342    342    356    348
    14     364    390    370    380    372    382    366    376
  Final beta_init for BR:    364    390    370    380    372    382    366    376

  --- BR Window 24 : Beta init ---
     408    414    426    420    426    406    448    428

  --- BR Window 24 : Beta trace (pre-ACS, for LLR compute) ---
  Read order: step 14 down to 0
  Iter RdStep      S0     S1     S2     S3     S4     S5     S6     S7
     0     14     408    414    426    420    426    406    448    428
     1     13     463    463    455    443    435    455    465    441
     2     12     482    494    470    480    460    470    490    474
     3     11    -507   -501    493    485   -507    499   -509    503
     4     10    -486   -502   -480   -484   -496    508   -490   -474
     5      9    -460   -446   -456   -462   -474   -468   -454   -472
     6      8    -453   -437   -427   -437   -441   -439   -443   -427
     7      7    -427   -435   -405   -427   -415   -417   -423   -421
     8      6    -402   -390   -388   -380   -388   -402   -406   -396
     9      5    -375   -369   -371   -369   -373   -377   -371   -347
    10      4    -368   -362   -354   -348   -328   -346   -342   -352
    11      3    -331   -331   -307   -313   -331   -337   -335   -315
    12      2    -291   -305   -317   -315   -303   -305   -313   -299
    13      1    -289   -273   -273   -265   -297   -289   -285   -269
    14      0    -260   -262   -246   -254   -250   -230   -260   -260

##############################################################################
# SLOT 25  |  FR=W26 , BR=W25 , DBR=W27'
##############################################################################

  --- FR Window 26 : Alpha (state metrics after ACS) ---
  Step      S0     S1     S2     S3     S4     S5     S6     S7
     0     507   -509   -507    509    509   -467    503    511
     1    -506   -464   -504   -470   -504   -470   -498   -464
     2    -442   -464   -464   -442   -448   -456   -456   -448
     3    -407   -411   -427   -421   -421   -425   -431   -435
     4    -389   -401   -397   -413   -383   -399   -395   -377
     5    -377   -359   -383   -371   -363   -357   -381   -369
     6    -335   -339   -329   -339   -347   -351   -347   -333
     7    -306   -336   -324   -324   -318   -324   -326   -316
     8    -308   -292   -272   -304   -304   -300   -296   -284
     9    -281   -267   -265   -269   -269   -261   -269   -283
    10    -253   -239   -251   -265   -247   -227   -235   -251
    11    -237   -225   -229   -199   -209   -211   -229   -221
    12    -198   -200   -188   -204   -204   -204   -206   -210
    13    -157   -169   -153   -157   -173   -189   -173   -183
    14    -125   -167   -151   -145   -133   -171   -151   -149

  --- FR Window 26 : Gamma R4 BMs ---
     0    12  -14    6   -4   16   26  -34   -8  -34   -8   16   26    6   -4   12  -14   14  -12    4   -6  -26  -16    8   34    8   34  -26  -16    4   -6   14  -12
     1    11   -5   -3   -3    3    3  -11    5  -11    5    3    3   -3   -3   11   -5    5  -11    3    3   -3   -3   -5   11   -5   11   -3   -3    3    3    5  -11
     2   -10    4  -22   28   40  -10   -8  -22   -8  -22   40  -10  -22   28  -10    4   -4   10  -28   22   10  -40   22    8   22    8   10  -40  -28   22   -4   10
     3    -9  -21   -5   35   37   -3  -23  -11  -23  -11   37   -3   -5   35   -9  -21   21    9  -35    5    3  -37   11   23   11   23    3  -37  -35    5   21    9
     4    18   20    6  -44  -26   24    2    0    2    0  -26   24    6  -44   18   20  -20  -18   44   -6  -24   26    0   -2    0   -2  -24   26   44   -6  -20  -18
     5    12  -26   12    2   -4    6  -20   18  -20   18   -4    6   12    2   12  -26   26  -12   -2  -12   -6    4  -18   20  -18   20   -6    4   -2  -12   26  -12
     6    42    0  -24  -18   -6  -12  -12   30  -12   30   -6  -12  -24  -18   42    0    0  -42   18   24   12    6  -30   12  -30   12   12    6   18   24    0  -42
     7   -17  -17   23   11    3   15   -9   -9   -9   -9    3   15   23   11  -17  -17   17   17  -11  -23  -15   -3    9    9    9    9  -15   -3  -11  -23   17   17
     8   -32   12    4   16   -6  -18   34  -10   34  -10   -6  -18    4   16  -32   12  -12   32  -16   -4   18    6   10  -34   10  -34   18    6  -16   -4  -12   32
     9    27  -13  -11   -3    7   -1  -23   17  -23   17    7   -1  -11   -3   27  -13   13  -27    3   11    1   -7  -17   23  -17   23    1   -7    3   11   13  -27
    10     0   14    4  -18  -34  -12   30   16   30   16  -34  -12    4  -18    0   14  -14    0   18   -4   12   34  -16  -30  -16  -30   12   34   18   -4  -14    0
    11   -30   -6    8   28   22    2    0  -24    0  -24   22    2    8   28  -30   -6    6   30  -28   -8   -2  -22   24    0   24    0   -2  -22  -28   -8    6   30
    12     5  -11    5    1    7   11  -17   -1  -17   -1    7   11    5    1    5  -11   11   -5   -1   -5  -11   -7    1   17    1   17  -11   -7   -1   -5   11   -5
    13   -27  -17   -3   47   35  -15   -5  -15   -5  -15   35  -15   -3   47  -27  -17   17   27  -47    3   15  -35   15    5   15    5   15  -35  -47    3   17   27
    14   -28  -24   28   24   -6   -2    6    2    6    2   -6   -2   28   24  -28  -24   24   28  -24  -28    2    6   -2   -6   -2   -6    2    6  -24  -28   24   28

  --- DBR Window 27' : Beta trace (backward, data read in reverse) ---
  Step      S0     S1     S2     S3     S4     S5     S6     S7
     0      14     24     22     34     22     34     14     24
     1      43     59     37     37     57     43     63     61
     2      65     59     77     99     77     79     87     81
     3      91     95     87     91     87     95    111    107
     4     136    118    102    118    118    104    120    128
     5     160    144    132    136    142    146    142    130
     6     154    156    170    176    158    152    158    156
     7     178    172    180    200    180    186    182    188
     8     200    192    214    206    206    228    204    204
     9     241    247    213    211    237    235    239    245
    10     247    245    289    269    285    277    269    271
    11     300    306    292    290    282    276    286    292
    12     311    329    309    319    299    309    325    343
    13     361    329    331    327    351    347    345    357
    14     377    369    361    381    349    357    383    371
  Final beta_init for BR:    377    369    361    381    349    357    383    371

  --- BR Window 25 : Beta init ---
     364    390    370    380    372    382    366    376

  --- BR Window 25 : Beta trace (pre-ACS, for LLR compute) ---
  Read order: step 14 down to 0
  Iter RdStep      S0     S1     S2     S3     S4     S5     S6     S7
     0     14     364    390    370    380    372    382    366    376
     1     13     414    384    382    402    402    418    418    404
     2     12     416    412    450    442    450    430    418    414
     3     11     477    497    447    453    459    451    463    459
     4     10     487    479    495    483    491    503    487   -511
     5      9     496    496   -506   -510   -484   -502    504    506
     6      8    -473   -475   -485   -485   -481   -481   -501   -497
     7      7    -449   -461   -453   -453   -433   -465   -439   -451
     8      6    -424   -404   -402   -410   -420   -428   -440   -408
     9      5    -410   -418   -364   -392   -366   -380   -412   -404
    10      4    -374   -348   -332   -354   -370   -366   -356   -368
    11      3    -344   -316   -312   -320   -328   -336   -324   -326
    12      2    -287   -305   -321   -309   -313   -313   -291   -299
    13      1    -291   -291   -253   -261   -275   -283   -295   -285
    14      0    -261   -255   -241   -221   -243   -259   -249   -257

##############################################################################
# SLOT 26  |  FR=W27 , BR=W26 , DBR=W28'
##############################################################################

  --- FR Window 27 : Alpha (state metrics after ACS) ---
  Step      S0     S1     S2     S3     S4     S5     S6     S7
     0    -119   -115   -133   -133    -99   -125   -133   -125
     1     -97    -77   -111   -103   -101    -97    -83    -99
     2     -84    -62    -40    -72    -88    -64    -70    -76
     3     -45    -59    -37    -53    -43    -61    -35    -55
     4     -31    -13    -23    -29    -21      7     13    -29
     5     -14      4     20     28      4     14      4     48
     6      56     38     54     52     48     50     34     60
     7      62     80     82     72     76     74     76     70
     8      92     90     96     90     94     88     90     88
     9     116    100    102    114    110    100    102    108
    10     127    125    139    135    121    127    141    129
    11     139    133    149    153    149    145    137    141
    12     155    165    167    155    165    181    189    165
    13     184    202    202    218    170    190    190    202
    14     226    192    224    226    252    204    210    224

  --- FR Window 27 : Gamma R4 BMs ---
     0     6  -26    0   20   18   -2  -24    8  -24    8   18   -2    0   20    6  -26   26   -6  -20    0    2  -18   -8   24   -8   24    2  -18  -20    0   26   -6
     1   -14   18   -4    0   22   18   -4  -36   -4  -36   22   18   -4    0  -14   18  -18   14    0    4  -18  -22   36    4   36    4  -18  -22    0    4  -18   14
     2    11   -7    3   -7  -33  -23   19   37   19   37  -33  -23    3   -7   11   -7    7  -11    7   -3   23   33  -37  -19  -37  -19   23   33    7   -3    7  -11
     3    17  -15   -5    3    3   -5  -15   17  -15   17    3   -5   -5    3   17  -15   15  -17   -3    5    5   -3  -17   15  -17   15    5   -3   -3    5   15  -17
     4     6    4  -32   22    4  -50   22   24   22   24    4  -50  -32   22    6    4   -4   -6  -22   32   50   -4  -24  -22  -24  -22   50   -4  -22   32   -4   -6
     5    15  -35    9   11   -7   -9  -17   33  -17   33   -7   -9    9   11   15  -35   35  -15  -11   -9    9    7  -33   17  -33   17    9    7  -11   -9   35  -15
     6   -12    4  -20   28   34  -14   -2  -18   -2  -18   34  -14  -20   28  -12    4   -4   12  -28   20   14  -34   18    2   18    2   14  -34  -28   20   -4   12
     7     6   12    4  -22    4   30  -14  -20  -14  -20    4   30    4  -22    6   12  -12   -6   22   -4  -30   -4   20   14   20   14  -30   -4   22   -4  -12   -6
     8   -14  -12   10   16   14    8  -10  -12  -10  -12   14    8   10   16  -14  -12   12   14  -16  -10   -8  -14   12   10   12   10   -8  -14  -16  -10   12   14
     9    24    8  -18  -14   -2   -6   -4   12   -4   12   -2   -6  -18  -14   24    8   -8  -24   14   18    6    2  -12    4  -12    4    6    2   14   18   -8  -24
    10   -21   27    5  -11   -7    9   23  -25   23  -25   -7    9    5  -11  -21   27  -27   21   11   -5   -9    7   25  -23   25  -23   -9    7   11   -5  -27   21
    11    12    8  -14   -6   10    2   -8   -4   -8   -4   10    2  -14   -6   12    8   -8  -12    6   14   -2  -10    4    8    4    8   -2  -10    6   14   -8  -12
    12     2    8    6  -16  -36  -14   28   22   28   22  -36  -14    6  -16    2    8   -8   -2   16   -6   14   36  -22  -28  -22  -28   14   36   16   -6   -8   -2
    13    29  -13  -15   -1   -9  -23   -5   37   -5   37   -9  -23  -15   -1   29  -13   13  -29    1   15   23    9  -37    5  -37    5   23    9    1   15   13  -29
    14    14   24  -34   -4   22   -8   -2  -12   -2  -12   22   -8  -34   -4   14   24  -24  -14    4   34    8  -22   12    2   12    2    8  -22    4   34  -24  -14

  --- DBR Window 28' : Beta trace (backward, data read in reverse) ---
  Step      S0     S1     S2     S3     S4     S5     S6     S7
     0      21     21     11     11     11     11     21     21
     1      36     30     40     64     48     54     46     36
     2      67     57     93     65     81     69     95     83
     3     119    119    103    101     87     89     93    121
     4     126    120    142    138    158    140    128    116
     5     183    177    163    167    139    145    167    189
     6     206    206    182    192    202    206    198    184
     7     216    244    240    218    222    226    226    230
     8     239    243    253    255    261    259    243    247
     9     261    269    271    307    281    293    277    285
    10     304    306    306    292    304    314    320    322
    11     331    335    337    331    337    349    325    329
    12     352    354    356    364    380    364    350    346
    13     371    381    387    401    367    367    385    393
    14     396    426    402    398    398    402    426    420
  Final beta_init for BR:    396    426    402    398    398    402    426    420

  --- BR Window 26 : Beta init ---
     377    369    361    381    349    357    383    371

  --- BR Window 26 : Beta trace (pre-ACS, for LLR compute) ---
  Read order: step 14 down to 0
  Iter RdStep      S0     S1     S2     S3     S4     S5     S6     S7
     0     14     377    369    361    381    349    357    383    371
     1     13     381    377    405    401    409    405    395    399
     2     12     426    436    440    428    420    448    420    426
     3     11     431    439    447    451    443    447    449    465
     4     10     473    473    469    459    461    479    471    495
     5      9     499    487    483    505   -511   -511    503    495
     6      8    -498   -498   -508   -500   -510    506   -492   -488
     7      7    -474   -478   -474   -482   -496   -484   -464   -456
     8      6    -455   -455   -451   -459   -459   -463   -439   -439
     9      5    -413   -421   -427   -433   -421   -415   -417   -425
    10      4    -395   -397   -401   -411   -421   -411   -399   -395
    11      3    -377   -375   -377   -373   -351   -373   -393   -391
    12      2    -330   -342   -340   -342   -338   -338   -362   -350
    13      1    -340   -326   -300   -302   -302   -314   -316   -330
    14      0    -297   -295   -297   -297   -305   -305   -291   -303

##############################################################################
# SLOT 27  |  FR=W28 , BR=W27 , DBR=W29'
##############################################################################

  --- FR Window 28 : Alpha (state metrics after ACS) ---
  Step      S0     S1     S2     S3     S4     S5     S6     S7
     0     251    263    231    249    249    269    241    251
     1     292    268    260    280    270    262    272    290
     2     313    295    307    295    299    301    291    307
     3     324    330    338    314    322    322    324    328
     4     331    357    373    329    331    357    359    329
     5     387    365    391    381    379    361    395    403
     6     404    406    396    416    422    404    398    410
     7     444    418    424    448    434    424    436    460
     8     467    453    477    459    453    499    457    447
     9     496   -500    496    494    492    496    502    498
    10    -507   -493   -489   -509   -507   -499   -473   -509
    11    -467   -467   -479   -475   -455   -449   -483   -465
    12    -436   -424   -450   -446   -434   -434   -456   -410
    13    -403   -407   -423   -391   -409   -401   -415   -395
    14    -388   -374   -386   -398   -382   -380   -380   -394

  --- FR Window 28 : Gamma R4 BMs ---
     0    25  -23   -3    1  -13  -17   -9   39   -9   39  -13  -17   -3    1   25  -23   23  -25   -1    3   17   13  -39    9  -39    9   17   13   -1    3   23  -25
     1    -1   29  -21   -7   13   -1    9  -21    9  -21   13   -1  -21   -7   -1   29  -29    1    7   21    1  -13   21   -9   21   -9    1  -13    7   21  -29    1
     2   -17   -7   -9   33   11  -31   15    5   15    5   11  -31   -9   33  -17   -7    7   17  -33    9   31  -11   -5  -15   -5  -15   31  -11  -33    9    7   17
     3    11    7  -27    9   31   -5  -15  -11  -15  -11   31   -5  -27    9   11    7   -7  -11   -9   27    5  -31   11   15   11   15    5  -31   -9   27   -7  -11
     4     1   -1   -7    7   35   21  -29  -27  -29  -27   35   21   -7    7    1   -1    1   -1   -7    7  -21  -35   27   29   27   29  -21  -35   -7    7    1   -1
     5    22   30  -46   -6   18  -22    6   -2    6   -2   18  -22  -46   -6   22   30  -30  -22    6   46   22  -18    2   -6    2   -6   22  -18    6   46  -30  -22
     6    17   13    1  -31  -17   15   -1    3   -1    3  -17   15    1  -31   17   13  -13  -17   31   -1  -15   17   -3    1   -3    1  -15   17   31   -1  -13  -17
     7    10   38  -10  -38  -20    8   20   -8   20   -8  -20    8  -10  -38   10   38  -38  -10   38   10   -8   20    8  -20    8  -20   -8   20   38   10  -38  -10
     8    23   -9   -1  -13   17   29  -39   -7  -39   -7   17   29   -1  -13   23   -9    9  -23   13    1  -29  -17    7   39    7   39  -29  -17   13    1    9  -23
     9    29  -25    1   -5   19   25  -49    5  -49    5   19   25    1   -5   29  -25   25  -29    5   -1  -25  -19   -5   49   -5   49  -25  -19    5   -1   25  -29
    10     7   -7  -19   19   39    1  -27  -13  -27  -13   39    1  -19   19    7   -7    7   -7  -19   19   -1  -39   13   27   13   27   -1  -39  -19   19    7   -7
    11   -38   -8   22   24   10    8    6  -24    6  -24   10    8   22   24  -38   -8    8   38  -24  -22   -8  -10   24   -6   24   -6   -8  -10  -24  -22    8   38
    12    31   19   -5  -45  -15   25  -11    1  -11    1  -15   25   -5  -45   31   19  -19  -31   45    5  -25   15   -1   11   -1   11  -25   15   45    5  -19  -31
    13   -15  -25   -3   43   27  -19   -9    1   -9    1   27  -19   -3   43  -15  -25   25   15  -43    3   19  -27   -1    9   -1    9   19  -27  -43    3   25   15
    14    15  -21   11   -5  -11    5  -15   21  -15   21  -11    5   11   -5   15  -21   21  -15    5  -11   -5   11  -21   15  -21   15   -5   11    5  -11   21  -15

  --- DBR Window 29' : Beta trace (backward, data read in reverse) ---
  Step      S0     S1     S2     S3     S4     S5     S6     S7
     0      26     46     16     36     16     36     26     46
     1      36     32     32     40     54     50     50     62
     2      59     59     63     73     63     81     65     59
     3      80     78     90     94     92     90     96     92
     4     121    115    101    113    103    107    109    115
     5     168    150    132    130    146    144    166    144
     6     170    180    170    172    160    158    152    158
     7     186    184    188    182    198    188    184    190
     8     211    205    217    221    209    225    207    201
     9     247    243    231    223    241    241    235    235
    10     257    249    247    247    251    251    245    253
    11     271    295    283    277    273    267    277    297
    12     303    321    295    285    287    297    327    333
    13     317    331    339    337    331    333    349    347
    14     379    365    351    357    367    373    363    385
  Final beta_init for BR:    379    365    351    357    367    373    363    385

  --- BR Window 27 : Beta init ---
     396    426    402    398    398    402    426    420

  --- BR Window 27 : Beta trace (pre-ACS, for LLR compute) ---
  Read order: step 14 down to 0
  Iter RdStep      S0     S1     S2     S3     S4     S5     S6     S7
     0     14     396    426    402    398    398    402    426    420
     1     13     438    428    434    432    448    454    424    422
     2     12     467    471    449    463    477    463    461    465
     3     11     477    475    493    497    481    499    499    493
     4     10     503    507    503    495    499    507    509    507
     5      9    -490   -494    510   -508   -506   -508   -492   -496
     6      8    -466   -482   -486   -488   -482   -478   -484   -482
     7      7    -470   -468   -456   -450   -468   -472   -466   -468
     8      6    -446   -452   -446   -426   -446   -438   -444   -438
     9      5    -426   -434   -412   -418   -418   -398   -420   -422
    10      4    -383   -379   -411   -413   -389   -391   -387   -381
    11      3    -377   -379   -337   -357   -341   -349   -357   -355
    12      2    -326   -320   -334   -336   -344   -350   -340   -334
    13      1    -315   -297   -317   -307   -327   -317   -301   -283
    14      0    -265   -297   -295   -299   -275   -279   -281   -269

##############################################################################
# SLOT 28  |  FR=W29 , BR=W28 , DBR=W30'
##############################################################################

  --- FR Window 29 : Alpha (state metrics after ACS) ---
  Step      S0     S1     S2     S3     S4     S5     S6     S7
     0    -326   -360   -368   -346   -366   -350   -358   -354
     1    -312   -328   -330   -344   -310   -340   -336   -342
     2    -292   -304   -290   -310   -282   -292   -312   -306
     3    -264   -280   -276   -256   -260   -286   -266   -262
     4    -254   -252   -248   -256   -250   -250   -260   -254
     5    -228   -230   -224   -230   -218   -234   -240   -220
     6    -209   -203   -205   -203   -205   -197   -193   -199
     7    -191   -187   -187   -181   -183   -167   -171   -167
     8    -177   -159   -173   -163   -183   -153   -173   -163
     9    -130   -124   -134   -134   -130   -114   -118   -134
    10    -107    -87    -99   -117   -101    -97   -117   -111
    11     -68    -74    -72    -90    -86    -90    -86    -66
    12     -45    -49    -57    -63    -65    -57    -59    -71
    13     -49    -57    -43    -43    -33    -49    -35    -55
    14     -11    -17    -27     -9     -7     -9    -23    -13

  --- FR Window 29 : Gamma R4 BMs ---
     0    -2   48  -26  -20    8    2   20  -30   20  -30    8    2  -26  -20   -2   48  -48    2   20   26   -2   -8   30  -20   30  -20   -2   -8   20   26  -48    2
     1    14  -16    0    2  -10  -12   -4   26   -4   26  -10  -12    0    2   14  -16   16  -14   -2    0   12   10  -26    4  -26    4   12   10   -2    0   16  -14
     2    20  -30    0   10   -8  -18  -12   38  -12   38   -8  -18    0   10   20  -30   30  -20  -10    0   18    8  -38   12  -38   12   18    8  -10    0   30  -20
     3   -44   -2   26   20    2    8   16  -26   16  -26    2    8   26   20  -44   -2    2   44  -20  -26   -8   -2   26  -16   26  -16   -8   -2  -20  -26    2   44
     4    10    2   -6   -6    8    8  -12   -4  -12   -4    8    8   -6   -6   10    2   -2  -10    6    6   -8   -8    4   12    4   12   -8   -8    6    6   -2  -10
     5   -34    2   20   12  -16   -8   30   -6   30   -6  -16   -8   20   12  -34    2   -2   34  -12  -20    8   16    6  -30    6  -30    8   16  -12  -20   -2   34
     6    -1    5   15  -19  -37   -3   23   17   23   17  -37   -3   15  -19   -1    5   -5    1   19  -15    3   37  -17  -23  -17  -23    3   37   19  -15   -5    1
     7    12  -26    2   12   18    8  -32    6  -32    6   18    8    2   12   12  -26   26  -12  -12   -2   -8  -18   -6   32   -6   32   -8  -18  -12   -2   26  -12
     8     2   -8    2    4   10    8  -14   -4  -14   -4   10    8    2    4    2   -8    8   -2   -4   -2   -8  -10    4   14    4   14   -8  -10   -4   -2    8   -2
     9   -29   29   -1    1   31   29   -1  -59   -1  -59   31   29   -1    1  -29   29  -29   29   -1    1  -29  -31   59    1   59    1  -29  -31   -1    1  -29   29
    10   -23   17    9   -3  -17   -5   31   -9   31   -9  -17   -5    9   -3  -23   17  -17   23    3   -9    5   17    9  -31    9  -31    5   17    3   -9  -17   23
    11     5   19  -31    7   27  -11   -1  -15   -1  -15   27  -11  -31    7    5   19  -19   -5   -7   31   11  -27   15    1   15    1   11  -27   -7   31  -19   -5
    12    23   -3  -19   -1    5  -13   -9   17   -9   17    5  -13  -19   -1   23   -3    3  -23    1   19   13   -5  -17    9  -17    9   13   -5    1   19    3  -23
    13   -16   -4    6   14    8    0    2  -10    2  -10    8    0    6   14  -16   -4    4   16  -14   -6    0   -8   10   -2   10   -2    0   -8  -14   -6    4   16
    14     4   46  -36  -14   16   -6   16  -26   16  -26   16   -6  -36  -14    4   46  -46   -4   14   36    6  -16   26  -16   26  -16    6  -16   14   36  -46   -4

  --- DBR Window 30' : Beta trace (backward, data read in reverse) ---
  Step      S0     S1     S2     S3     S4     S5     S6     S7
     0      12     14     28     30     28     30     12     14
     1      62     48     42     44     44     42     48     66
     2      82     72     84     76     66     58    104     78
     3     112    108    106    110    102     98    106     90
     4     129    133    119    123    107    111    127    131
     5     137    149    141    151    135    135    149    163
     6     170    170    154    164    162    178    198    166
     7     202    214    194    206    198    198    184    194
     8     248    218    226    226    230    230    244    232
     9     267    283    251    265    251    267    245    261
    10     293    277    277    261    287    283    291    299
    11     301    311    311    301    309    301    313    303
    12     339    353    323    321    323    321    339    341
    13     344    352    362    384    374    366    360    370
    14     390    388    370    374    410    388    386    384
  Final beta_init for BR:    390    388    370    374    410    388    386    384

  --- BR Window 28 : Beta init ---
     379    365    351    357    367    373    363    385

  --- BR Window 28 : Beta trace (pre-ACS, for LLR compute) ---
  Read order: step 14 down to 0
  Iter RdStep      S0     S1     S2     S3     S4     S5     S6     S7
     0     14     379    365    351    357    367    373    363    385
     1     13     394    378    390    374    390    384    406    388
     2     12     415    415    425    437    405    417    413    403
     3     11     446    434    450    450    448    440    468    456
     4     10     492    486    468    470    472    474    464    494
     5      9     499    491    507    511   -499   -511    501    501
     6      8    -474   -474   -494   -492   -512   -508   -484   -462
     7      7    -451   -445   -475   -465   -449   -445   -453   -469
     8      6    -441   -413   -411   -433   -431   -425   -425   -427
     9      5    -412   -408   -400   -396   -396   -398   -414   -410
    10      4    -390   -382   -382   -350   -376   -364   -374   -366
    11      3    -347   -345   -347   -361   -347   -343   -337   -335
    12      2    -326   -322   -316   -320   -314   -308   -332   -328
    13      1    -301   -297   -301   -293   -277   -287   -307   -311
    14      0    -286   -272   -270   -256   -284   -290   -266   -264

##############################################################################
# SLOT 29  |  FR=W30 , BR=W29 , DBR=W31'
##############################################################################

  --- FR Window 30 : Alpha (state metrics after ACS) ---
  Step      S0     S1     S2     S3     S4     S5     S6     S7
     0      -1     -1     -1     19      5      5      5      1
     1      64     26     20     50     28     28     22     30
     2     102     48     60     60     84     70     66     42
     3     108     94     84    102    116     74    102     94
     4     134    110    110    128    112    116    118    142
     5     153    133    141    177    163    135    143    151
     6     201    171    185    187    203    185    169    193
     7     221    213    215    207    217    209    205    235
     8     234    246    228    236    256    256    234    240
     9     242    270    276    268    252    280    260    258
    10     291    275    275    279    293    281    281    301
    11     321    313    287    315    299    305    285    317
    12     329    347    343    321    359    327    329    323
    13     383    363    363    359    357    373    357    373
    14     389    375    395    403    383    385    391    389

  --- FR Window 30 : Gamma R4 BMs ---
     0   -14  -16   26    4  -14    8    2    4    2    4  -14    8   26    4  -14  -16   16   14   -4  -26   -8   14   -4   -2   -4   -2   -8   14   -4  -26   16   14
     1   -29  -17    1   45   21  -23    7   -5    7   -5   21  -23    1   45  -29  -17   17   29  -45   -1   23  -21    5   -7    5   -7   23  -21  -45   -1   17   29
     2    38  -20  -10   -8   12   10  -40   18  -40   18   12   10  -10   -8   38  -20   20  -38    8   10  -10  -12  -18   40  -18   40  -10  -12    8   10   20  -38
     3     6  -14   18  -10   -4   24  -20    0  -20    0   -4   24   18  -10    6  -14   14   -6   10  -18  -24    4    0   20    0   20  -24    4   10  -18   14   -6
     4    26   10  -10  -26  -16    0    0   16    0   16  -16    0  -10  -26   26   10  -10  -26   26   10    0   16  -16    0  -16    0    0   16   26   10  -10  -26
     5    19   35  -35  -19    9   -7    7   -9    7   -9    9   -7  -35  -19   19   35  -35  -19   19   35    7   -9    9   -7    9   -7    7   -9   19   35  -35  -19
     6     2  -50   24   24    8    8  -34   18  -34   18    8    8   24   24    2  -50   50   -2  -24  -24   -8   -8  -18   34  -18   34   -8   -8  -24  -24   50   -2
     7    20    8    4  -32   -8   28  -16   -4  -16   -4   -8   28    4  -32   20    8   -8  -20   32   -4  -28    8    4   16    4   16  -28    8   32   -4   -8  -20
     8    -3  -35   11   27   13   -3  -21   11  -21   11   13   -3   11   27   -3  -35   35    3  -27  -11    3  -13  -11   21  -11   21    3  -13  -27  -11   35    3
     9     8  -18   12   -2  -24  -10    4   30    4   30  -24  -10   12   -2    8  -18   18   -8    2  -12   10   24  -30   -4  -30   -4   10   24    2  -12   18   -8
    10    17   21  -21  -17   -1   -5    5    1    5    1   -1   -5  -21  -17   17   21  -21  -17   17   21    5    1   -1   -5   -1   -5    5    1   17   21  -21  -17
    11    30   14  -20  -24   -6   -2   -4   12   -4   12   -6   -2  -20  -24   30   14  -14  -30   24   20    2    6  -12    4  -12    4    2    6   24   20  -14  -30
    12     2  -38   22   14  -14   -6  -10   30  -10   30  -14   -6   22   14    2  -38   38   -2  -14  -22    6   14  -30   10  -30   10    6   14  -14  -22   38   -2
    13    -6   36  -16  -14  -12  -14   34   -8   34   -8  -12  -14  -16  -14   -6   36  -36    6   14   16   14   12    8  -34    8  -34   14   12   14   16  -36    6
    14   -14    0  -16   30   18  -28   12   -2   12   -2   18  -28  -16   30  -14    0    0   14  -30   16   28  -18    2  -12    2  -12   28  -18  -30   16    0   14

  --- DBR Window 31' : Beta trace (backward, data read in reverse) ---
  Step      S0     S1     S2     S3     S4     S5     S6     S7
     0      23     23      7      7      7      7     23     23
     1      40     34     34     42     50     30     26     32
     2      45     63     61     81     61     63     49     65
     3      84     74     74     86     84     88     98    100
     4     125    109    111    115    113    117    141    117
     5     151    155    155    161    131    137    155    153
     6     174    164    180    192    190    192    156    164
     7     187    205    199    205    183    183    223    223
     8     227    217    221    227    221    215    223    233
     9     245    241    241    249    239    249    257    243
    10     268    262    288    274    280    266    268    262
    11     326    310    320    316    294    290    324    300
    12     345    339    351    341    317    325    335    329
    13     383    355    365    359    361    349    371    357
    14     385    399    385    385    363    377    365    375
  Final beta_init for BR:    385    399    385    385    363    377    365    375

  --- BR Window 29 : Beta init ---
     390    388    370    374    410    388    386    384

  --- BR Window 29 : Beta trace (pre-ACS, for LLR compute) ---
  Read order: step 14 down to 0
  Iter RdStep      S0     S1     S2     S3     S4     S5     S6     S7
     0     14     390    388    370    374    410    388    386    384
     1     13     412    436    424    446    404    420    414    420
     2     12     426    420    432    426    452    460    438    442
     3     11     455    449    453    471    473    461    449    469
     4     10     464    474    480    504    476    500    476    490
     5      9     511    499    481    493   -511   -507    509   -503
     6      8    -456   -482   -512   -510   -494   -496   -448   -474
     7      7    -444   -434   -454   -452   -472   -474   -466   -476
     8      6    -432   -434   -436   -432   -416   -426   -440   -428
     9      5    -413   -415   -397   -403   -409   -389   -411   -417
    10      4    -367   -375   -393   -395   -381   -373   -383   -383
    11      3    -357   -365   -373   -373   -367   -367   -369   -361
    12      2    -343   -323   -331   -337   -347   -353   -341   -317
    13      1    -317   -293   -323   -333   -327   -317   -287   -285
    14      0    -303   -283   -275   -277   -287   -285   -269   -267

##############################################################################
# SLOT 30  |  FR=W31 , BR=W30 , DBR=W32'
##############################################################################

  --- FR Window 31 : Alpha (state metrics after ACS) ---
  Step      S0     S1     S2     S3     S4     S5     S6     S7
     0     405    401    403    405    423    397    409    405
     1     423    441    437    443    429    425    429    433
     2     452    454    460    434    448    456    464    440
     3     480    484    492    466    484   -502    510    470
     4     493   -487    507   -501    491   -485   -501   -489
     5    -479   -469   -467   -463   -477   -477   -493   -477
     6    -459   -475   -461   -469   -459   -473   -459   -467
     7    -444   -444   -446   -436   -452   -428   -428   -450
     8    -417   -391   -399   -423   -429   -409   -425   -427
     9    -385   -383   -347   -401   -379   -389   -381   -387
    10    -320   -374   -346   -352   -344   -376   -344   -340
    11    -333   -331   -323   -321   -337   -309   -285   -327
    12    -308   -282   -296   -284   -290   -266   -312   -278
    13    -271   -259   -273   -267   -269   -247   -265   -263
    14    -244   -246   -256   -240   -236   -242   -248   -240

  --- FR Window 31 : Gamma R4 BMs ---
     0     2   16  -20    2    8  -14   10   -4   10   -4    8  -14  -20    2    2   16  -16   -2   -2   20   14   -8    4  -10    4  -10   14   -8   -2   20  -16   -2
     1   -28   10   20   -2  -24   -2   32   -6   32   -6  -24   -2   20   -2  -28   10  -10   28    2  -20    2   24    6  -32    6  -32    2   24    2  -20  -10   28
     2    -7   -1   -1    9  -17  -27   25   19   25   19  -17  -27   -1    9   -7   -1    1    7   -9    1   27   17  -19  -25  -19  -25   27   17   -9    1    1    7
     3   -30   26    0    4   32   28   -2  -58   -2  -58   32   28    0    4  -30   26  -26   30   -4    0  -28  -32   58    2   58    2  -28  -32   -4    0  -26   30
     4     3    9  -13    1  -17  -31   27   21   27   21  -17  -31  -13    1    3    9   -9   -3   -1   13   31   17  -21  -27  -21  -27   31   17   -1   13   -9   -3
     5   -10  -24   12   22   -8  -18    6   20    6   20   -8  -18   12   22  -10  -24   24   10  -22  -12   18    8  -20   -6  -20   -6   18    8  -22  -12   24   10
     6   -10    0    8    2   -4    2    6   -4    6   -4   -4    2    8    2  -10    0    0   10   -2   -8   -2    4    4   -6    4   -6   -2    4   -2   -8    0   10
     7    -7   31  -15   -9   15    9    7  -31    7  -31   15    9  -15   -9   -7   31  -31    7    9   15   -9  -15   31   -7   31   -7   -9  -15    9   15  -31    7
     8   -11   -1   29  -17   -9   37   -9  -19   -9  -19   -9   37   29  -17  -11   -1    1   11   17  -29  -37    9   19    9   19    9  -37    9   17  -29    1   11
     9    16  -38   14    8  -20  -14  -10   44  -10   44  -20  -14   14    8   16  -38   38  -16   -8  -14   14   20  -44   10  -44   10   14   20   -8  -14   38  -16
    10   -17  -41   27   31    1   -3  -11   13  -11   13    1   -3   27   31  -17  -41   41   17  -31  -27    3   -1  -13   11  -13   11    3   -1  -31  -27   41   17
    11   -13   19    3   -9   13   25   -3  -35   -3  -35   13   25    3   -9  -13   19  -19   13    9   -3  -25  -13   35    3   35    3  -25  -13    9   -3  -19   13
    12     1   23  -31    7   27  -11    3  -19    3  -19   27  -11  -31    7    1   23  -23   -1   -7   31   11  -27   19   -3   19   -3   11  -27   -7   31  -23   -1
    13    17   11   -1  -27  -19    7    3    9    3    9  -19    7   -1  -27   17   11  -11  -17   27    1   -7   19   -9   -3   -9   -3   -7   19   27    1  -11  -17
    14   -23   15    1    7    7    1   15  -23   15  -23    7    1    1    7  -23   15  -15   23   -7   -1   -1   -7   23  -15   23  -15   -1   -7   -7   -1  -15   23

  --- DBR Window 32' : Beta trace (backward, data read in reverse) ---
  Step      S0     S1     S2     S3     S4     S5     S6     S7
     0      11      5      7      9      7      9     11      5
     1      58     44     32     36     30     34     56     42
     2      60     72     78     58     56     64     58     50
     3      89     87     83     77     77     71     87     81
     4      93    107     97     95     91     99     97     95
     5     111    117    137    117    147    119    113    119
     6     179    173    143    143    149    143    151    145
     7     163    171    173    219    203    183    173    167
     8     218    206    198    202    220    226    226    204
     9     251    235    219    227    227    219    251    235
    10     248    266    260    286    256    254    264    246
    11     285    273    271    267    279    283    291    311
    12     295    295    319    305    311    325    301    307
    13     325    321    317    321    323    327    323    327
    14     342    334    350    338    354    336    346    338
  Final beta_init for BR:    342    334    350    338    354    336    346    338

  --- BR Window 30 : Beta init ---
     385    399    385    385    363    377    365    375

  --- BR Window 30 : Beta trace (pre-ACS, for LLR compute) ---
  Read order: step 14 down to 0
  Iter RdStep      S0     S1     S2     S3     S4     S5     S6     S7
     0     14     385    399    385    385    363    377    365    375
     1     13     397    385    403    415    417    415    411    397
     2     12     437    433    431    433    429    427    423    451
     3     11     467    461    459    451    455    447    489    463
     4     10     497    493    491    495    487    483    481    473
     5      9    -510   -506    504    508    492    494   -512   -508
     6      8    -502   -490   -498   -488   -504   -506   -490   -476
     7      7    -469   -469   -485   -475   -477   -461   -441   -473
     8      6    -437   -425   -445   -433   -441   -441   -455   -445
     9      5    -391   -421   -413   -413   -409   -409   -395   -407
    10      4    -372   -356   -388   -374   -388   -372   -394   -378
    11      3    -346   -362   -362   -378   -352   -356   -348   -340
    12      2    -338   -328   -328   -338   -330   -338   -326   -336
    13      1    -300   -286   -316   -318   -316   -318   -300   -298
    14      0    -295   -287   -277   -255   -265   -273   -279   -269

##############################################################################
# SLOT 31  |  FR=W32 , BR=W31 , DBR=W33'
##############################################################################

  --- FR Window 32 : Alpha (state metrics after ACS) ---
  Step      S0     S1     S2     S3     S4     S5     S6     S7
     0    -227   -223   -219   -229   -231   -209   -229   -229
     1    -205   -207   -221   -199   -213   -207   -221   -215
     2    -197   -197   -181   -205   -185   -185   -185   -193
     3    -172   -160   -172   -168   -178   -170   -174   -178
     4    -145   -145   -143   -163   -151   -135   -133   -157
     5    -134   -122   -122   -134   -140   -108   -120   -128
     6    -121    -95    -89   -101   -119    -89    -97   -105
     7     -61    -89    -59    -49    -73    -85    -71    -81
     8     -23    -73    -43    -41    -29    -71    -49    -39
     9     -17     11     -3    -43    -19    -19     -9    -41
    10      29      1      7     -5      7     -5      7     -1
    11      58     12     16     36     22     12     20     22
    12      54     32     56     42     74     38     62     36
    13      65    113    105     71     63     95     77     81
    14     116     88    118     94    116    104    112     94

  --- FR Window 32 : Gamma R4 BMs ---
     0   -11    7   -9   13   -5  -27   25    7   25    7   -5  -27   -9   13  -11    7   -7   11  -13    9   27    5   -7  -25   -7  -25   27    5  -13    9   -7   11
     1   -10  -14   14   10   -2    2   -2    2   -2    2   -2    2   14   10  -10  -14   14   10  -10  -14   -2    2   -2    2   -2    2   -2    2  -10  -14   14   10
     2     4   10  -14    0  -14  -28   24   18   24   18  -14  -28  -14    0    4   10  -10   -4    0   14   28   14  -18  -24  -18  -24   28   14    0   14  -10   -4
     3   -15   25   -7   -3   -3   -7   25  -15   25  -15   -3   -7   -7   -3  -15   25  -25   15    3    7    7    3   15  -25   15  -25    7    3    3    7  -25   15
     4    -3   15    9  -21  -35   -5   29   11   29   11  -35   -5    9  -21   -3   15  -15    3   21   -9    5   35  -11  -29  -11  -29    5   35   21   -9  -15    3
     5    -5   11   -7    1   21   13   -9  -25   -9  -25   21   13   -7    1   -5   11  -11    5   -1    7  -13  -21   25    9   25    9  -13  -21   -1    7  -11    5
     6     7  -15    1    7  -19  -25   11   33   11   33  -19  -25    1    7    7  -15   15   -7   -7   -1   25   19  -33  -11  -33  -11   25   19   -7   -1   15   -7
     7   -22  -10   -8   40   30  -18    0  -12    0  -12   30  -18   -8   40  -22  -10   10   22  -40    8   18  -30   12    0   12    0   18  -30  -40    8   10   22
     8   -26  -32   32   26    0    6   -6    0   -6    0    0    6   32   26  -26  -32   32   26  -26  -32   -6    0    0    6    0    6   -6    0  -26  -32   32   26
     9     2   -4  -22   24   40   -6  -20  -14  -20  -14   40   -6  -22   24    2   -4    4   -2  -24   22    6  -40   14   20   14   20    6  -40  -24   22    4   -2
    10     4   18  -18   -4    4  -10   10   -4   10   -4    4  -10  -18   -4    4   18  -18   -4    4   18   10   -4    4  -10    4  -10   10   -4    4   18  -18   -4
    11    29    7  -21  -15    5   -1  -13    9  -13    9    5   -1  -21  -15   29    7   -7  -29   15   21    1   -5   -9   13   -9   13    1   -5   15   21   -7  -29
    12    -4  -16   20    0    0   20  -16   -4  -16   -4    0   20   20    0   -4  -16   16    4    0  -20  -20    0    4   16    4   16  -20    0    0  -20   16    4
    13   -23   33   -3   -7  -25  -21   51   -5   51   -5  -25  -21   -3   -7  -23   33  -33   23    7    3   21   25    5  -51    5  -51   21   25    7    3  -33   23
    14    -3    3    1   -1   -9   -7   11    5   11    5   -9   -7    1   -1   -3    3   -3    3    1   -1    7    9   -5  -11   -5  -11    7    9    1   -1   -3    3

  --- DBR Window 33' : Beta trace (backward, data read in reverse) ---
  Step      S0     S1     S2     S3     S4     S5     S6     S7
     0      34     12     36     14     36     14     34     12
     1      56     50     50     56     30     36     32     26
     2      65     57     77     77     77     77     61     57
     3     100     96     86     80    102     94     80     78
     4     129    127    109    105    119    113    107    141
     5     147    123    137    151    133    133    169    143
     6     153    163    197    175    161    165    157    149
     7     206    234    192    172    200    194    182    200
     8     205    225    215    209    239    251    233    213
     9     281    259    243    249    253    243    299    249
    10     303    309    319    295    293    289    265    259
    11     302    304    340    364    332    354    308    306
    12     351    361    355    345    367    377    385    377
    13     389    391    399    397    391    407    381    383
    14     432    420    408    412    412    408    424    446
  Final beta_init for BR:    432    420    408    412    412    408    424    446

  --- BR Window 31 : Beta init ---
     342    334    350    338    354    336    346    338

  --- BR Window 31 : Beta trace (pre-ACS, for LLR compute) ---
  Read order: step 14 down to 0
  Iter RdStep      S0     S1     S2     S3     S4     S5     S6     S7
     0     14     342    334    350    338    354    336    346    338
     1     13     369    377    357    353    341    345    359    361
     2     12     386    380    368    378    388    384    380    386
     3     11     399    409    395    419    407    417    403    401
     4     10     438    420    416    420    422    434    452    438
     5      9     463    463    465    469    447    451    479    455
     6      8     485    509    493    499    483    477    493    507
     7      7    -512    502   -510   -494   -496   -478    508   -506
     8      6    -485   -481   -487   -481   -487   -491   -447   -463
     9      5    -443   -453   -449   -443   -465   -471   -463   -453
    10      4    -441   -429   -431   -421   -431   -421   -429   -433
    11      3    -404   -410   -398   -412   -390   -404   -402   -408
    12      2    -344   -360   -366   -370   -378   -382   -346   -378
    13      1    -341   -345   -319   -329   -355   -361   -335   -341
    14      0    -287   -325   -321   -311   -309   -331   -313   -313

##############################################################################
# SLOT 32  |  FR=W33 , BR=W32 , DBR=W34'
##############################################################################

  --- FR Window 33 : Alpha (state metrics after ACS) ---
  Step      S0     S1     S2     S3     S4     S5     S6     S7
     0     133    125    127    131    157    133    127    153
     1     145    181    151    163    161    171    141    163
     2     194    176    168    184    210    172    176    192
     3     205    217    229    247    203    209    213    227
     4     261    237    263    237    287    237    249    249
     5     267    315    291    279    263    297    309    287
     6     334    314    296    308    316    330    316    300
     7     341    337    351    349    355    351    331    337
     8     363    363    363    365    357    383    379    359
     9     387    375    377    405    391    377    375    407
    10     414    414    422    402    414    454    422    402
    11     419    445    437    459    417    471    447    457
    12     480    478    466    492    454    478    466    482
    13    -510    496    492    500    500    490    486    486
    14    -476    502   -512   -504   -496    504   -510   -488

  --- FR Window 33 : Gamma R4 BMs ---
     0    15  -41   15   11    9   13  -39   17  -39   17    9   13   15   11   15  -41   41  -15  -11  -15  -13   -9  -17   39  -17   39  -13   -9  -11  -15   41  -15
     1    12   10  -30    8   24  -14   -6   -4   -6   -4   24  -14  -30    8   12   10  -10  -12   -8   30   14  -24    4    6    4    6   14  -24   -8   30  -10  -12
     2   -29   13    3   13   15    5   11  -31   11  -31   15    5    3   13  -29   13  -13   29  -13   -3   -5  -15   31  -11   31  -11   -5  -15  -13   -3  -13   29
     3   -11   -9   37  -17   -9   45  -17  -19  -17  -19   -9   45   37  -17  -11   -9    9   11   17  -37  -45    9   19   17   19   17  -45    9   17  -37    9   11
     4    16   10  -40   14   34  -20  -10   -4  -10   -4   34  -20  -40   14   16   10  -10  -16  -14   40   20  -34    4   10    4   10   20  -34  -14   40  -10  -16
     5   -20   30  -10    0   28   18    2  -48    2  -48   28   18  -10    0  -20   30  -30   20    0   10  -18  -28   48   -2   48   -2  -18  -28    0   10  -30   20
     6    -1   19   -3  -15    5   17   -1  -21   -1  -21    5   17   -3  -15   -1   19  -19    1   15    3  -17   -5   21    1   21    1  -17   -5   15    3  -19    1
     7     7  -21   -5   19  -11  -35    9   37    9   37  -11  -35   -5   19    7  -21   21   -7  -19    5   35   11  -37   -9  -37   -9   35   11  -19    5   21   -7
     8     6  -12   -8   14   -6  -28    8   26    8   26   -6  -28   -8   14    6  -12   12   -6  -14    8   28    6  -26   -8  -26   -8   28    6  -14    8   12   -6
     9    -2  -28    8   22    6   -8  -12   14  -12   14    6   -8    8   22   -2  -28   28    2  -22   -8    8   -6  -14   12  -14   12    8   -6  -22   -8   28    2
    10    27  -27   -3    3   23   17  -47    7  -47    7   23   17   -3    3   27  -27   27  -27   -3    3  -17  -23   -7   47   -7   47  -17  -23   -3    3   27  -27
    11    -3    1   -3    5  -17  -25   23   19   23   19  -17  -25   -3    5   -3    1   -1    3   -5    3   25   17  -19  -23  -19  -23   25   17   -5    3   -1    3
    12    -7  -35   21   21    7    7  -21    7  -21    7    7    7   21   21   -7  -35   35    7  -21  -21   -7   -7   -7   21   -7   21   -7   -7  -21  -21   35    7
    13     2  -20   -4   22   10  -16   -8   14   -8   14   10  -16   -4   22    2  -20   20   -2  -22    4   16  -10  -14    8  -14    8   16  -10  -22    4   20   -2
    14    34   12  -10  -36  -14   12  -10   12  -10   12  -14   12  -10  -36   34   12  -12  -34   36   10  -12   14  -12   10  -12   10  -12   14   36   10  -12  -34

  --- DBR Window 34' : Beta trace (backward, data read in reverse) ---
  Step      S0     S1     S2     S3     S4     S5     S6     S7
     0      16     16     18     18     18     18     16     16
     1      36     28     26     38     28     36     38     26
     2      52     56     58     52     60     54     50     54
     3      62     66     84     72     78     76     62     64
     4     100    100     84     80     88     90     82     86
     5     117    105    135    111    115    113    115    105
     6     139    139    143    137    137    125    125    125
     7     169    155    149    153    149    151    165    151
     8     188    178    202    176    186    182    174    180
     9     192    196    212    230    188    206    198    204
    10     209    221    235    213    225    251    235    229
    11     247    259    239    267    247    283    251    247
    12     265    273    271    291    301    311    297    283
    13     295    311    317    325    309    307    319    325
    14     364    342    346    334    334    338    358    358
  Final beta_init for BR:    364    342    346    334    334    338    358    358

  --- BR Window 32 : Beta init ---
     432    420    408    412    412    408    424    446

  --- BR Window 32 : Beta trace (pre-ACS, for LLR compute) ---
  Read order: step 14 down to 0
  Iter RdStep      S0     S1     S2     S3     S4     S5     S6     S7
     0     14     432    420    408    412    412    408    424    446
     1     13     429    435    433    433    447    445    443    449
     2     12     484    470    464    468    466    470    486    472
     3     11     490    502    504    486    488    490    488    486
     4     10    -505   -511    509    509    507    507   -509    511
     5      9    -501   -487   -499   -499   -507   -495   -501   -497
     6      8    -487   -481   -459   -477   -447   -475   -481   -475
     7      7    -415   -421   -455   -453   -445   -451   -443   -449
     8      6    -431   -423   -423   -375   -391   -413   -421   -427
     9      5    -376   -390   -396   -392   -374   -368   -368   -390
    10      4    -343   -359   -375   -367   -369   -377   -343   -359
    11      3    -346   -328   -334   -308   -338   -342   -330   -348
    12      2    -309   -321   -323   -327   -315   -311   -303   -283
    13      1    -299   -299   -275   -289   -283   -269   -293   -287
    14      0    -269   -273   -277   -273   -271   -267   -271   -267

##############################################################################
# SLOT 33  |  FR=W34 , BR=W33 , DBR=W35'
##############################################################################

  --- FR Window 34 : Alpha (state metrics after ACS) ---
  Step      S0     S1     S2     S3     S4     S5     S6     S7
     0    -491   -463   -429   -469   -489   -469   -471   -455
     1    -451   -453   -419   -443   -413   -441   -431   -445
     2    -399   -381   -387   -397   -427   -395   -401   -419
     3    -357   -391   -357   -397   -377   -363   -365   -379
     4    -352   -354   -334   -342   -336   -356   -354   -344
     5    -322   -326   -314   -324   -328   -322   -332   -330
     6    -281   -295   -297   -295   -297   -309   -299   -301
     7    -281   -273   -255   -293   -279   -273   -273   -285
     8    -229   -269   -265   -253   -253   -263   -257   -253
     9    -230   -248   -236   -218   -200   -246   -234   -228
    10    -200   -200   -214   -194   -224   -188   -218   -206
    11    -190   -174   -180   -204   -190   -166   -172   -200
    12    -158   -150   -170   -150   -160   -164   -156   -148
    13    -144   -144   -130   -142   -140   -136   -138   -138
    14    -128   -118   -124   -122   -112   -122   -128   -122

  --- FR Window 34 : Gamma R4 BMs ---
     0   -33   19    1   13  -15  -27   47   -5   47   -5  -15  -27    1   13  -33   19  -19   33  -13   -1   27   15    5  -47    5  -47   27   15  -13   -1  -19   33
     1    28   12  -24  -16   10    2  -14    2  -14    2   10    2  -24  -16   28   12  -12  -28   16   24   -2  -10   -2   14   -2   14   -2  -10   16   24  -12  -28
     2   -26  -12   -6   44   32  -18    0  -14    0  -14   32  -18   -6   44  -26  -12   12   26  -44    6   18  -32   14    0   14    0   18  -32  -44    6   12   26
     3    -2  -22   30   -6  -32    4    4   24    4   24  -32    4   30   -6   -2  -22   22    2    6  -30   -4   32  -24   -4  -24   -4   -4   32    6  -30   22    2
     4     5  -21   -5   21   23   -3  -23    3  -23    3   23   -3   -5   21    5  -21   21   -5  -21    5    3  -23   -3   23   -3   23    3  -23  -21    5   21   -5
     5     0   -6   12   -6   10   28  -22  -16  -22  -16   10   28   12   -6    0   -6    6    0    6  -12  -28  -10   16   22   16   22  -28  -10    6  -12    6    0
     6   -29   -7   33    3   -3   27   -1  -23   -1  -23   -3   27   33    3  -29   -7    7   29   -3  -33  -27    3   23    1   23    1  -27    3   -3  -33    7   29
     7   -16   -2    4   14  -14  -24   26   12   26   12  -14  -24    4   14  -16   -2    2   16  -14   -4   24   14  -12  -26  -12  -26   24   14  -14   -4    2   16
     8   -20  -20   26   14  -10    2    4    4    4    4  -10    2   26   14  -20  -20   20   20  -14  -26   -2   10   -4   -4   -4   -4   -2   10  -14  -26   20   20
     9   -17  -29   35   11  -11   13   -7    5   -7    5  -11   13   35   11  -17  -29   29   17  -11  -35  -13   11   -5    7   -5    7  -13   11  -11  -35   29   17
    10   -22   -2    6   18    0  -12   16   -4   16   -4    0  -12    6   18  -22   -2    2   22  -18   -6   12    0    4  -16    4  -16   12    0  -18   -6    2   22
    11    10    2   12  -24  -22   14    0    8    0    8  -22   14   12  -24   10    2   -2  -10   24  -12  -14   22   -8    0   -8    0  -14   22   24  -12   -2  -10
    12   -14  -24   22   16   10   16  -18   -8  -18   -8   10   16   22   16  -14  -24   24   14  -16  -22  -16  -10    8   18    8   18  -16  -10  -16  -22   24   14
    13   -10    6   10   -6    4   20   -4  -20   -4  -20    4   20   10   -6  -10    6   -6   10    6  -10  -20   -4   20    4   20    4  -20   -4    6  -10   -6   10
    14     8   16   -6  -18    6   18   -8  -16   -8  -16    6   18   -6  -18    8   16  -16   -8   18    6  -18   -6   16    8   16    8  -18   -6   18    6  -16   -8

  --- DBR Window 35' : Beta trace (backward, data read in reverse) ---
  Step      S0     S1     S2     S3     S4     S5     S6     S7
     0      21     27     41     19     41     19     21     27
     1      71     71     69     57     67     43     57     57
     2      98     92     86    100     86    102     84     82
     3     128    108     98    104    104    100    130    126
     4     131    125    159    157    135    127    129    145
     5     184    188    156    156    182    182    194    154
     6     184    190    236    202    224    186    216    206
     7     244    266    268    258    222    214    228    236
     8     282    284    258    272    272    270    280    282
     9     301    325    303    319    293    309    311    335
    10     328    328    336    336    354    334    370    350
    11     378    388    382    396    354    360    370    384
    12     401    393    383    395    409    401    419    411
    13     451    431    419    419    421    419    433    433
    14     452    452    480    446    448    458    438    454
  Final beta_init for BR:    452    452    480    446    448    458    438    454

  --- BR Window 33 : Beta init ---
     364    342    346    334    334    338    358    358

  --- BR Window 33 : Beta trace (pre-ACS, for LLR compute) ---
  Read order: step 14 down to 0
  Iter RdStep      S0     S1     S2     S3     S4     S5     S6     S7
     0     14     364    342    346    334    334    338    358    358
     1     13     398    376    370    372    394    368    368    354
     2     12     414    392    394    420    386    394    374    390
     3     11     421    401    435    435    441    441    425    415
     4     10     458    454    450    444    466    458    432    436
     5      9     493    479    473    469    477    471    471    505
     6      8     505    487    501   -509    485    497   -491    507
     7      7     511   -497   -463   -485   -499   -495   -503   -511
     8      6    -454   -426   -468   -492   -460   -466   -478   -460
     9      5    -455   -435   -445   -451   -421   -409   -427   -447
    10      4    -379   -401   -417   -411   -407   -417   -361   -411
    11      3    -357   -351   -341   -365   -367   -371   -395   -401
    12      2    -358   -356   -320   -296   -328   -306   -352   -354
    13      1    -309   -299   -305   -315   -293   -283   -275   -283
    14      0    -271   -269   -261   -263   -269   -253   -279   -277

##############################################################################
# SLOT 34  |  FR=W35 , BR=W34 , DBR=W36'
##############################################################################

  --- FR Window 35 : Alpha (state metrics after ACS) ---
  Step      S0     S1     S2     S3     S4     S5     S6     S7
     0     -95    -95    -95    -83    -97   -109   -109   -101
     1     -79    -83    -57    -81    -73    -77    -63    -79
     2     -56    -64    -56    -40    -32    -60    -70    -48
     3     -36    -28    -14    -14    -30    -20    -14    -14
     4      21     11     -3      5     -1      5     11     21
     5      42     38     48     42     64     32     42     74
     6      62     90     56     78     72     66     76     88
     7      88    104    100    102     86    138    140     96
     8     120    168    122    156    122    142    142    158
     9     181    187    197    167    169    177    187    191
    10     228    202    196    200    206    204    194    210
    11     258    224    216    224    236    234    226    222
    12     235    265    255    251    249    267    299    247
    13     271    329    295    297    267    297    303    301
    14     356    316    324    328    336    312    328    308

  --- FR Window 35 : Gamma R4 BMs ---
     0   -21    1   29   -9  -11   27    3  -19    3  -19  -11   27   29   -9  -21    1   -1   21    9  -29  -27   11   19   -3   19   -3  -27   11    9  -29   -1   21
     1   -22   16   16  -10    0   26    6  -32    6  -32    0   26   16  -10  -22   16  -16   22   10  -16  -26    0   32   -6   32   -6  -26    0   10  -16  -16   22
     2    23   15  -13  -25    1   13  -11   -3  -11   -3    1   13  -13  -25   23   15  -15  -23   25   13  -13   -1    3   11    3   11  -13   -1   25   13  -15  -23
     3   -34   12   18    4  -26  -12   42   -4   42   -4  -26  -12   18    4  -34   12  -12   34   -4  -18   12   26    4  -42    4  -42   12   26   -4  -18  -12   34
     4    -7  -35   35    7  -25    3   -3   25   -3   25  -25    3   35    7   -7  -35   35    7   -7  -35   -3   25  -25    3  -25    3   -3   25   -7  -35   35    7
     5   -53   -5   21   37    5  -11   27  -21   27  -21    5  -11   21   37  -53   -5    5   53  -37  -21   11   -5   21  -27   21  -27   11   -5  -37  -21    5   53
     6     6    4   14  -24  -34    4   14   16   14   16  -34    4   14  -24    6    4   -4   -6   24  -14   -4   34  -16  -14  -16  -14   -4   34   24  -14   -4   -6
     7    26  -20   -8    2   32   22  -50   -4  -50   -4   32   22   -8    2   26  -20   20  -26   -2    8  -22  -32    4   50    4   50  -22  -32   -2    8   20  -26
     8    -4    6  -20   18   -4  -42   28   18   28   18   -4  -42  -20   18   -4    6   -6    4  -18   20   42    4  -18  -28  -18  -28   42    4  -18   20   -6    4
     9    -1  -49   25   25   -5   -5  -19   29  -19   29   -5   -5   25   25   -1  -49   49    1  -25  -25    5    5  -29   19  -29   19    5    5  -25  -25   49    1
    10   -19   -3   31   -9  -27   13   15   -1   15   -1  -27   13   31   -9  -19   -3    3   19    9  -31  -13   27    1  -15    1  -15  -13   27    9  -31    3   19
    11    30   -8  -18   -4   12   -2  -24   14  -24   14   12   -2  -18   -4   30   -8    8  -30    4   18    2  -12  -14   24  -14   24    2  -12    4   18    8  -30
    12   -25   11   15   -1   15   31   -5  -41   -5  -41   15   31   15   -1  -25   11  -11   25    1  -15  -31  -15   41    5   41    5  -31  -15    1  -15  -11   25
    13    -2   -2  -16   20  -12  -48   30   30   30   30  -12  -48  -16   20   -2   -2    2    2  -20   16   48   12  -30  -30  -30  -30   48   12  -20   16    2    2
    14    21   27   -7  -41  -15   19    1   -5    1   -5  -15   19   -7  -41   21   27  -27  -21   41    7  -19   15    5   -1    5   -1  -19   15   41    7  -27  -21

  --- DBR Window 36' : Beta trace (backward, data read in reverse) ---
  Step      S0     S1     S2     S3     S4     S5     S6     S7
     0      24     16     24     16     24     16     24     16
     1      34     32     56     48     48     40     26     24
     2      86     58     58     48     50     62     62     66
     3     124     94     78     80     86     80     86     94
     4     139    147    101    119    107    127     99    103
     5     135    141    141    145    157    153    181    169
     6     191    207    177    183    173    195    165    179
     7     189    205    225    205    217    213    219    211
     8     235    241    241    249    235    243    251    233
     9     251    251    265    257    257    249    255    255
    10     274    284    268    266    266    268    272    270
    11     302    284    284    290    298    306    298    288
    12     309    315    321    325    317    333    309    305
    13     338    358    346    328    362    346    342    346
    14     375    389    373    373    365    365    363    401
  Final beta_init for BR:    375    389    373    373    365    365    363    401

  --- BR Window 34 : Beta init ---
     452    452    480    446    448    458    438    454

  --- BR Window 34 : Beta trace (pre-ACS, for LLR compute) ---
  Read order: step 14 down to 0
  Iter RdStep      S0     S1     S2     S3     S4     S5     S6     S7
     0     14     452    452    480    446    448    458    438    454
     1     13     472    468    486    498    472    470    474    466
     2     12     494    482    490    506    508    492    490    504
     3     11    -492   -502   -508    510   -496   -502   -496   -506
     4     10    -482   -490   -472   -474   -482   -480   -502   -494
     5      9    -456   -460   -472   -464   -468   -456   -474   -472
     6      8    -439   -451   -421   -445   -429   -445   -443   -449
     7      7    -409   -409   -413   -419   -419   -431   -429   -429
     8      6    -387   -401   -405   -395   -407   -405   -383   -397
     9      5    -360   -378   -354   -378   -362   -374   -382   -368
    10      4    -356   -360   -344   -326   -362   -350   -358   -352
    11      3    -341   -335   -321   -335   -331   -305   -321   -327
    12      2    -309   -297   -311   -289   -305   -273   -305   -309
    13      1    -291   -279   -279   -265   -255   -245   -259   -273
    14      0    -261   -245   -239   -231   -247   -249   -237   -231

##############################################################################
# SLOT 35  |  FR=W36 , BR=W35 , DBR=W37'
##############################################################################

  --- FR Window 36 : Alpha (state metrics after ACS) ---
  Step      S0     S1     S2     S3     S4     S5     S6     S7
     0     391    351    359    363    369    355    347    347
     1     396    364    408    406    406    368    400    388
     2     427    425    421    425    405    417    433    405
     3     431    439    447    419    443    463    457    427
     4     456    462    458    474    448    474    460    474
     5     472    484    472    480    484    480    480    484
     6    -506    500    500   -498   -512    504    504   -512
     7    -484   -508   -492   -478   -490   -506   -484   -480
     8    -464   -458   -460   -464   -452   -454   -474   -480
     9    -456   -440   -430   -448   -448   -422   -430   -456
    10    -417   -425   -417   -415   -415   -427   -415   -389
    11    -379   -353   -389   -377   -397   -377   -397   -395
    12    -335   -367   -349   -377   -343   -355   -355   -379
    13    -337   -329   -325   -331   -335   -311   -317   -333
    14    -315   -293   -313   -295   -313   -311   -301   -303

  --- FR Window 36 : Gamma R4 BMs ---
     0    35  -13  -11  -11  -19  -19   -5   43   -5   43  -19  -19  -11  -11   35  -13   13  -35   11   11   19   19  -43    5  -43    5   19   19   11   11   13  -35
     1   -41  -15   37   19  -13    5   17   -9   17   -9  -13    5   37   19  -41  -15   15   41  -19  -37   -5   13    9  -17    9  -17   -5   13  -19  -37   15   41
     2   -17   -5   19    3  -27  -11   25   13   25   13  -27  -11   19    3  -17   -5    5   17   -3  -19   11   27  -13  -25  -13  -25   11   27   -3  -19    5   17
     3   -18    6   10    2   14   22   -6  -30   -6  -30   14   22   10    2  -18    6   -6   18   -2  -10  -22  -14   30    6   30    6  -22  -14   -2  -10   -6   18
     4    -3  -17    9   11  -11  -13    5   19    5   19  -11  -13    9   11   -3  -17   17    3  -11   -9   13   11  -19   -5  -19   -5   13   11  -11   -9   17    3
     5     6    6  -10   -2   -6  -14   10   10   10   10   -6  -14  -10   -2    6    6   -6   -6    2   10   14    6  -10  -10  -10  -10   14    6    2   10   -6   -6
     6    46   10  -32  -24    6   -2  -20   16  -20   16    6   -2  -32  -24   46   10  -10  -46   24   32    2   -6  -16   20  -16   20    2   -6   24   32  -10  -46
     7   -32  -16   34   14  -14    6   12   -4   12   -4  -14    6   34   14  -32  -16   16   32  -14  -34   -6   14    4  -12    4  -12   -6   14  -14  -34   16   32
     8    20    4  -26    2   32    4  -26  -10  -26  -10   32    4  -26    2   20    4   -4  -20   -2   26   -4  -32   10   26   10   26   -4  -32   -2   26   -4  -20
     9   -10    2    2    6  -26  -30   34   22   34   22  -26  -30    2    6  -10    2   -2   10   -6   -2   30   26  -22  -34  -22  -34   30   26   -6   -2   -2   10
    10    15   23  -33   -5   13  -15    5   -3    5   -3   13  -15  -33   -5   15   23  -23  -15    5   33   15  -13    3   -5    3   -5   15  -13    5   33  -23  -15
    11    38  -10   -8  -20  -18   -6  -12   36  -12   36  -18   -6   -8  -20   38  -10   10  -38   20    8    6   18  -36   12  -36   12    6   18   20    8   10  -38
    12   -10   18    2  -10  -22  -10   30    2   30    2  -22  -10    2  -10  -10   18  -18   10   10   -2   10   22   -2  -30   -2  -30   10   22   10   -2  -18   10
    13    -2    0  -22   24   14  -32   10    8   10    8   14  -32  -22   24   -2    0    0    2  -24   22   32  -14   -8  -10   -8  -10   32  -14  -24   22    0    2
    14   -16    8   -8   16    0  -24   24    0   24    0    0  -24   -8   16  -16    8   -8   16  -16    8   24    0    0  -24    0  -24   24    0  -16    8   -8   16

  --- DBR Window 37' : Beta trace (backward, data read in reverse) ---
  Step      S0     S1     S2     S3     S4     S5     S6     S7
     0      15      7     17     25     17     25     15      7
     1      58     38     44     38     54     48     48     34
     2      86     82     86     74     66     56     66     62
     3      87     85    105    107     93    103     75     81
     4     136    114    100    100    114    108    118    134
     5     134    156    130    144    136    160    124    136
     6     160    156    188    160    188    186    170    166
     7     200    194    194    214    210    192    180    174
     8     217    215    245    219    217    219    231    229
     9     259    247    255    257    257    241    241    259
    10     301    279    289    281    287    279    303    271
    11     322    338    314    310    294    292    306    314
    12     339    335    333    341    349    341    357    355
    13     360    362    374    386    380    370    362    364
    14     396    388    386    384    394    392    384    392
  Final beta_init for BR:    396    388    386    384    394    392    384    392

  --- BR Window 35 : Beta init ---
     375    389    373    373    365    365    363    401

  --- BR Window 35 : Beta trace (pre-ACS, for LLR compute) ---
  Read order: step 14 down to 0
  Iter RdStep      S0     S1     S2     S3     S4     S5     S6     S7
     0     14     375    389    373    373    365    365    363    401
     1     13     396    402    406    392    442    408    394    400
     2     12     444    444    442    458    456    420    432    432
     3     11     473    481    459    473    473    475    461    469
     4     10     503    485    477    491    493    487    503    499
     5      9     504   -512   -490   -494   -502   -510    502   -506
     6      8    -453   -461   -495   -495   -469   -469   -457   -483
     7      7    -457   -447   -415   -435   -427   -463   -433   -443
     8      6    -407   -383   -383   -393   -415   -425   -409   -413
     9      5    -369   -367   -391   -375   -379   -379   -369   -367
    10      4    -348   -326   -348   -332   -354   -338   -340   -314
    11      3    -319   -323   -313   -315   -297   -313   -279   -301
    12      2    -271   -263   -267   -253   -297   -287   -281   -267
    13      1    -248   -256   -266   -254   -242   -250   -230   -238
    14      0    -198   -220   -232   -230   -228   -230   -218   -216

##############################################################################
# SLOT 36  |  FR=W37 , BR=W36 , DBR=W38'
##############################################################################

  --- FR Window 37 : Alpha (state metrics after ACS) ---
  Step      S0     S1     S2     S3     S4     S5     S6     S7
     0    -287   -279   -285   -297   -285   -289   -273   -295
     1    -256   -246   -260   -272   -260   -260   -268   -260
     2    -235   -249   -237   -241   -205   -235   -223   -219
     3    -222   -196   -228   -192   -200   -184   -214   -188
     4    -170   -164   -172   -162   -178   -174   -182   -170
     5    -134   -162   -150   -140   -134   -152   -140   -140
     6    -117   -127   -115   -123   -115   -133   -127    -99
     7    -109    -93   -105    -85    -97    -91    -91   -107
     8     -71    -61    -55    -65    -53    -65    -59    -45
     9     -41    -31    -33    -25    -39    -41    -43    -39
    10      -4    -12    -10    -12    -12    -28    -20    -20
    11       9     -7      9      7      5    -13      1      3
    12      37      7     11     29     41      3     15     37
    13      52     58     28     70     78     46     38     56
    14      65     63     73     89     59     75     95     95

  --- FR Window 37 : Gamma R4 BMs ---
     0    -8    6    8   -6  -22   -8   22    8   22    8  -22   -8    8   -6   -8    6   -6    8    6   -8    8   22   -8  -22   -8  -22    8   22    6   -8   -6    8
     1     1   23    1  -25  -29   -3   27    5   27    5  -29   -3    1  -25    1   23  -23   -1   25   -1    3   29   -5  -27   -5  -27    3   29   25   -1  -23   -1
     2   -41   11   11   19   11    3   19  -33   19  -33   11    3   11   19  -41   11  -11   41  -19  -11   -3  -11   33  -19   33  -19   -3  -11  -19  -11  -11   41
     3    13  -35   13    9    9   13  -35   13  -35   13    9   13   13    9   13  -35   35  -13   -9  -13  -13   -9  -13   35  -13   35  -13   -9   -9  -13   35  -13
     4    -8  -44   30   22  -10   -2  -12   24  -12   24  -10   -2   30   22   -8  -44   44    8  -22  -30    2   10  -24   12  -24   12    2   10  -22  -30   44    8
     5   -30  -12   38    4  -22   12   14   -4   14   -4  -22   12   38    4  -30  -12   12   30   -4  -38  -12   22    4  -14    4  -14  -12   22   -4  -38   12   30
     6    17   15    3  -35  -13   25   -7   -5   -7   -5  -13   25    3  -35   17   15  -15  -17   35   -3  -25   13    5    7    5    7  -25   13   35   -3  -15  -17
     7     8   14  -26    4    6  -24   12    6   12    6    6  -24  -26    4    8   14  -14   -8   -4   26   24   -6   -6  -12   -6  -12   24   -6   -4   26  -14   -8
     8    26   22    4  -52  -26   30   -4    0   -4    0  -26   30    4  -52   26   22  -22  -26   52   -4  -30   26    0    4    0    4  -30   26   52   -4  -22  -26
     9    -2   20  -26    8   22  -12    6  -16    6  -16   22  -12  -26    8   -2   20  -20    2   -8   26   12  -22   16   -6   16   -6   12  -22   -8   26  -20    2
    10   -19   27   -7   -1   -5  -11   31  -15   31  -15   -5  -11   -7   -1  -19   27  -27   19    1    7   11    5   15  -31   15  -31   11    5    1    7  -27   19
    11     1   -5   19  -15  -13   21   -7   -1   -7   -1  -13   21   19  -15    1   -5    5   -1   15  -19  -21   13    1    7    1    7  -21   13   15  -19    5   -1
    12    28   24  -20  -32   -8    4    0    4    0    4   -8    4  -20  -32   28   24  -24  -28   32   20   -4    8   -4    0   -4    0   -4    8   32   20  -24  -28
    13   -11  -41   29   23   -9   -3   -9   21   -9   21   -9   -3   29   23  -11  -41   41   11  -23  -29    3    9  -21    9  -21    9    3    9  -23  -29   41   11
    14    -1    7   11  -17  -25    3   15    7   15    7  -25    3   11  -17   -1    7   -7    1   17  -11   -3   25   -7  -15   -7  -15   -3   25   17  -11   -7    1

  --- DBR Window 38' : Beta trace (backward, data read in reverse) ---
  Step      S0     S1     S2     S3     S4     S5     S6     S7
     0      20     22     46     26     46     26     20     22
     1      71     77     45     43     43     49     47     53
     2      76     64     64     80     96     80     60     72
     3      86    102     96    132    106    108     90    106
     4     117    105    117    139    119    139    163    145
     5     186    160    160    146    144    158    162    170
     6     189    199    203    187    183    187    185    187
     7     228    236    208    206    204    210    224    234
     8     231    225    269    255    247    247    261    253
     9     313    279    273    285    267    271    269    285
    10     329    313    303    307    291    295    301    285
    11     315    325    331    345    321    323    317    307
    12     360    348    340    344    370    350    354    350
    13     365    373    405    393    385    389    365    357
    14     434    412    406    388    414    416    402    400
  Final beta_init for BR:    434    412    406    388    414    416    402    400

  --- BR Window 36 : Beta init ---
     396    388    386    384    394    392    384    392

  --- BR Window 36 : Beta trace (pre-ACS, for LLR compute) ---
  Read order: step 14 down to 0
  Iter RdStep      S0     S1     S2     S3     S4     S5     S6     S7
     0     14     396    388    386    384    394    392    384    392
     1     13     410    410    408    412    416    400    412    408
     2     12     418    418    444    438    432    436    420    418
     3     11     474    446    442    442    446    458    448    456
     4     10    -512    478    466    466    476    476    480    482
     5      9    -497   -489    495    509    491   -509    483    489
     6      8    -495   -495   -495   -491   -479   -483   -455   -467
     7      7    -445   -429   -459   -453   -463   -441   -471   -457
     8      6    -447   -431   -411   -431   -419   -423   -417   -425
     9      5    -401   -395   -395   -387   -401   -393   -385   -403
    10      4    -385   -385   -371   -379   -379   -387   -381   -381
    11      3    -362   -352   -368   -370   -370   -368   -364   -366
    12      2    -334   -352   -352   -346   -338   -330   -338   -348
    13      1    -327   -321   -315   -311   -319   -303   -327   -331
    14      0    -298   -278   -290   -308   -274   -290   -294   -290

##############################################################################
# SLOT 37  |  FR=W38 , BR=W37 , DBR=W39'
##############################################################################

  --- FR Window 38 : Alpha (state metrics after ACS) ---
  Step      S0     S1     S2     S3     S4     S5     S6     S7
     0     112    124     94    102     92    100     98    122
     1     137    131    133    135    129    139    141    127
     2     158    170    166    154    158    166    162    154
     3     170    166    174    182    184    168    172    168
     4     186    188    182    188    192    184    178    190
     5     208    222    230    210    220    208    212    222
     6     271    239    239    261    235    239    241    239
     7     286    266    296    286    284    270    300    262
     8     313    303    313    301    309    327    313    297
     9     320    330    330    346    328    336    336    322
    10     351    345    347    367    379    337    345    369
    11     371    389    367    395    403    405    373    379
    12     404    422    398    414    402    400    406    412
    13     415    443    453    419    429    423    437    431
    14     499    449    445    475    465    447    443    457

  --- FR Window 38 : Gamma R4 BMs ---
     0   -27    7   -3   23    1  -25   29   -5   29   -5    1  -25   -3   23  -27    7   -7   27  -23    3   25   -1    5  -29    5  -29   25   -1  -23    3   -7   27
     1     5   13   17  -35  -39   13   17    9   17    9  -39   13   17  -35    5   13  -13   -5   35  -17  -13   39   -9  -17   -9  -17  -13   39   35  -17  -13   -5
     2   -27    5   25   -3  -27    1   29   -3   29   -3  -27    1   25   -3  -27    5   -5   27    3  -25   -1   27    3  -29    3  -29   -1   27    3  -25   -5   27
     3   -14   -4    2   16    8   -6    4   -6    4   -6    8   -6    2   16  -14   -4    4   14  -16   -2    6   -8    6   -4    6   -4    6   -8  -16   -2    4   14
     4    16    0  -10   -6    4    0  -10    6  -10    6    4    0  -10   -6   16    0    0  -16    6   10    0   -4   -6   10   -6   10    0   -4    6   10    0  -16
     5   -32   20   12    0  -24  -12   44   -8   44   -8  -24  -12   12    0  -32   20  -20   32    0  -12   12   24    8  -44    8  -44   12   24    0  -12  -20   32
     6   -13  -27   41   -1  -31   11    3   17    3   17  -31   11   41   -1  -13  -27   27   13    1  -41  -11   31  -17   -3  -17   -3  -11   31    1  -41   27   13
     7    -7   47  -23  -17    5   -1   25  -29   25  -29    5   -1  -23  -17   -7   47  -47    7   17   23    1   -5   29  -25   29  -25    1   -5   17   23  -47    7
     8   -17   13   17  -13   -3   27    3  -27    3  -27   -3   27   17  -13  -17   13  -13   17   13  -17  -27    3   27   -3   27   -3  -27    3   13  -17  -13   17
     9   -25    1    5   19   17    3    3  -23    3  -23   17    3    5   19  -25    1   -1   25  -19   -5   -3  -17   23   -3   23   -3   -3  -17  -19   -5   -1   25
    10    31   13  -33  -11   17   -5  -15    3  -15    3   17   -5  -33  -11   31   13  -13  -31   11   33    5  -17   -3   15   -3   15    5  -17   11   33  -13  -31
    11    10   26  -36    0   10  -26   16    0   16    0   10  -26  -36    0   10   26  -26  -10    0   36   26  -10    0  -16    0  -16   26  -10    0   36  -26  -10
    12     5   -7   -7    9   19    3  -17   -5  -17   -5   19    3   -7    9    5   -7    7   -5   -9    7   -3  -19    5   17    5   17   -3  -19   -9    7    7   -5
    13     7  -25   17    1  -23   -7   -1   31   -1   31  -23   -7   17    1    7  -25   25   -7   -1  -17    7   23  -31    1  -31    1    7   23   -1  -17   25   -7
    14   -22  -20   46   -4  -24   26    0   -2    0   -2  -24   26   46   -4  -22  -20   20   22    4  -46  -26   24    2    0    2    0  -26   24    4  -46   20   22

  --- DBR Window 39' : Beta trace (backward, data read in reverse) ---
  Step      S0     S1     S2     S3     S4     S5     S6     S7
     0      17     17     13     13     13     13     17     17
     1      30     36     42     48     46     52     26     32
     2      51     53     61     63     47     57     69     79
     3     112     94     72     72     78     78    100    126
     4     119    111    125    123    115    113    157    121
     5     167    157    149    175    155    139    129    139
     6     183    181    165    191    173    199    181    189
     7     208    206    206    198    224    216    224    214
     8     250    238    244    244    244    234    242    230
     9     258    258    268    262    262    254    252    252
    10     285    315    275    279    277    281    283    305
    11     291    305    329    309    327    327    331    345
    12     334    354    344    344    346    362    352    350
    13     377    397    357    363    367    373    387    401
    14     402    400    394    398    400    390    416    434
  Final beta_init for BR:    402    400    394    398    400    390    416    434

  --- BR Window 37 : Beta init ---
     434    412    406    388    414    416    402    400

  --- BR Window 37 : Beta trace (pre-ACS, for LLR compute) ---
  Read order: step 14 down to 0
  Iter RdStep      S0     S1     S2     S3     S4     S5     S6     S7
     0     14     434    412    406    388    414    416    402    400
     1     13     433    441    445    427    417    441    427    419
     2     12     458    466    462    456    456    450    460    462
     3     11     486    482    488    476    494    482    484    480
     4     10     499    493    509    509    495    503    485    489
     5      9    -484   -498    504    502   -510    508   -500   -488
     6      8    -484   -464   -488   -476   -476   -462   -492   -486
     7      7    -458   -462   -424   -458   -434   -434   -450   -454
     8      6    -412   -418   -418   -408   -410   -428   -440   -444
     9      5    -395   -397   -375   -393   -405   -393   -391   -393
    10      4    -361   -375   -357   -363   -355   -371   -381   -363
    11      3    -311   -333   -331   -339   -333   -341   -319   -351
    12      2    -298   -284   -298   -302   -324   -320   -316   -306
    13      1    -279   -283   -287   -279   -273   -281   -265   -265
    14      0    -260   -256   -248   -236   -240   -252   -256   -256

##############################################################################
# SLOT 38  |  FR=W39 , BR=W38 , DBR=W40'
##############################################################################

  --- FR Window 39 : Alpha (state metrics after ACS) ---
  Step      S0     S1     S2     S3     S4     S5     S6     S7
     0     496    468   -506    476    498    472   -510    490
     1    -483   -485   -503   -503   -505   -485   -503   -483
     2    -458   -474   -476   -478   -476   -460   -462   -468
     3    -452   -438   -442   -436   -450   -430   -430   -438
     4    -431   -391   -391   -409   -429   -403   -409   -407
     5    -373   -393   -377   -397   -379   -383   -383   -395
     6    -377   -341   -339   -367   -377   -357   -347   -363
     7    -318   -304   -334   -340   -320   -340   -314   -342
     8    -312   -310   -272   -308   -290   -292   -302   -286
     9    -260   -264   -280   -270   -238   -274   -290   -256
    10    -253   -229   -237   -225   -229   -231   -253   -249
    11    -210   -218   -214   -214   -182   -210   -210   -202
    12    -189   -171   -193   -187   -199   -175   -191   -167
    13    -164   -140   -152   -160   -164   -148   -152   -170
    14    -139   -149   -123   -141   -137   -135   -143   -135

  --- FR Window 39 : Gamma R4 BMs ---
     0   -33    1   11   21    3   -7   19  -15   19  -15    3   -7   11   21  -33    1   -1   33  -21  -11    7   -3   15  -19   15  -19    7   -3  -21  -11   -1   33
     1   -51   -1   23   29    3   -3   25  -25   25  -25    3   -3   23   29  -51   -1    1   51  -29  -23    3   -3   25  -25   25  -25    3   -3  -29  -23    1   51
     2    25   -7  -17   -1   15   -1  -23    9  -23    9   15   -1  -17   -1   25   -7    7  -25    1   17    1  -15   -9   23   -9   23    1  -15    1   17    7  -25
     3     6   -8  -22   24    0  -46   16   30   16   30    0  -46  -22   24    6   -8    8   -6  -24   22   46    0  -30  -16  -30  -16   46    0  -24   22    8   -6
     4    21  -23    3   -1  -27  -23    3   47    3   47  -27  -23    3   -1   21  -23   23  -21    1   -3   23   27  -47   -3  -47   -3   23   27    1   -3   23  -21
     5   -12  -12   18    6  -20   -8   14   14   14   14  -20   -8   18    6  -12  -12   12   12   -6  -18    8   20  -14  -14  -14  -14    8   20   -6  -18   12   12
     6    -4    8  -20   16   38    2  -14  -26  -14  -26   38    2  -20   16   -4    8   -8    4  -16   20   -2  -38   26   14   26   14   -2  -38  -16   20   -8    4
     7   -21   23   -5    3  -17  -25   43   -1   43   -1  -17  -25   -5    3  -21   23  -23   21   -3    5   25   17    1  -43    1  -43   25   17   -3    5  -23   21
     8     6  -28   -2   24   -2  -28   -2   32   -2   32   -2  -28   -2   24    6  -28   28   -6  -24    2   28    2  -32    2  -32    2   28    2  -24    2   28   -6
     9     6   16   12  -34  -18   28    0  -10    0  -10  -18   28   12  -34    6   16  -16   -6   34  -12  -28   18   10    0   10    0  -28   18   34  -12  -16   -6
    10     7  -31   13   11   -9   -7  -11   27  -11   27   -9   -7   13   11    7  -31   31   -7  -11  -13    7    9  -27   11  -27   11    7    9  -11  -13   31   -7
    11   -47   17   15   15   11   11   21  -43   21  -43   11   11   15   15  -47   17  -17   47  -15  -15  -11  -11   43  -21   43  -21  -11  -11  -15  -15  -17   47
    12    21   -1   -5  -15   11   21  -27   -5  -27   -5   11   21   -5  -15   21   -1    1  -21   15    5  -21  -11    5   27    5   27  -21  -11   15    5    1  -21
    13    13    7    9  -29   -3   35  -19  -13  -19  -13   -3   35    9  -29   13    7   -7  -13   29   -9  -35    3   13   19   13   19  -35    3   29   -9   -7  -13
    14    -3  -17   13    7  -13   -7    3   17    3   17  -13   -7   13    7   -3  -17   17    3   -7  -13    7   13  -17   -3  -17   -3    7   13   -7  -13   17    3

  --- DBR Window 40' : Beta trace (backward, data read in reverse) ---
  Step      S0     S1     S2     S3     S4     S5     S6     S7
     0      10     16     26     20     26     20     10     16
     1      66     54     24     26     34     32     56     46
     2      77     71     67     89     83     61     55     61
     3      96     90     90     88     94     90    106     96
     4     103    113    123    125    107    109    103    113
     5     152    144    150    128    156    150    142    134
     6     165    173    173    177    167    153    165    157
     7     184    200    218    186    218    198    182    188
     8     247    231    239    245    221    227    217    247
     9     250    244    256    262    254    260    274    254
    10     274    270    290    270    276    282    260    262
    11     302    304    302    318    310    314    282    290
    12     338    324    308    316    340    330    340    334
    13     362    372    348    368    364    346    356    362
    14     379    371    395    397    401    387    387    395
  Final beta_init for BR:    379    371    395    397    401    387    387    395

  --- BR Window 38 : Beta init ---
     402    400    394    398    400    390    416    434

  --- BR Window 38 : Beta trace (pre-ACS, for LLR compute) ---
  Read order: step 14 down to 0
  Iter RdStep      S0     S1     S2     S3     S4     S5     S6     S7
     0     14     402    400    394    398    400    390    416    434
     1     13     420    422    448    440    444    426    454    456
     2     12     469    479    461    477    457    449    481    453
     3     11     486    498    480    478    498    486    482    474
     4     10     496   -512    508   -490   -512    510   -510    504
     5      9    -497   -495   -499   -479   -495   -487   -459   -477
     6      8    -436   -462   -462   -476   -474   -460   -464   -452
     7      7    -437   -423   -419   -435   -439   -435   -433   -435
     8      6    -394   -390   -414   -416   -418   -412   -398   -388
     9      5    -391   -397   -353   -367   -375   -379   -361   -373
    10      4    -309   -343   -349   -337   -355   -355   -353   -341
    11      3    -293   -309   -319   -315   -335   -331   -321   -337
    12      2    -307   -297   -291   -277   -301   -299   -305   -315
    13      1    -262   -274   -282   -278   -252   -272   -268   -272
    14      0    -257   -249   -217   -229   -237   -233   -257   -265

##############################################################################
# SLOT 39  |  FR=W40 , BR=W39 , DBR=W41'
##############################################################################

  --- FR Window 40 : Alpha (state metrics after ACS) ---
  Step      S0     S1     S2     S3     S4     S5     S6     S7
     0     -90   -112   -124   -104   -112    -94   -100   -126
     1     -74    -72    -84    -64    -68    -90    -80    -78
     2     -56    -44    -38    -62    -58    -42    -48    -64
     3     -18    -36    -26      2    -16    -30    -10    -28
     4      22     -4    -14    -10     10      0    -10     -6
     5      25     25      1     19     49     21     23     17
     6      46     70     46     56     54     66     74     52
     7      77     99     91     87     71     93    105     85
     8     112     98    114    118    116    120    106    114
     9     143    135    141    145    137    163    161    139
    10     150    174    158    168    146    182    164    164
    11     169    199    185    183    173    199    209    187
    12     206    206    214    222    214    230    214    218
    13     234    246    234    242    246    244    232    254
    14     262    256    254    270    260    264    262    272

  --- FR Window 40 : Gamma R4 BMs ---
     0    -7  -15   33  -11  -41    3   15   23   15   23  -41    3   33  -11   -7  -15   15    7   11  -33   -3   41  -23  -15  -23  -15   -3   41   11  -33   15    7
     1     0  -22   -8   30   40    2  -32  -10  -32  -10   40    2   -8   30    0  -22   22    0  -30    8   -2  -40   10   32   10   32   -2  -40  -30    8   22    0
     2   -14   16   -6    4  -16  -26   36    6   36    6  -16  -26   -6    4  -14   16  -16   14   -4    6   26   16   -6  -36   -6  -36   26   16   -4    6  -16   14
     3   -28  -20    4   44   12  -28   12    4   12    4   12  -28    4   44  -28  -20   20   28  -44   -4   28  -12   -4  -12   -4  -12   28  -12  -44   -4   20   28
     4    -8   -4   -8   20   12  -16    4    0    4    0   12  -16   -8   20   -8   -4    4    8  -20    8   16  -12    0   -4    0   -4   16  -12  -20    8    4    8
     5     3  -27    9   15   15    9  -27    3  -27    3   15    9    9   15    3  -27   27   -3  -15   -9   -9  -15   -3   27   -3   27   -9  -15  -15   -9   27   -3
     6    21  -29    7    1   21   27  -49    1  -49    1   21   27    7    1   21  -29   29  -21   -1   -7  -27  -21   -1   49   -1   49  -27  -21   -1   -7   29  -21
     7     5  -11  -15   21   45    9  -35  -19  -35  -19   45    9  -15   21    5  -11   11   -5  -21   15   -9  -45   19   35   19   35   -9  -45  -21   15   11   -5
     8   -17   -9    1   25   23   -1   -7  -15   -7  -15   23   -1    1   25  -17   -9    9   17  -25   -1    1  -23   15    7   15    7    1  -23  -25   -1    9   17
     9    -7    1  -19   25   -3  -47   29   21   29   21   -3  -47  -19   25   -7    1   -1    7  -25   19   47    3  -21  -29  -21  -29   47    3  -25   19   -1    7
    10     7   -3   -1   -3  -19  -17   13   23   13   23  -19  -17   -1   -3    7   -3    3   -7    3    1   17   19  -23  -13  -23  -13   17   19    3    1    3   -7
    11    17  -13   -5    1   23   17  -35   -5  -35   -5   23   17   -5    1   17  -13   13  -17   -1    5  -17  -23    5   35    5   35  -17  -23   -1    5   13  -17
    12   -15   -9    1   23   29    7  -15  -21  -15  -21   29    7    1   23  -15   -9    9   15  -23   -1   -7  -29   21   15   21   15   -7  -29  -23   -1    9   15
    13    14  -40   14   12   -2    0  -26   28  -26   28   -2    0   14   12   14  -40   40  -14  -12  -14    0    2  -28   26  -28   26    0    2  -12  -14   40  -14
    14     4   16    6  -26  -20   12   10   -2   10   -2  -20   12    6  -26    4   16  -16   -4   26   -6  -12   20    2  -10    2  -10  -12   20   26   -6  -16   -4

  --- DBR Window 41' : Beta trace (backward, data read in reverse) ---
  Step      S0     S1     S2     S3     S4     S5     S6     S7
     0      19     39     43     17     43     17     19     39
     1      46     52     80     70     76     66     42     50
     2      88     96    102     98     74     70    112    102
     3     125     99    119    109    103    113    113    127
     4     133    135    131    141    135    125    129    135
     5     142    144    152    150    152    154    138    152
     6     159    163    183    171    183    163    167    171
     7     211    203    183    191    187    171    199    183
     8     207    215    249    221    229    217    207    211
     9     268    248    238    242    224    228    234    232
    10     273    285    255    259    251    247    253    259
    11     283    291    285    283    271    277    293    321
    12     319    295    305    325    327    309    325    337
    13     348    340    358    354    342    360    358    350
    14     370    364    372    384    380    386    364    370
  Final beta_init for BR:    370    364    372    384    380    386    364    370

  --- BR Window 39 : Beta init ---
     379    371    395    397    401    387    387    395

  --- BR Window 39 : Beta trace (pre-ACS, for LLR compute) ---
  Read order: step 14 down to 0
  Iter RdStep      S0     S1     S2     S3     S4     S5     S6     S7
     0     14     379    371    395    397    401    387    387    395
     1     13     418    412    394    400    410    404    412    398
     2     12     431    431    439    429    427    447    417    423
     3     11     452    444    450    460    442    452    452    474
     4     10     495    489    467    467    475    475    495   -503
     5      9     506    506    508    506    510    508   -472   -508
     6      8    -462   -472   -480   -454   -474   -490   -506   -502
     7      7    -446   -448   -464   -438   -456   -430   -448   -440
     8      6    -421   -423   -423   -431   -405   -413   -405   -415
     9      5    -379   -391   -385   -385   -385   -395   -387   -399
    10      4    -371   -371   -361   -367   -367   -375   -377   -377
    11      3    -344   -314   -354   -350   -352   -348   -346   -324
    12      2    -338   -324   -300   -320   -302   -302   -298   -284
    13      1    -295   -275   -285   -285   -283   -267   -277   -279
    14      0    -252   -232   -272   -266   -262   -256   -242   -228

##############################################################################
# SLOT 40  |  FR=W41 , BR=W40 , DBR=W42'
##############################################################################

  --- FR Window 41 : Alpha (state metrics after ACS) ---
  Step      S0     S1     S2     S3     S4     S5     S6     S7
     0     272    278    278    288    284    290    296    290
     1     323    309    297    325    293    317    311    317
     2     319    345    357    325    325    349    357    333
     3     369    369    381    367    361    379    371    375
     4     386    378    384    392    390    378    382    392
     5     389    401    405    403    391    397    403    401
     6     443    411    417    429    429    411    417    429
     7     455    449    437    445    471    449    437    445
     8     472    468    464    466    468    454    464    502
     9     479    489    485   -511    481    501    485    505
    10     505   -501   -489    503    511   -497    511    499
    11    -484   -496   -486   -482   -476   -500   -482   -500
    12    -464   -454   -464   -468   -474   -436   -438   -472
    13    -441   -433   -427   -415   -441   -431   -421   -409
    14    -398   -370   -394   -414   -404   -398   -384   -408

  --- FR Window 41 : Gamma R4 BMs ---
     0    10   16    4  -30  -26    8   12    6   12    6  -26    8    4  -30   10   16  -16  -10   30   -4   -8   26   -6  -12   -6  -12   -8   26   30   -4  -16  -10
     1   -13  -21   -1   35    3  -33   11   19   11   19    3  -33   -1   35  -13  -21   21   13  -35    1   33   -3  -19  -11  -19  -11   33   -3  -35    1   21   13
     2   -16    8   14   -6  -32  -12   34   10   34   10  -32  -12   14   -6  -16    8   -8   16    6  -14   12   32  -10  -34  -10  -34   12   32    6  -14   -8   16
     3    10  -18   12   -4  -30  -14    8   36    8   36  -30  -14   12   -4   10  -18   18  -10    4  -12   14   30  -36   -8  -36   -8   14   30    4  -12   18  -10
     4     5   17  -13   -9    3   -1    5   -7    5   -7    3   -1  -13   -9    5   17  -17   -5    9   13    1   -3    7   -5    7   -5    1   -3    9   13  -17   -5
     5    -9   11    1   -3  -11   -7   19   -1   19   -1  -11   -7    1   -3   -9   11  -11    9    3   -1    7   11    1  -19    1  -19    7   11    3   -1  -11    9
     6   -28  -20   38   10  -14   14    4   -4    4   -4  -14   14   38   10  -28  -20   20   28  -10  -38  -14   14    4   -4    4   -4  -14   14  -10  -38   20   28
     7    12  -28   16    0   -8    8  -20   20  -20   20   -8    8   16    0   12  -28   28  -12    0  -16   -8    8  -20   20  -20   20   -8    8    0  -16   28  -12
     8    17   21   -7  -31   -5   19   -5   -9   -5   -9   -5   19   -7  -31   17   21  -21  -17   31    7  -19    5    9    5    9    5  -19    5   31    7  -21  -17
     9    -3   11    9  -17   -7   19    1  -13    1  -13   -7   19    9  -17   -3   11  -11    3   17   -9  -19    7   13   -1   13   -1  -19    7   17   -9  -11    3
    10     8   -2    2   -8   12   22  -22  -12  -22  -12   12   22    2   -8    8   -2    2   -8    8   -2  -22  -12   12   22   12   22  -22  -12    8   -2    2   -8
    11   -25    5    5   15    3   -7   17  -13   17  -13    3   -7    5   15  -25    5   -5   25  -15   -5    7   -3   13  -17   13  -17    7   -3  -15   -5   -5   25
    12   -20   32   -8   -4   22   18    6  -46    6  -46   22   18   -8   -4  -20   32  -32   20    4    8  -18  -22   46   -6   46   -6  -18  -22    4    8  -32   20
    13    23   -3  -27    7   37    3  -33   -7  -33   -7   37    3  -27    7   23   -3    3  -23   -7   27   -3  -37    7   33    7   33   -3  -37   -7   27    3  -23
    14     7  -13  -11   17  -15  -43   19   39   19   39  -15  -43  -11   17    7  -13   13   -7  -17   11   43   15  -39  -19  -39  -19   43   15  -17   11   13   -7

  --- DBR Window 42' : Beta trace (backward, data read in reverse) ---
  Step      S0     S1     S2     S3     S4     S5     S6     S7
     0      18     22     22     18     22     18     18     22
     1      33     33     39     47     39     47     33     33
     2      63     49     49     49     63     63     57     63
     3     105     93     85     83     91     89    105     93
     4     121    127    119    121    101     99    123    111
     5     125    125    141    147    141    151    127    127
     6     163    163    159    161    161    183    155    155
     7     194    210    178    180    190    188    206    208
     8     204    202    250    232    232    220    228    230
     9     277    267    241    269    261    261    235    245
    10     269    305    279    263    267    283    287    297
    11     289    289    297    293    311    323    309    309
    12     328    354    332    322    324    320    330    368
    13     345    345    349    351    371    371    389    367
    14     386    400    386    404    378    386    382    382
  Final beta_init for BR:    386    400    386    404    378    386    382    382

  --- BR Window 40 : Beta init ---
     370    364    372    384    380    386    364    370

  --- BR Window 40 : Beta trace (pre-ACS, for LLR compute) ---
  Read order: step 14 down to 0
  Iter RdStep      S0     S1     S2     S3     S4     S5     S6     S7
     0     14     370    364    372    384    380    386    364    370
     1     13     382    386    406    384    396    406    388    400
     2     12     436    434    404    406    406    408    440    432
     3     11     461    455    437    459    463    441    441    447
     4     10     478    476    462    468    478    472    476    476
     5      9     485    485    493    495    489    491    489    499
     6      8    -502   -510   -488    510   -486   -504   -510    506
     7      7    -477   -469   -465   -477   -487   -489   -489   -497
     8      6    -470   -454   -420   -456   -424   -456   -470   -454
     9      5    -395   -419   -399   -393   -433   -427   -425   -407
    10      4    -392   -396   -384   -380   -384   -378   -380   -400
    11      3    -380   -376   -364   -372   -362   -360   -378   -382
    12      2    -342   -334   -350   -336   -332   -328   -362   -354
    13      1    -314   -318   -336   -326   -302   -312   -298   -320
    14      0    -280   -266   -296   -284   -278   -296   -298   -280

##############################################################################
# SLOT 41  |  FR=W42 , BR=W41 , DBR=W43'
##############################################################################

  --- FR Window 42 : Alpha (state metrics after ACS) ---
  Step      S0     S1     S2     S3     S4     S5     S6     S7
     0    -379   -385   -347   -365   -383   -383   -359   -369
     1    -342   -362   -330   -358   -358   -354   -338   -338
     2    -321   -323   -295   -317   -325   -293   -317   -321
     3    -301   -303   -293   -297   -281   -295   -285   -267
     4    -275   -275   -281   -239   -275   -259   -275   -259
     5    -248   -242   -242   -246   -260   -218   -198   -244
     6    -208   -180   -222   -180   -230   -216   -198   -184
     7    -133   -163   -173   -137   -161   -175   -175   -173
     8    -101   -143   -137   -139   -111   -151   -129   -151
     9     -97   -127   -101    -91   -105   -127   -101    -83
    10     -75    -75    -85    -91    -67    -61    -99    -71
    11     -47    -43    -19    -43    -45    -35    -57    -41
    12     -27    -33    -23    -25    -11    -19     -3    -27
    13     -12      6     -6     12      0     10     -2      6
    14      16     28     30     22     28     18     20     28

  --- FR Window 42 : Gamma R4 BMs ---
     0    19  -15    7  -11  -15    3  -11   23  -11   23  -15    3    7  -11   19  -15   15  -19   11   -7   -3   15  -23   11  -23   11   -3   15   11   -7   15  -19
     1     1  -21   -3   23   17   -9  -15    7  -15    7   17   -9   -3   23    1  -21   21   -1  -23    3    9  -17   -7   15   -7   15    9  -17  -23    3   21   -1
     2    21  -17  -11    7   35   17  -45   -7  -45   -7   35   17  -11    7   21  -17   17  -21   -7   11  -17  -35    7   45    7   45  -17  -35   -7   11   17  -21
     3    20   20  -26  -14    2  -10    4    4    4    4    2  -10  -26  -14   20   20  -20  -20   14   26   10   -2   -4   -4   -4   -4   10   -2   14   26  -20  -20
     4    -8   28   -2  -18    0   16   10  -26   10  -26    0   16   -2  -18   -8   28  -28    8   18    2  -16    0   26  -10   26  -10  -16    0   18    2  -28    8
     5   -15   -5   29   -9  -41   -3   27   17   27   17  -41   -3   29   -9  -15   -5    5   15    9  -29    3   41  -17  -27  -17  -27    3   41    9  -29    5   15
     6   -12  -14  -12   38    6  -44   18   20   18   20    6  -44  -12   38  -12  -14   14   12  -38   12   44   -6  -20  -18  -20  -18   44   -6  -38   12   14   12
     7   -11   47  -19  -17   -5   -7   35  -23   35  -23   -5   -7  -19  -17  -11   47  -47   11   17   19    7    5   23  -35   23  -35    7    5   17   19  -47   11
     8   -22  -22    8   36   18  -10   -4   -4   -4   -4   18  -10    8   36  -22  -22   22   22  -36   -8   10  -18    4    4    4    4   10  -18  -36   -8   22   22
     9     4    4   20  -28  -24   24    0    0    0    0  -24   24   20  -28    4    4   -4   -4   28  -20  -24   24    0    0    0    0  -24   24   28  -20   -4   -4
    10     0  -30   14   16    8    6  -22    8  -22    8    8    6   14   16    0  -30   30    0  -16  -14   -6   -8   -8   22   -8   22   -6   -8  -16  -14   30    0
    11   -30   28    0    2  -26  -28   56   -2   56   -2  -26  -28    0    2  -30   28  -28   30   -2    0   28   26    2  -56    2  -56   28   26   -2    0  -28   30
    12     0   16   -8   -8  -16  -16   24    8   24    8  -16  -16   -8   -8    0   16  -16    0    8    8   16   16   -8  -24   -8  -24   16   16    8    8  -16    0
    13    15   -3  -25   13   17  -21   -7   11   -7   11   17  -21  -25   13   15   -3    3  -15  -13   25   21  -17  -11    7  -11    7   21  -17  -13   25    3  -15
    14   -22    4   22   -4   -8   18    8  -18    8  -18   -8   18   22   -4  -22    4   -4   22    4  -22  -18    8   18   -8   18   -8  -18    8    4  -22   -4   22

  --- DBR Window 43' : Beta trace (backward, data read in reverse) ---
  Step      S0     S1     S2     S3     S4     S5     S6     S7
     0      24     12     18     10     18     10     24     12
     1      42     44     42     36     28     22     28     38
     2      45     45     55     69     57     63     49     55
     3      78     76     72     64     86     88     68     74
     4     121     91     97     91     83     87    109    111
     5     128    140    128    124    108    112    128    118
     6     150    158    160    148    172    160    134    142
     7     173    181    177    181    175    171    163    179
     8     195    201    177    183    185    191    199    205
     9     209    207    213    215    205    207    221    231
    10     256    232    252    234    238    242    250    250
    11     262    268    266    274    258    256    268    250
    12     298    296    270    272    282    284    296    294
    13     306    318    300    308    304    296    318    306
    14     322    318    326    350    328    328    340    330
  Final beta_init for BR:    322    318    326    350    328    328    340    330

  --- BR Window 41 : Beta init ---
     386    400    386    404    378    386    382    382

  --- BR Window 41 : Beta trace (pre-ACS, for LLR compute) ---
  Read order: step 14 down to 0
  Iter RdStep      S0     S1     S2     S3     S4     S5     S6     S7
     0     14     386    400    386    404    378    386    382    382
     1     13     405    425    425    403    429    421    419    439
     2     12     432    452    462    456    462    466    442    454
     3     11     488    482    484    480    474    470   -512    488
     4     10    -499    499   -505    509    485    495    499   -511
     5      9    -491   -501   -493   -483   -503   -503   -507   -507
     6      8    -492   -480   -482   -474   -474   -482   -486   -472
     7      7    -475   -471   -443   -463   -441   -461   -457   -453
     8      6    -413   -423   -441   -435   -447   -453   -425   -441
     9      5    -421   -419   -375   -403   -397   -409   -419   -413
    10      4    -356   -376   -386   -382   -402   -398   -400   -392
    11      3    -351   -339   -369   -365   -373   -377   -371   -365
    12      2    -341   -333   -339   -341   -353   -347   -331   -303
    13      1    -305   -329   -319   -299   -297   -315   -299   -287
    14      0    -276   -284   -266   -270   -282   -264   -266   -274

##############################################################################
# SLOT 42  |  FR=W43 , BR=W42 , DBR=W44'
##############################################################################

  --- FR Window 43 : Alpha (state metrics after ACS) ---
  Step      S0     S1     S2     S3     S4     S5     S6     S7
     0      40     42     40     40     52     50     54     50
     1      62     76     62     70     54     64     52     62
     2      96     80     90     82    114     82     92    100
     3     102    122     98    108    114    130    106    110
     4     145    149    145    137    141    145    129    141
     5     159    171    179    145    161    161    159    145
     6     183    169    195    171    179    175    193    179
     7     198    200    190    208    200    194    210    194
     8     214    232    228    214    214    232    230    214
     9     235    253    245    237    231    245    263    247
    10     264    262    268    266    270    270    276    298
    11     285    303    287    297    281    293    291    317
    12     324    314    300    320    320    314    300    334
    13     332    324    330    338    340    330    342    360
    14     356    368    344    366    348    372    340    358

  --- FR Window 43 : Gamma R4 BMs ---
     0     2   12    8  -22  -32   -2   22   12   22   12  -32   -2    8  -22    2   12  -12   -2   22   -8    2   32  -12  -22  -12  -22    2   32   22   -8  -12   -2
     1   -12   20    2  -10  -12    0   22  -10   22  -10  -12    0    2  -10  -12   20  -20   12   10   -2    0   12   10  -22   10  -22    0   12   10   -2  -20   12
     2   -38   20    8   10    2    0   28  -30   28  -30    2    0    8   10  -38   20  -20   38  -10   -8    0   -2   30  -28   30  -28    0   -2  -10   -8  -20   38
     3     6  -18   -6   18    8  -16   -8   16   -8   16    8  -16   -6   18    6  -18   18   -6  -18    6   16   -8  -16    8  -16    8   16   -8  -18    6   18   -6
     4   -19   23  -11    7  -13  -31   43    1   43    1  -13  -31  -11    7  -19   23  -23   19   -7   11   31   13   -1  -43   -1  -43   31   13   -7   11  -23   19
     5    14  -16    2    0  -16  -14    0   30    0   30  -16  -14    2    0   14  -16   16  -14    0   -2   14   16  -30    0  -30    0   14   16    0   -2   16  -14
     6     6  -20    4   10   -8  -14   -2   24   -2   24   -8  -14    4   10    6  -20   20   -6  -10   -4   14    8  -24    2  -24    2   14    8  -10   -4   20   -6
     7    15   -1   -9   -5  -11  -15    5   21    5   21  -11  -15   -9   -5   15   -1    1  -15    5    9   15   11  -21   -5  -21   -5   15   11    5    9    1  -15
     8     4   -4   -6    6   32   20  -30  -22  -30  -22   32   20   -6    6    4   -4    4   -4   -6    6  -20  -32   22   30   22   30  -20  -32   -6    6    4   -4
     9     7  -17    7    3   17   21  -31   -7  -31   -7   17   21    7    3    7  -17   17   -7   -3   -7  -21  -17    7   31    7   31  -21  -17   -3   -7   17   -7
    10     3  -35   19   13    1    7  -23   15  -23   15    1    7   19   13    3  -35   35   -3  -13  -19   -7   -1  -15   23  -15   23   -7   -1  -13  -19   35   -3
    11   -19   -1    1   19   -5  -23   23    5   23    5   -5  -23    1   19  -19   -1    1   19  -19   -1   23    5   -5  -23   -5  -23   23    5  -19   -1    1   19
    12   -17  -11    1   27   13  -13    3   -3    3   -3   13  -13    1   27  -17  -11   11   17  -27   -1   13  -13    3   -3    3   -3   13  -13  -27   -1   11   17
    13   -26   -4   18   12    4   10    4  -18    4  -18    4   10   18   12  -26   -4    4   26  -12  -18  -10   -4   18   -4   18   -4  -10   -4  -12  -18    4   26
    14    24    4  -10  -18   -2    6  -12    8  -12    8   -2    6  -10  -18   24    4   -4  -24   18   10   -6    2   -8   12   -8   12   -6    2   18   10   -4  -24

  --- DBR Window 44' : Beta trace (backward, data read in reverse) ---
  Step      S0     S1     S2     S3     S4     S5     S6     S7
     0       9     11     21     23     21     23      9     11
     1      38     54     38     50     28     40     52     68
     2      54     92     54     68     70     84     94     80
     3      93     81     87    115     91    105    105     93
     4     126    128    124    134    132    128    126    128
     5     137    135    153    149    149    153    139    141
     6     190    170    168    164    182    178    172    162
     7     215    195    213    195    187    195    195    197
     8     225    241    223    227    217    213    215    221
     9     232    232    254    254    272    256    234    236
    10     272    268    266    302    288    266    258    270
    11     296    310    302    282    332    302    280    294
    12     335    321    333    339    317    311    315    329
    13     336    340    360    364    348    368    332    352
    14     362    368    380    374    384    392    380    374
  Final beta_init for BR:    362    368    380    374    384    392    380    374

  --- BR Window 42 : Beta init ---
     322    318    326    350    328    328    340    330

  --- BR Window 42 : Beta trace (pre-ACS, for LLR compute) ---
  Read order: step 14 down to 0
  Iter RdStep      S0     S1     S2     S3     S4     S5     S6     S7
     0     14     322    318    326    350    328    328    340    330
     1     13     358    350    344    348    372    346    346    354
     2     12     375    357    367    397    367    379    363    361
     3     11     391    391    379    379    395    395    397    413
     4     10     435    425    425    423    423    421    447    443
     5      9     453    469    449    451    437    439    473    443
     6      8     473    473    473    497    471    493    469    469
     7      7     493    493    491    509    505   -491    497    497
     8      6    -498   -484   -502   -500   -484   -486   -468   -468
     9      5    -470   -472   -424   -460   -442   -456   -454   -456
    10      4    -397   -407   -433   -413   -431   -415   -445   -441
    11      3    -405   -369   -399   -415   -407   -391   -389   -385
    12      2    -385   -385   -379   -381   -367   -359   -365   -365
    13      1    -350   -320   -344   -356   -350   -354   -348   -314
    14      0    -329   -333   -327   -327   -303   -311   -293   -313

##############################################################################
# SLOT 43  |  FR=W44 , BR=W43 , DBR=W45'
##############################################################################

  --- FR Window 44 : Alpha (state metrics after ACS) ---
  Step      S0     S1     S2     S3     S4     S5     S6     S7
     0     378    386    380    368    376    396    390    380
     1     397    403    407    425    409    411    399    403
     2     424    422    422    410    432    424    434    418
     3     452    440    430    462    444    442    432    442
     4     472    452    470    458    492    476    462    472
     5     487   -501    501    505    485    491    489    487
     6    -475    505   -505   -511   -503    509   -497    507
     7    -470   -490   -486   -480   -442   -498   -494   -464
     8    -477   -447   -433   -447   -475   -413   -455   -441
     9    -424   -388   -422   -434   -412   -408   -438   -422
    10    -381   -361   -387   -395   -389   -399   -365   -379
    11    -358   -352   -360   -372   -352   -366   -374   -368
    12    -344   -336   -342   -336   -332   -328   -312   -348
    13    -315   -299   -307   -283   -329   -303   -291   -297
    14    -286   -280   -260   -294   -296   -286   -276   -282

  --- FR Window 44 : Gamma R4 BMs ---
     0    16   10    6  -32  -24   14    2    8    2    8  -24   14    6  -32   16   10  -10  -16   32   -6  -14   24   -8   -2   -8   -2  -14   24   32   -6  -10  -16
     1   -23   -1   -5   29   27   -7    1  -21    1  -21   27   -7   -5   29  -23   -1    1   23  -29    5    7  -27   21   -1   21   -1    7  -27  -29    5    1   23
     2    11   -3   -7   -1   -9  -15    5   19    5   19   -9  -15   -7   -1   11   -3    3  -11    1    7   15    9  -19   -5  -19   -5   15    9    1    7    3  -11
     3   -22   -8   30    0  -14   16    6   -8    6   -8  -14   16   30    0  -22   -8    8   22    0  -30  -16   14    8   -6    8   -6  -16   14    0  -30    8   22
     4     4   16  -30   10    8  -32   18    6   18    6    8  -32  -30   10    4   16  -16   -4  -10   30   32   -8   -6  -18   -6  -18   32   -8  -10   30  -16   -4
     5   -15  -13   -1   29   31    1  -15  -17  -15  -17   31    1   -1   29  -15  -13   13   15  -29    1   -1  -31   17   15   17   15   -1  -31  -29    1   13   15
     6    10   26  -16  -20   10   14   -4  -20   -4  -20   10   14  -16  -20   10   26  -26  -10   20   16  -14  -10   20    4   20    4  -14  -10   20   16  -26  -10
     7     5  -33   23    5  -17    1  -11   27  -11   27  -17    1   23    5    5  -33   33   -5   -5  -23   -1   17  -27   11  -27   11   -1   17   -5  -23   33   -5
     8    -7   13   -5   -1  -25  -29   37   17   37   17  -25  -29   -5   -1   -7   13  -13    7    1    5   29   25  -17  -37  -17  -37   29   25    1    5  -13    7
     9     5    7    9  -21   -5   25   -9  -11   -9  -11   -5   25    9  -21    5    7   -7   -5   21   -9  -25    5   11    9   11    9  -25    5   21   -9   -7   -5
    10     9    7   17  -33   -3   47  -23  -21  -23  -21   -3   47   17  -33    9    7   -7   -9   33  -17  -47    3   21   23   21   23  -47    3   33  -17   -7   -9
    11    -9    3   17  -11  -21    7   13    1   13    1  -21    7   17  -11   -9    3   -3    9   11  -17   -7   21   -1  -13   -1  -13   -7   21   11  -17   -3    9
    12    12  -26   16   -2   12   30  -40   -2  -40   -2   12   30   16   -2   12  -26   26  -12    2  -16  -30  -12    2   40    2   40  -30  -12    2  -16   26  -12
    13    29  -15   -1  -13   17   29  -45   -1  -45   -1   17   29   -1  -13   29  -15   15  -29   13    1  -29  -17    1   45    1   45  -29  -17   13    1   15  -29
    14    -3   -9   21   -9   -7   23  -11   -5  -11   -5   -7   23   21   -9   -3   -9    9    3    9  -21  -23    7    5   11    5   11  -23    7    9  -21    9    3

  --- DBR Window 45' : Beta trace (backward, data read in reverse) ---
  Step      S0     S1     S2     S3     S4     S5     S6     S7
     0      22     18     16     36     16     36     22     18
     1      67     39     47     39     49     41     81     53
     2      93     91     85     95     89     75     53     51
     3      99    105    111    115     99    121    101    107
     4     143    127    121    115    141    125    137    143
     5     171    161    153    157    155    159    143    149
     6     187    191    177    181    193    171    173    199
     7     207    209    195    217    199    211    213    215
     8     231    231    223    223    227    239    241    229
     9     258    244    238    238    246    240    256    242
    10     286    280    256    254    246    248    266    266
    11     303    285    281    293    305    289    271    279
    12     331    319    319    335    295    309    321    309
    13     351    359    331    345    335    333    351    363
    14     351    363    373    367    367    361    377    391
  Final beta_init for BR:    351    363    373    367    367    361    377    391

  --- BR Window 43 : Beta init ---
     362    368    380    374    384    392    380    374

  --- BR Window 43 : Beta trace (pre-ACS, for LLR compute) ---
  Read order: step 14 down to 0
  Iter RdStep      S0     S1     S2     S3     S4     S5     S6     S7
     0     14     362    368    380    374    384    392    380    374
     1     13     386    392    402    394    392    394    398    404
     2     12     416    418    406    412    412    406    412    430
     3     11     423    429    425    443    431    439    441    447
     4     10     448    450    464    446    462    462    452    466
     5      9     497    479    467    471    465    461    501    485
     6      8     508   -492    504    500    496    500    502    492
     7      7    -500   -492   -488   -500   -460   -472   -502   -494
     8      6    -459   -467   -455   -451   -457   -461   -485   -471
     9      5    -437   -431   -455   -449   -447   -441   -445   -443
    10      4    -423   -425   -431   -429   -427   -425   -427   -401
    11      3    -388   -400   -396   -414   -394   -390   -382   -382
    12      2    -376   -374   -366   -370   -374   -376   -364   -382
    13      1    -334   -336   -364   -366   -362   -360   -346   -344
    14      0    -336   -314   -332   -334   -334   -336   -314   -332

##############################################################################
# SLOT 44  |  FR=W45 , BR=W44 , DBR=W46'
##############################################################################

  --- FR Window 45 : Alpha (state metrics after ACS) ---
  Step      S0     S1     S2     S3     S4     S5     S6     S7
     0    -238   -258   -268   -270   -252   -274   -254   -254
     1    -230   -222   -206   -226   -248   -248   -234   -232
     2    -202   -228   -196   -206   -192   -224   -200   -218
     3    -185   -167   -171   -183   -183   -187   -191   -199
     4    -157   -177   -145   -163   -167   -175   -143   -173
     5    -156   -146   -130   -144   -144   -126   -140   -156
     6    -132   -126   -112   -116   -120   -134   -120   -102
     7     -86    -96   -104   -104   -110    -98    -90    -86
     8     -70    -48    -58    -74    -72    -76    -70    -76
     9     -42    -60    -44    -42    -46    -52    -24    -60
    10     -32      8    -10    -32    -26    -16    -24    -36
    11      20     14     -2    -18     12     -4     22     -4
    12      30     32     18     32     34     34     32     48
    13      75     67     51     77     55     65     49     65
    14      73    101    113     71     73     83     97     71

  --- FR Window 45 : Gamma R4 BMs ---
     0   -28  -10   22   16  -12   -6   18    0   18    0  -12   -6   22   16  -28  -10   10   28  -16  -22    6   12    0  -18    0  -18    6   12  -16  -22   10   28
     1    -8   28    0  -20  -24   -4   32   -4   32   -4  -24   -4    0  -20   -8   28  -28    8   20    0    4   24    4  -32    4  -32    4   24   20    0  -28    8
     2    28   16  -30  -14   10   -6   -8    4   -8    4   10   -6  -30  -14   28   16  -16  -28   14   30    6  -10   -4    8   -4    8    6  -10   14   30  -16  -28
     3    17   -1  -23    7   25   -5  -19   -1  -19   -1   25   -5  -23    7   17   -1    1  -17   -7   23    5  -25    1   19    1   19    5  -25   -7   23    1  -17
     4    28  -18   -6   -4    2    0  -24   22  -24   22    2    0   -6   -4   28  -18   18  -28    4    6    0   -2  -22   24  -22   24    0   -2    4    6   18  -28
     5    -1   13  -11   -1   15    5   -3  -17   -3  -17   15    5  -11   -1   -1   13  -13    1    1   11   -5  -15   17    3   17    3   -5  -15    1   11  -13    1
     6    24   -4  -24    4   18  -10  -18   10  -18   10   18  -10  -24    4   24   -4    4  -24   -4   24   10  -18  -10   18  -10   18   10  -18   -4   24    4  -24
     7   -16  -14    0   30    8  -22    8    6    8    6    8  -22    0   30  -16  -14   14   16  -30    0   22   -8   -6   -8   -6   -8   22   -8  -30    0   14   16
     8    16  -14  -12   10  -12  -34    8   38    8   38  -12  -34  -12   10   16  -14   14  -16  -10   12   34   12  -38   -8  -38   -8   34   12  -10   12   14  -16
     9    28    0  -16  -12   12    8  -24    4  -24    4   12    8  -16  -12   28    0    0  -28   12   16   -8  -12   -4   24   -4   24   -8  -12   12   16    0  -28
    10   -12   28  -16    0   -4  -20   32   -8   32   -8   -4  -20  -16    0  -12   28  -28   12    0   16   20    4    8  -32    8  -32   20    4    0   16  -28   12
    11     6   12    4  -22    4   30  -14  -20  -14  -20    4   30    4  -22    6   12  -12   -6   22   -4  -30   -4   20   14   20   14  -30   -4   22   -4  -12   -6
    12    10   12   14  -36  -14   36  -10  -12  -10  -12  -14   36   14  -36   10   12  -12  -10   36  -14  -36   14   12   10   12   10  -36   14   36  -14  -12  -10
    13    45    9  -23  -31   -5    3  -17   19  -17   19   -5    3  -23  -31   45    9   -9  -45   31   23   -3    5  -19   17  -19   17   -3    5   31   23   -9  -45
    14    -2    2   16  -16    4   36  -18  -22  -18  -22    4   36   16  -16   -2    2   -2    2   16  -16  -36   -4   22   18   22   18  -36   -4   16  -16   -2    2

  --- DBR Window 46' : Beta trace (backward, data read in reverse) ---
  Step      S0     S1     S2     S3     S4     S5     S6     S7
     0       8     12     28     24     28     24      8     12
     1      32     46     38     54     44     38     48     32
     2      55     49     61     55     51     53     57     71
     3      74     78     66     68     86     74     68     78
     4      97    121    101     91     95     97    109    113
     5     132    122    120    120    120    120    150    136
     6     142    140    176    160    146    148    146    148
     7     179    189    177    165    165    167    175    165
     8     209    215    181    185    179    183    221    201
     9     247    247    217    225    217    219    241    223
    10     245    245    263    273    273    251    245    245
    11     275    281    305    287    277    259    283    309
    12     344    320    308    312    308    304    320    324
    13     348    336    356    342    326    334    338    322
    14     358    372    358    384    354    364    354    366
  Final beta_init for BR:    358    372    358    384    354    364    354    366

  --- BR Window 44 : Beta init ---
     351    363    373    367    367    361    377    391

  --- BR Window 44 : Beta trace (pre-ACS, for LLR compute) ---
  Read order: step 14 down to 0
  Iter RdStep      S0     S1     S2     S3     S4     S5     S6     S7
     0     14     351    363    373    367    367    361    377    391
     1     13     382    388    376    396    400    386    400    394
     2     12     415    445    413    405    407    417    425    431
     3     11     433    465    431    443    457    475    457    457
     4     10     456    466    468    478    468    496    478    466
     5      9     499    501    501   -509    499   -511   -507   -505
     6      8    -496   -498   -504   -498   -484   -498   -500   -502
     7      7    -467   -477   -471   -475   -469   -473   -461   -481
     8      6    -436   -444   -444   -444   -452   -456   -448   -450
     9      5    -426   -410   -432   -430   -430   -430   -434   -418
    10      4    -417   -415   -401   -397   -379   -401   -405   -403
    11      3    -383   -383   -373   -349   -369   -373   -393   -381
    12      2    -361   -347   -353   -357   -319   -349   -365   -357
    13      1    -316   -330   -318   -312   -334   -340   -342   -328
    14      0    -317   -311   -291   -287   -303   -283   -319   -305

##############################################################################
# SLOT 45  |  FR=W46 , BR=W45 , DBR=W47'
##############################################################################

  --- FR Window 46 : Alpha (state metrics after ACS) ---
  Step      S0     S1     S2     S3     S4     S5     S6     S7
     0     125    111    111    107    145    117    107    105
     1     129    145    121    157    139    131    127    147
     2     158    166    168    156    160    164    186    162
     3     202    198    170    198    200    200    172    192
     4     224    226    200    226    220    222    204    222
     5     264    230    250    260    240    230    250    236
     6     266    282    296    272    270    266    280    254
     7     287    283    297    295    297    287    313    285
     8     323    323    305    315    301    323    323    323
     9     338    338    338    346    360    336    336    360
    10     365    367    369    387    373    361    369    395
    11     390    382    394    418    390    384    392    400
    12     401    399    425    417    421    399    425    407
    13     445    427    443    441    435    449    425    431
    14     465    451    459    473    461    463    471    469

  --- FR Window 46 : Gamma R4 BMs ---
     0    10   24   -2  -32   -2   28   -6  -20   -6  -20   -2   28   -2  -32   10   24  -24  -10   32    2  -28    2   20    6   20    6  -28    2   32    2  -24  -10
     1     4  -14   12   -2    0   14  -16    2  -16    2    0   14   12   -2    4  -14   14   -4    2  -12  -14    0   -2   16   -2   16  -14    0    2  -12   14   -4
     2   -15    9    5    1  -29  -25   39   15   39   15  -29  -25    5    1  -15    9   -9   15   -1   -5   25   29  -15  -39  -15  -39   25   29   -1   -5   -9   15
     3    10   36  -14  -32   -8   10   12  -14   12  -14   -8   10  -14  -32   10   36  -36  -10   32   14  -10    8   14  -12   14  -12  -10    8   32   14  -36  -10
     4    -2   -2  -22   26   26  -22   -2   -2   -2   -2   26  -22  -22   26   -2   -2    2    2  -26   22   22  -26    2    2    2    2   22  -26  -26   22    2    2
     5   -14   38   -8  -16   -4    4   26  -26   26  -26   -4    4   -8  -16  -14   38  -38   14   16    8   -4    4   26  -26   26  -26   -4    4   16    8  -38   14
     6   -12   36  -10  -14  -10   -6   32  -16   32  -16  -10   -6  -10  -14  -12   36  -36   12   14   10    6   10   16  -32   16  -32    6   10   14   10  -36   12
     7    15    5  -19   -1    1  -17    3   13    3   13    1  -17  -19   -1   15    5   -5  -15    1   19   17   -1  -13   -3  -13   -3   17   -1    1   19   -5  -15
     8   -12  -10   -6   28    8  -26   10    8   10    8    8  -26   -6   28  -12  -10   10   12  -28    6   26   -8   -8  -10   -8  -10   26   -8  -28    6   10   12
     9    -9  -37   23   23   -1   -1  -13   15  -13   15   -1   -1   23   23   -9  -37   37    9  -23  -23    1    1  -15   13  -15   13    1    1  -23  -23   37    9
    10   -35    3   27    5  -23   -1   31   -7   31   -7  -23   -1   27    5  -35    3   -3   35   -5  -27    1   23    7  -31    7  -31    1   23   -5  -27   -3   35
    11    -5   23   -3  -15   -5    7   13  -15   13  -15   -5    7   -3  -15   -5   23  -23    5   15    3   -7    5   15  -13   15  -13   -7    5   15    3  -23    5
    12     3   17   -3  -17   -7    7    7   -7    7   -7   -7    7   -3  -17    3   17  -17   -3   17    3   -7    7    7   -7    7   -7   -7    7   17    3  -17   -3
    13   -18    8   20  -10   -4   26    2  -24    2  -24   -4   26   20  -10  -18    8   -8   18   10  -20  -26    4   24   -2   24   -2  -26    4   10  -20   -8   18
    14     4   -8  -20   24   16  -28    0   12    0   12   16  -28  -20   24    4   -8    8   -4  -24   20   28  -16  -12    0  -12    0   28  -16  -24   20    8   -4

  --- DBR Window 47' : Beta trace (backward, data read in reverse) ---
  Step      S0     S1     S2     S3     S4     S5     S6     S7
     0      10     22      8     20      8     20     10     22
     1      42     64     32     30     46     44     52     74
     2      70     70     62     58     74     78     98     74
     3     115    133     85     99     85    107     95    113
     4     121    119    117    139    165    127    129    131
     5     148    170    184    182    150    148    150    180
     6     183    193    195    201    195    189    217    185
     7     255    225    211    229    207    227    227    221
     8     252    252    252    264    234    238    226    226
     9     252    252    274    266    274    268    264    264
    10     281    289    313    299    291    289    285    293
    11     323    309    335    313    311    315    317    327
    12     340    328    352    376    346    350    338    338
    13     375    369    379    365    379    377    377    405
    14     387    389    417    413    407    427    411    415
  Final beta_init for BR:    387    389    417    413    407    427    411    415

  --- BR Window 45 : Beta init ---
     358    372    358    384    354    364    354    366

  --- BR Window 45 : Beta trace (pre-ACS, for LLR compute) ---
  Read order: step 14 down to 0
  Iter RdStep      S0     S1     S2     S3     S4     S5     S6     S7
     0     14     358    372    358    384    354    364    354    366
     1     13     376    372    374    394    400    408    386    386
     2     12     421    403    431    423    417    413    439    425
     3     11     451    449    453    467    461    439    433    435
     4     10     457    463    483    483    471    479    473    479
     5      9    -509    485    493    487    499    495    495    511
     6      8    -481   -505    511   -509   -501   -497   -509   -505
     7      7    -465   -475   -475   -471   -463   -485   -491   -467
     8      6    -449   -447   -465   -435   -463   -441   -453   -451
     9      5    -425   -435   -443   -439   -429   -427   -411   -423
    10      4    -394   -408   -416   -418   -420   -412   -410   -422
    11      3    -366   -386   -400   -398   -406   -408   -390   -386
    12      2    -349   -367   -375   -359   -361   -363   -381   -387
    13      1    -321   -333   -347   -331   -357   -357   -331   -343
    14      0    -315   -293   -321   -307   -323   -333   -301   -303

##############################################################################
# SLOT 46  |  FR=W47 , BR=W46 , DBR=W48'
##############################################################################

  --- FR Window 47 : Alpha (state metrics after ACS) ---
  Step      S0     S1     S2     S3     S4     S5     S6     S7
     0     511    499    497    501    495    483    481    485
     1    -496    504   -490   -510   -494    510   -496   -496
     2    -461   -473   -469   -465   -471   -473   -473   -475
     3    -445   -449   -447   -447   -443   -445   -433   -451
     4    -434   -404   -408   -422   -422   -416   -424   -420
     5    -404   -400   -386   -412   -404   -402   -386   -412
     6    -389   -385   -381   -389   -395   -387   -379   -383
     7    -365   -353   -355   -363   -365   -341   -351   -373
     8    -330   -324   -344   -316   -340   -336   -316   -332
     9    -283   -285   -299   -291   -299   -301   -307   -319
    10    -267   -267   -267   -277   -267   -293   -261   -287
    11    -252   -252   -240   -252   -254   -244   -232   -248
    12    -220   -230   -238   -228   -228   -230   -234   -208
    13    -176   -204   -190   -154   -206   -202   -188   -200
    14    -160   -180   -160   -178   -134   -178   -162   -182

  --- FR Window 47 : Gamma R4 BMs ---
     0   -10   -6  -22   38   38  -22   -6  -10   -6  -10   38  -22  -22   38  -10   -6    6   10  -38   22   22  -38   10    6   10    6   22  -38  -38   22    6   10
     1     1   29    3  -33  -27    9   23   -5   23   -5  -27    9    3  -33    1   29  -29   -1   33   -3   -9   27    5  -23    5  -23   -9   27   33   -3  -29   -1
     2   -11    1   29  -19   -7   41  -11  -23  -11  -23   -7   41   29  -19  -11    1   -1   11   19  -29  -41    7   23   11   23   11  -41    7   19  -29   -1   11
     3   -10   28  -22    4   22   -4   10  -28   10  -28   22   -4  -22    4  -10   28  -28   10   -4   22    4  -22   28  -10   28  -10    4  -22   -4   22  -28   10
     4    11    3  -25   11   39    3  -25  -17  -25  -17   39    3  -25   11   11    3   -3  -11  -11   25   -3  -39   17   25   17   25   -3  -39  -11   25   -3  -11
     5     0    0   -4    4   22   14  -18  -18  -18  -18   22   14   -4    4    0    0    0    0   -4    4  -14  -22   18   18   18   18  -14  -22   -4    4    0    0
     6    -3   -3   -3    9    5   -7    1    1    1    1    5   -7   -3    9   -3   -3    3    3   -9    3    7   -5   -1   -1   -1   -1    7   -5   -9    3    3    3
     7   -10   20    6  -16   12   34   -8  -38   -8  -38   12   34    6  -16  -10   20  -20   10   16   -6  -34  -12   38    8   38    8  -34  -12   16   -6  -20   10
     8    35  -11   -9  -15   11   17  -37    9  -37    9   11   17   -9  -15   35  -11   11  -35   15    9  -17  -11   -9   37   -9   37  -17  -11   15    9   11  -35
     9    -5   41  -17  -19   -9   -7   31  -15   31  -15   -9   -7  -17  -19   -5   41  -41    5   19   17    7    9   15  -31   15  -31    7    9   19   17  -41    5
    10     6  -16  -14   24   32   -6  -24   -2  -24   -2   32   -6  -14   24    6  -16   16   -6  -24   14    6  -32    2   24    2   24    6  -32  -24   14   16   -6
    11     5  -13   15   -7   15   37  -35  -17  -35  -17   15   37   15   -7    5  -13   13   -5    7  -15  -37  -15   17   35   17   35  -37  -15    7  -15   13   -5
    12     4  -24   20    0   -6   14  -18   10  -18   10   -6   14   20    0    4  -24   24   -4    0  -20  -14    6  -10   18  -10   18  -14    6    0  -20   24   -4
    13    -8   54  -22  -24    0    2   30  -32   30  -32    0    2  -22  -24   -8   54  -54    8   24   22   -2    0   32  -30   32  -30   -2    0   24   22  -54    8
    14     4   22  -20   -6    8   -6    8  -10    8  -10    8   -6  -20   -6    4   22  -22   -4    6   20    6   -8   10   -8   10   -8    6   -8    6   20  -22   -4

  --- DBR Window 48' : Beta trace (backward, data read in reverse) ---
  Step      S0     S1     S2     S3     S4     S5     S6     S7
     0      13     17     39     33     39     33     13     17
     1      43     35     59     69     53     47     39     47
     2      74     66     84    104     70     98    100     92
     3     112     96     96     98    106    104    110    126
     4     139    127    137    135    137    139    133    137
     5     147    163    155    145    155    145    153    159
     6     160    158    178    180    182    188    158    156
     7     201    203    195    193    197    213    193    191
     8     219    235    215    251    233    243    221    229
     9     233    225    247    239    245    251    265    257
    10     273    307    271    273    255    253    277    293
    11     303    305    291    283    301    303    311    341
    12     339    319    329    329    355    343    337    357
    13     404    360    374    358    364    356    406    362
    14     404    408    416    432    372    382    380    376
  Final beta_init for BR:    404    408    416    432    372    382    380    376

  --- BR Window 46 : Beta init ---
     387    389    417    413    407    427    411    415

  --- BR Window 46 : Beta trace (pre-ACS, for LLR compute) ---
  Read order: step 14 down to 0
  Iter RdStep      S0     S1     S2     S3     S4     S5     S6     S7
     0     14     387    389    417    413    407    427    411    415
     1     13     417    429    439    427    455    437    423    427
     2     12     447    473    465    465    447    455    461    445
     3     11     472    464    464    472    466    480    480    482
     4     10     495    495    481    485    497    485    495    495
     5      9    -512   -492   -502   -506   -512    508   -498   -494
     6      8    -475   -485   -489   -489   -483   -483   -457   -477
     7      7    -465   -467   -431   -447   -457   -461   -467   -465
     8      6    -428   -418   -430   -438   -444   -446   -432   -442
     9      5    -398   -392   -426   -422   -428   -424   -386   -402
    10      4    -360   -360   -390   -382   -386   -388   -366   -384
    11      3    -362   -362   -344   -334   -334   -356   -362   -362
    12      2    -332   -326   -302   -320   -330   -348   -324   -298
    13      1    -263   -287   -299   -295   -299   -303   -287   -283
    14      0    -259   -271   -251   -265   -281   -273   -269   -285

##############################################################################
# SLOT 47  |  FR=W48 , BR=W47 , DBR=W49'
##############################################################################

  --- FR Window 48 : Alpha (state metrics after ACS) ---
  Step      S0     S1     S2     S3     S4     S5     S6     S7
     0    -154   -142   -140   -128   -150   -124   -150   -124
     1    -105    -97   -115   -105   -105   -107   -115   -101
     2     -89    -69    -67    -79    -81    -87    -77    -85
     3     -59    -51    -35    -47    -65    -67    -53    -59
     4     -31    -41    -11    -39    -37    -17     -9    -33
     5     -17     -9    -19      5      3     -9    -11    -11
     6      55     23      1     41     29     23      1     27
     7      74     46     52     56     74     38     60     48
     8      77     63     81     89     75     67     81     97
     9      87     89     97    121     99     95     91     95
    10     144    140    138    118    134    120    116    108
    11     162    136    150    130    152    130    156    148
    12     193    177    175    187    181    175    173    181
    13     197    205    217    201    197    195    199    201
    14     234    236    256    228    216    218    226    210

  --- FR Window 48 : Gamma R4 BMs ---
     0     0    4    6  -10  -26  -10   20   16   20   16  -26  -10    6  -10    0    4   -4    0   10   -6   10   26  -16  -20  -16  -20   10   26   10   -6   -4    0
     1    -5  -49   35   19  -13    3  -17   27  -17   27  -13    3   35   19   -5  -49   49    5  -19  -35   -3   13  -27   17  -27   17   -3   13  -19  -35   49    5
     2   -16    4   26  -14   -2   38   -8  -28   -8  -28   -2   38   26  -14  -16    4   -4   16   14  -26  -38    2   28    8   28    8  -38    2   14  -26   -4   16
     3    30  -18  -10   -2   -6  -14  -14   34  -14   34   -6  -14  -10   -2   30  -18   18  -30    2   10   14    6  -34   14  -34   14   14    6    2   10   18  -30
     4    14  -20    4    2   24   26  -42   -8  -42   -8   24   26    4    2   14  -20   20  -14   -2   -4  -26  -24    8   42    8   42  -26  -24   -2   -4   20  -14
     5    14    6   -6  -14   -8    0    0    8    0    8   -8    0   -6  -14   14    6   -6  -14   14    6    0    8   -8    0   -8    0    0    8   14    6   -6  -14
     6   -38  -22   10   50   20  -20    8   -8    8   -8   20  -20   10   50  -38  -22   22   38  -50  -10   20  -20    8   -8    8   -8   20  -20  -50  -10   22   38
     7   -21  -19    7   33   17   -9   -3   -5   -3   -5   17   -9    7   33  -21  -19   19   21  -33   -7    9  -17    5    3    5    3    9  -17  -33   -7   19   21
     8     3    5   15  -23  -13   25   -5   -7   -5   -7  -13   25   15  -23    3    5   -5   -3   23  -15  -25   13    7    5    7    5  -25   13   23  -15   -5   -3
     9     2   24   -8  -18   -2    8    8  -14    8  -14   -2    8   -8  -18    2   24  -24   -2   18    8   -8    2   14   -8   14   -8   -8    2   18    8  -24   -2
    10   -11    1  -13   23   41    5  -17  -29  -17  -29   41    5  -13   23  -11    1   -1   11  -23   13   -5  -41   29   17   29   17   -5  -41  -23   13   -1   11
    11     4   22  -12  -14    2    4    6  -12    6  -12    2    4  -12  -14    4   22  -22   -4   14   12   -4   -2   12   -6   12   -6   -4   -2   14   12  -22   -4
    12    31   23  -51   -3   25  -23   -5    3   -5    3   25  -23  -51   -3   31   23  -23  -31    3   51   23  -25   -3    5   -3    5   23  -25    3   51  -23  -31
    13     4   -4   20  -20  -10   30  -14   -6  -14   -6  -10   30   20  -20    4   -4    4   -4   20  -20  -30   10    6   14    6   14  -30   10   20  -20    4   -4
    14    -7  -11  -15   33   39   -9  -17  -13  -17  -13   39   -9  -15   33   -7  -11   11    7  -33   15    9  -39   13   17   13   17    9  -39  -33   15   11    7

  --- DBR Window 49' : Beta trace (backward, data read in reverse) ---
  Step      S0     S1     S2     S3     S4     S5     S6     S7
     0      14     28     12     26     12     26     14     28
     1      68     46     36     38     52     54     80     62
     2      79     77     97     91     71     65     73     79
     3     102    102    108    106     88    114    114    110
     4     136    134    120    122    126    124    140    128
     5     152    150    160    174    144    160    154    152
     6     170    186    166    178    188    184    174    176
     7     194    194    208    218    210    228    204    204
     8     220    212    210    210    226    226    226    234
     9     245    241    239    235    247    235    245    249
    10     272    282    272    260    262    252    274    284
    11     282    280    290    280    280    290    292    290
    12     340    322    310    308    300    302    338    320
    13     365    359    349    349    321    321    351    357
    14     367    353    373    397    379    381    369    385
  Final beta_init for BR:    367    353    373    397    379    381    369    385

  --- BR Window 47 : Beta init ---
     404    408    416    432    372    382    380    376

  --- BR Window 47 : Beta trace (pre-ACS, for LLR compute) ---
  Read order: step 14 down to 0
  Iter RdStep      S0     S1     S2     S3     S4     S5     S6     S7
     0     14     404    408    416    432    372    382    380    376
     1     13     424    426    424    410    416    426    436    454
     2     12     468    478    440    438    478    476    458    464
     3     11     502    476    488    468    472    492    488    494
     4     10     507   -501   -507   -499    501   -511    509   -497
     5      9    -507   -491   -475   -493   -469   -475   -481   -487
     6      8    -444   -464   -450   -452   -468   -466   -460   -452
     7      7    -409   -423   -439   -433   -437   -443   -417   -429
     8      6    -379   -389   -403   -405   -411   -389   -405   -413
     9      5    -382   -382   -382   -370   -382   -394   -388   -388
    10      4    -370   -370   -360   -368   -360   -366   -370   -370
    11      3    -353   -345   -321   -335   -331   -345   -349   -341
    12      2    -311   -321   -299   -309   -323   -319   -317   -307
    13      1    -294   -306   -282   -258   -280   -280   -296   -296
    14      0    -259   -265   -247   -269   -255   -253   -257   -229

##############################################################################
# SLOT 48  |  FR=W49 , BR=W48 , DBR=W50'
##############################################################################

  --- FR Window 49 : Alpha (state metrics after ACS) ---
  Step      S0     S1     S2     S3     S4     S5     S6     S7
     0     264    236    276    250    264    242    260    238
     1     285    289    293    273    273    287    291    275
     2     329    305    313    315    307    339    333    299
     3     327    343    339    347    329    341    329    345
     4     356    388    386    350    352    356    366    354
     5     407    381    377    373    403    385    375    369
     6     405    405    401    409    417    401    405    397
     7     433    423    423    449    421    445    453    437
     8     451    463    449    453    449    469    473    469
     9     491    479    471    507    487    469    469    499
    10    -499   -499    505    503   -503    511   -509    503
    11    -476   -492   -494   -486   -486   -486   -500   -478
    12    -479   -473   -449   -469   -475   -469   -475   -461
    13    -425   -427   -439   -421   -425   -437   -443   -443
    14    -421   -415   -399   -413   -411   -411   -395   -423

  --- FR Window 49 : Gamma R4 BMs ---
     0   -28  -12    8   32   20   -4    0  -16    0  -16   20   -4    8   32  -28  -12   12   28  -32   -8    4  -20   16    0   16    0    4  -20  -32   -8   12   28
     1   -37   19    9    9   -1   -1   29  -27   29  -27   -1   -1    9    9  -37   19  -19   37   -9   -9    1    1   27  -29   27  -29    1    1   -9   -9  -19   37
     2   -18   40  -12  -10   20   18   10  -48   10  -48   20   18  -12  -10  -18   40  -40   18   10   12  -18  -20   48  -10   48  -10  -18  -20   10   12  -40   18
     3    -2    0   -6    8   -2  -16   10    8   10    8   -2  -16   -6    8   -2    0    0    2   -8    6   16    2   -8  -10   -8  -10   16    2   -8    6    0    2
     4    19  -25   -3    9  -15  -27   -1   43   -1   43  -15  -27   -3    9   19  -25   25  -19   -9    3   27   15  -43    1  -43    1   27   15   -9    3   25  -19
     5   -15   19    9  -13   -9   13   15  -19   15  -19   -9   13    9  -13  -15   19  -19   15   13   -9  -13    9   19  -15   19  -15  -13    9   13   -9  -19   15
     6    -2  -10    6    6    2    2   -6    2   -6    2    2    2    6    6   -2  -10   10    2   -6   -6   -2   -2   -2    6   -2    6   -2   -2   -6   -6   10    2
     7    -6   -6   32  -20  -44    8   18   18   18   18  -44    8   32  -20   -6   -6    6    6   20  -32   -8   44  -18  -18  -18  -18   -8   44   20  -32    6    6
     8     0  -16   14    2  -24  -12   10   26   10   26  -24  -12   14    2    0  -16   16    0   -2  -14   12   24  -26  -10  -26  -10   12   24   -2  -14   16    0
     9   -24  -26   12   38    6  -20    6    8    6    8    6  -20   12   38  -24  -26   26   24  -38  -12   20   -6   -8   -6   -8   -6   20   -6  -38  -12   26   24
    10    34   -4  -14  -16   -8   -6  -12   26  -12   26   -8   -6  -14  -16   34   -4    4  -34   16   14    6    8  -26   12  -26   12    6    8   16   14    4  -34
    11    23   19  -35   -7   11  -17    1    5    1    5   11  -17  -35   -7   23   19  -19  -23    7   35   17  -11   -5   -1   -5   -1   17  -11    7   35  -19  -23
    12   -17    9    1    7  -11  -17   27    1   27    1  -11  -17    1    7  -17    9   -9   17   -7   -1   17   11   -1  -27   -1  -27   17   11   -7   -1   -9   17
    13    54   -4  -26  -24   -4   -6  -24   34  -24   34   -4   -6  -26  -24   54   -4    4  -54   24   26    6    4  -34   24  -34   24    6    4   24   26    4  -54
    14     4  -14   12   -2  -26  -12   10   28   10   28  -26  -12   12   -2    4  -14   14   -4    2  -12   12   26  -28  -10  -28  -10   12   26    2  -12   14   -4

  --- DBR Window 50' : Beta trace (backward, data read in reverse) ---
  Step      S0     S1     S2     S3     S4     S5     S6     S7
     0       9     23     33     19     33     19      9     23
     1      33     45     51     63     41     53     43     35
     2      64     78     58     56     58     66     94     72
     3     116    108     94     96     84     82    102    122
     4     154    126    120    112    158    134    134    120
     5     188    174    172    154    136    154    150    174
     6     214    192    188    186    190    202    180    182
     7     220    220    230    232    234    212    220    220
     8     254    262    266    248    258    254    244    252
     9     268    266    272    268    268    262    264    262
    10     300    288    292    288    292    282    294    286
    11     309    305    315    317    303    305    305    295
    12     331    337    321    343    323    333    339    337
    13     351    361    339    353    353    365    365    355
    14     370    376    376    384    388    386    372    376
  Final beta_init for BR:    370    376    376    384    388    386    372    376

  --- BR Window 48 : Beta init ---
     367    353    373    397    379    381    369    385

  --- BR Window 48 : Beta trace (pre-ACS, for LLR compute) ---
  Read order: step 14 down to 0
  Iter RdStep      S0     S1     S2     S3     S4     S5     S6     S7
     0     14     367    353    373    397    379    381    369    385
     1     13     390    386    412    400    392    430    396    398
     2     12     402    410    412    442    420    440    436    444
     3     11     433    441    459    471    463    495    473    465
     4     10     485    467    477    475    491    493    507    493
     5      9    -488   -500   -506    508    508    506   -502    510
     6      8    -486   -464   -496   -498   -496   -492   -492   -492
     7      7    -483   -481   -471   -471   -469   -439   -469   -471
     8      6    -450   -448   -454   -450   -430   -438   -434   -436
     9      5    -408   -392   -414   -400   -418   -400   -414   -398
    10      4    -394   -402   -404   -406   -384   -392   -386   -384
    11      3    -364   -344   -380   -378   -378   -376   -364   -350
    12      2    -334   -346   -350   -358   -348   -340   -332   -310
    13      1    -304   -324   -308   -312   -296   -308   -312   -294
    14      0    -247   -281   -269   -285   -277   -293   -245   -289

##############################################################################
# SLOT 49  |  FR=W50 , BR=W49 , DBR=W51'
##############################################################################

  --- FR Window 50 : Alpha (state metrics after ACS) ---
  Step      S0     S1     S2     S3     S4     S5     S6     S7
     0    -380   -384   -372   -378   -404   -390   -388   -378
     1    -356   -372   -356   -368   -352   -356   -362   -360
     2    -334   -328   -340   -340   -338   -328   -340   -334
     3    -323   -323   -317   -323   -319   -305   -317   -325
     4    -293   -289   -307   -295   -291   -301   -299   -285
     5    -285   -285   -289   -281   -285   -283   -291   -287
     6    -259   -255   -253   -261   -267   -239   -243   -269
     7    -243   -225   -211   -221   -231   -225   -237   -209
     8    -217   -201   -195   -205   -193   -195   -201   -197
     9    -177   -167   -177   -175   -187   -157   -161   -171
    10    -139   -143   -155   -123   -141   -147   -151   -145
    11     -97   -127   -115   -113    -93   -129   -117    -95
    12     -66    -68   -100    -86    -88    -82   -100    -76
    13     -56    -52    -56    -64    -56    -76    -42    -64
    14     -47    -23    -23    -33    -45    -33    -29    -37

  --- FR Window 50 : Gamma R4 BMs ---
     0   -11  -17   -5   33   27  -11  -11   -5  -11   -5   27  -11   -5   33  -11  -17   17   11  -33    5   11  -27    5   11    5   11   11  -27  -33    5   17   11
     1     0  -28    6   22   16    0  -22    6  -22    6   16    0    6   22    0  -28   28    0  -22   -6    0  -16   -6   22   -6   22    0  -16  -22   -6   28    0
     2    22  -10    6  -18    4   28  -32    0  -32    0    4   28    6  -18   22  -10   10  -22   18   -6  -28   -4    0   32    0   32  -28   -4   18   -6   10  -22
     3    -9    5   15  -11  -23    3   17    3   17    3  -23    3   15  -11   -9    5   -5    9   11  -15   -3   23   -3  -17   -3  -17   -3   23   11  -15   -5    9
     4     2  -32   24    6   -2   16  -24   10  -24   10   -2   16   24    6    2  -32   32   -2   -6  -24  -16    2  -10   24  -10   24  -16    2   -6  -24   32   -2
     5     2    4  -10    4    6   -8    2    0    2    0    6   -8  -10    4    2    4   -4   -2   -4   10    8   -6    0   -2    0   -2    8   -6   -4   10   -4   -2
     6     0   -8  -14   22  -10  -46   24   32   24   32  -10  -46  -14   22    0   -8    8    0  -22   14   46   10  -32  -24  -32  -24   46   10  -22   14    8    0
     7     6    6  -30   18   42   -6  -18  -18  -18  -18   42   -6  -30   18    6    6   -6   -6  -18   30    6  -42   18   18   18   18    6  -42  -18   30   -6   -6
     8    26    4  -28   -2   16  -10  -14    8  -14    8   16  -10  -28   -2   26    4   -4  -26    2   28   10  -16   -8   14   -8   14   10  -16    2   28   -4  -26
     9    12  -30   18    0   10   28  -40    2  -40    2   10   28   18    0   12  -30   30  -12    0  -18  -28  -10   -2   40   -2   40  -28  -10    0  -18   30  -12
    10    38   10  -12  -36  -10   14  -16   12  -16   12  -10   14  -12  -36   38   10  -10  -38   36   12  -14   10  -12   16  -12   16  -14   10   36   12  -10  -38
    11   -50   -4   28   26   -2    0   24  -22   24  -22   -2    0   28   26  -50   -4    4   50  -26  -28    0    2   22  -24   22  -24    0    2  -26  -28    4   50
    12    31   -9   -5  -17  -13   -1  -13   27  -13   27  -13   -1   -5  -17   31   -9    9  -31   17    5    1   13  -27   13  -27   13    1   13   17    5    9  -31
    13   -12   12   18  -18   -6   30    0  -24    0  -24   -6   30   18  -18  -12   12  -12   12   18  -18  -30    6   24    0   24    0  -30    6   18  -18  -12   12
    14     9   -5  -19   15   33   -1  -23   -9  -23   -9   33   -1  -19   15    9   -5    5   -9  -15   19    1  -33    9   23    9   23    1  -33  -15   19    5   -9

  --- DBR Window 51' : Beta trace (backward, data read in reverse) ---
  Step      S0     S1     S2     S3     S4     S5     S6     S7
     0      16     36     18     42     18     42     16     36
     1      21     21     21     21     45     45     45     45
     2      64     56     68     62     68     62     64     56
     3      94     98     82     72     70     68     86     96
     4     110    116    120    110     98    100    126    142
     5     124    136    128    144    142    126    156    144
     6     162    176    172    160    174    162    182    154
     7     198    190    196    192    182    190    178    184
     8     217    221    209    203    211    215    211    215
     9     224    222    232    230    236    234    228    230
    10     246    242    274    264    264    258    252    248
    11     311    285    271    269    267    275    279    291
    12     346    316    292    290    312    310    304    296
    13     339    321    375    351    319    335    323    327
    14     360    344    392    406    362    352    368    356
  Final beta_init for BR:    360    344    392    406    362    352    368    356

  --- BR Window 49 : Beta init ---
     370    376    376    384    388    386    372    376

  --- BR Window 49 : Beta trace (pre-ACS, for LLR compute) ---
  Read order: step 14 down to 0
  Iter RdStep      S0     S1     S2     S3     S4     S5     S6     S7
     0     14     370    376    376    384    388    386    372    376
     1     13     402    404    390    398    398    412    390    404
     2     12     456    424    422    424    428    430    452    438
     3     11     451    465    469    463    447    441    451    455
     4     10     474    474    480    482    476    490    486    482
     5      9     508    506    492    494    498    498   -508    502
     6      8    -500   -502   -488   -478   -506   -492   -496   -498
     7      7    -478   -462   -484   -472   -464   -468   -478   -476
     8      6    -458   -458   -444   -434   -440   -424   -444   -444
     9      5    -430   -438   -442   -442   -426   -426   -426   -418
    10      4    -407   -411   -413   -417   -405   -417   -407   -403
    11      3    -380   -370   -380   -392   -390   -400   -378   -368
    12      2    -370   -372   -362   -372   -372   -362   -360   -362
    13      1    -312   -330   -342   -344   -352   -350   -314   -332
    14      0    -287   -293   -303   -303   -331   -331   -301   -295

##############################################################################
# SLOT 50  |  FR=W51 , BR=W50 , DBR=W52'
##############################################################################

  --- FR Window 51 : Alpha (state metrics after ACS) ---
  Step      S0     S1     S2     S3     S4     S5     S6     S7
     0     -12     -2     -2    -32    -10      4     -8    -24
     1      27     23      1     19     15      9     15     19
     2      62     28     32     50     38     40     44     36
     3      55     81     99     63     49     57     73     57
     4      87     91    141     81     91     91    109     85
     5     122    116    146    116    134    112    162    110
     6     147    183    143    165    173    161    143    161
     7     195    179    191    191    199    187    183    177
     8     233    199    203    221    221    197    199    229
     9     231    245    237    237    247    225    239    231
    10     263    267    259    273    291    261    253    277
    11     287    305    283    287    289    311    301    285
    12     340    318    298    320    306    320    306    328
    13     337    325    343    331    337    325    343    331
    14     361    367    361    355    357    367    373    355

  --- FR Window 51 : Gamma R4 BMs ---
     0   -13    5   11   -3   17   31  -15  -33  -15  -33   17   31   11   -3  -13    5   -5   13    3  -11  -31  -17   33   15   33   15  -31  -17    3  -11   -5   13
     1    -7  -27   29    5   -5   19  -17    3  -17    3   -5   19   29    5   -7  -27   27    7   -5  -29  -19    5   -3   17   -3   17  -19    5   -5  -29   27    7
     2    35    5  -19  -21    5    7  -21    9  -21    9    5    7  -19  -21   35    5   -5  -35   21   19   -7   -5   -9   21   -9   21   -7   -5   21   19   -5  -35
     3   -21   27    1   -7  -17   -9   37  -11   37  -11  -17   -9    1   -7  -21   27  -27   21    7   -1    9   17   11  -37   11  -37    9   17    7   -1  -27   21
     4     0    4  -28   24   42  -10  -14  -18  -14  -18   42  -10  -28   24    0    4   -4    0  -24   28   10  -42   18   14   18   14   10  -42  -24   28   -4    0
     5     7    5  -19    7    5  -21    7    9    7    9    5  -21  -19    7    7    5   -5   -7   -7   19   21   -5   -9   -7   -9   -7   21   -5   -7   19   -5   -7
     6     3   23    1  -27  -25    3   21    1   21    1  -25    3    1  -27    3   23  -23   -3   27   -1   -3   25   -1  -21   -1  -21   -3   25   27   -1  -23   -3
     7   -16  -24   10   30    6  -14    0    8    0    8    6  -14   10   30  -16  -24   24   16  -30  -10   14   -6   -8    0   -8    0   14   -6  -30  -10   24   16
     8    38   10  -18  -30    0   12  -20    8  -20    8    0   12  -18  -30   38   10  -10  -38   30   18  -12    0   -8   20   -8   20  -12    0   30   18  -10  -38
     9    -2  -14   16    0  -18   -2    4   16    4   16  -18   -2   16    0   -2  -14   14    2    0  -16    2   18  -16   -4  -16   -4    2   18    0  -16   14    2
    10   -46    4   26   16   -8    2   28  -22   28  -22   -8    2   26   16  -46    4   -4   46  -16  -26   -2    8   22  -28   22  -28   -2    8  -16  -26   -4   46
    11    24  -26   -4    6   14    4  -34   16  -34   16   14    4   -4    6   24  -26   26  -24   -6    4   -4  -14  -16   34  -16   34   -4  -14   -6    4   26  -24
    12     5   35  -17  -23    1    7   11  -19   11  -19    1    7  -17  -23    5   35  -35   -5   23   17   -7   -1   19  -11   19  -11   -7   -1   23   17  -35   -5
    13    -3    3   -3    3    3   -3    3   -3    3   -3    3   -3   -3    3   -3    3   -3    3   -3    3    3   -3    3   -3    3   -3    3   -3   -3    3   -3    3
    14     8  -12   18  -14  -42  -10   16   36   16   36  -42  -10   18  -14    8  -12   12   -8   14  -18   10   42  -36  -16  -36  -16   10   42   14  -18   12   -8

  --- DBR Window 52' : Beta trace (backward, data read in reverse) ---
  Step      S0     S1     S2     S3     S4     S5     S6     S7
     0      12     22     26     16     26     16     12     22
     1      45     51     57     43     61     47     41     47
     2      83     81     79     79     73     77     69     67
     3     112    100    108    100    110     94    108    108
     4     140    136    124    124    116    116    126    124
     5     143    139    161    145    145    135    155    147
     6     178    168    198    172    176    174    158    158
     7     203    197    213    229    195    199    197    193
     8     221    215    225    221    251    247    219    209
     9     244    250    240    270    266    236    246    240
    10     293    295    277    269    267    277    303    295
    11     305    297    305    333    317    307    307    315
    12     323    323    335    339    357    331    327    333
    13     347    349    383    369    359    357    349    349
    14     397    403    393    387    401    409    365    369
  Final beta_init for BR:    397    403    393    387    401    409    365    369

  --- BR Window 50 : Beta init ---
     360    344    392    406    362    352    368    356

  --- BR Window 50 : Beta trace (pre-ACS, for LLR compute) ---
  Read order: step 14 down to 0
  Iter RdStep      S0     S1     S2     S3     S4     S5     S6     S7
     0     14     360    344    392    406    362    352    368    356
     1     13     377    391    425    391    387    421    415    401
     2     12     439    415    419    455    419    427    445    421
     3     11     470    458    446    458    450    440    486    446
     4     10     508    500    498    496    486    484    482    496
     5      9    -478   -506   -502   -512   -492   -510   -490   -512
     6      8    -462   -450   -460   -474   -494   -478   -482   -470
     7      7    -436   -452   -444   -464   -434   -442   -448   -442
     8      6    -430   -430   -402   -404   -410   -412   -424   -424
     9      5    -378   -370   -378   -396   -366   -382   -404   -398
    10      4    -370   -368   -370   -356   -364   -378   -368   -370
    11      3    -332   -344   -346   -354   -332   -350   -338   -354
    12      2    -329   -323   -317   -315   -339   -327   -327   -341
    13      1    -307   -295   -313   -289   -309   -295   -293   -295
    14      0    -281   -271   -293   -285   -279   -267   -267   -273

##############################################################################
# SLOT 51  |  FR=W52 , BR=W51 , DBR=W53'
##############################################################################

  --- FR Window 52 : Alpha (state metrics after ACS) ---
  Step      S0     S1     S2     S3     S4     S5     S6     S7
     0     395    387    387    407    377    401    405    389
     1     403    435    441    413    413    423    413    403
     2     465    457    447    437    459    431    445    431
     3     477    457    477    465    469    461    467    481
     4     482   -504   -494    506    486    500    508    510
     5    -497   -509   -483   -507   -499    507   -475   -505
     6    -461   -485   -481   -477   -471   -477   -489   -449
     7    -436   -446   -446   -442   -444   -430   -460   -434
     8    -431   -407   -409   -419   -415   -421   -413   -403
     9    -388   -394   -408   -394   -384   -404   -402   -380
    10    -370   -368   -378   -356   -386   -370   -356   -372
    11    -341   -357   -349   -327   -329   -341   -337   -343
    12    -293   -307   -327   -307   -319   -325   -333   -315
    13    -276   -290   -274   -294   -282   -274   -282   -310
    14    -248   -258   -270   -256   -268   -264   -264   -278

  --- FR Window 52 : Gamma R4 BMs ---
     0   -10  -16  -14   40   10  -44   14   20   14   20   10  -44  -14   40  -10  -16   16   10  -40   14   44  -10  -20  -14  -20  -14   44  -10  -40   14   16   10
     1     8   10    8  -26    0   34  -16  -18  -16  -18    0   34    8  -26    8   10  -10   -8   26   -8  -34    0   18   16   18   16  -34    0   26   -8  -10   -8
     2    -6    0   24  -18   -8   34  -10  -16  -10  -16   -8   34   24  -18   -6    0    0    6   18  -24  -34    8   16   10   16   10  -34    8   18  -24    0    6
     3    12    4    6  -22  -30   -2   12   20   12   20  -30   -2    6  -22   12    4   -4  -12   22   -6    2   30  -20  -12  -20  -12    2   30   22   -6   -4  -12
     4   -29   25   -3    7  -21  -31   53   -1   53   -1  -21  -31   -3    7  -29   25  -25   29   -7    3   31   21    1  -53    1  -53   31   21   -7    3  -25   29
     5     1    7  -19   11   11  -19    7    1    7    1   11  -19  -19   11    1    7   -7   -1  -11   19   19  -11   -1   -7   -1   -7   19  -11  -11   19   -7   -1
     6   -14  -26   22   18    2    6  -10    2  -10    2    2    6   22   18  -14  -26   26   14  -18  -22   -6   -2   -2   10   -2   10   -6   -2  -18  -22   26   14
     7    25    7    5  -37  -11   31  -19   -1  -19   -1  -11   31    5  -37   25    7   -7  -25   37   -5  -31   11    1   19    1   19  -31   11   37   -5   -7  -25
     8     3   13  -27   11   37   -1  -13  -23  -13  -23   37   -1  -27   11    3   13  -13   -3  -11   27    1  -37   23   13   23   13    1  -37  -11   27  -13   -3
     9   -23   -3   21    5  -17   -1   19   -1   19   -1  -17   -1   21    5  -23   -3    3   23   -5  -21    1   17    1  -19    1  -19    1   17   -5  -21    3   23
    10    -8   24   -8   -8   16   16    0  -32    0  -32   16   16   -8   -8   -8   24  -24    8    8    8  -16  -16   32    0   32    0  -16  -16    8    8  -24    8
    11    29   -3  -27    1   29    1  -31    1  -31    1   29    1  -27    1   29   -3    3  -29   -1   27   -1  -29   -1   31   -1   31   -1  -29   -1   27    3  -29
    12   -20  -22    8   34   22   -4  -10   -8  -10   -8   22   -4    8   34  -20  -22   22   20  -34   -8    4  -22    8   10    8   10    4  -22  -34   -8   22   20
    13    -5  -11  -15   31    1  -45   19   25   19   25    1  -45  -15   31   -5  -11   11    5  -31   15   45   -1  -25  -19  -25  -19   45   -1  -31   15   11    5
    14   -22   -4   26    0  -10   16    6  -12    6  -12  -10   16   26    0  -22   -4    4   22    0  -26  -16   10   12   -6   12   -6  -16   10    0  -26    4   22

  --- DBR Window 53' : Beta trace (backward, data read in reverse) ---
  Step      S0     S1     S2     S3     S4     S5     S6     S7
     0      30     30     22     22     22     22     30     30
     1      42     46     36     40     38     34     48     44
     2      54     62     46     48     46     48     60     58
     3      74     74     68     60     84     68     62     62
     4     106    116     88     94     94     80    112     94
     5     153    129    115    109    143    131    121    117
     6     162    182    178    146    152    150    142    138
     7     204    188    178    182    176    172    208    174
     8     211    203    221    237    199    201    193    201
     9     237    235    235    235    243    255    245    247
    10     264    264    260    250    264    260    274    262
    11     287    283    303    289    289    289    285    277
    12     318    340    320    302    324    306    298    320
    13     333    337    339    353    351    349    353    357
    14     384    368    360    356    380    368    390    366
  Final beta_init for BR:    384    368    360    356    380    368    390    366

  --- BR Window 51 : Beta init ---
     397    403    393    387    401    409    365    369

  --- BR Window 51 : Beta trace (pre-ACS, for LLR compute) ---
  Read order: step 14 down to 0
  Iter RdStep      S0     S1     S2     S3     S4     S5     S6     S7
     0     14     397    403    393    387    401    409    365    369
     1     13     413    429    415    407    419    451    419    439
     2     12     422    422    422    422    454    448    454    448
     3     11     473    457    477    471    471    465    467    457
     4     10     497    501    491    481    471    477    495    499
     5      9    -505   -507   -501   -511    507    503   -495   -479
     6      8    -497   -485   -489   -477   -479   -495   -465   -477
     7      7    -459   -445   -449   -461   -447   -459   -439   -467
     8      6    -423   -431   -425   -429   -439   -431   -443   -437
     9      5    -404   -400   -412   -418   -410   -406   -410   -406
    10      4    -397   -399   -389   -391   -385   -387   -393   -391
    11      3    -375   -379   -347   -357   -357   -363   -369   -373
    12      2    -310   -336   -350   -352   -354   -346   -342   -330
    13      1    -275   -305   -329   -331   -309   -311   -317   -325
    14      0    -282   -300   -246   -270   -302   -286   -298   -294

##############################################################################
# SLOT 52  |  FR=W53 , BR=W52 , DBR=W54'
##############################################################################

  --- FR Window 53 : Alpha (state metrics after ACS) ---
  Step      S0     S1     S2     S3     S4     S5     S6     S7
     0    -241   -255   -247   -241   -215   -261   -243   -231
     1    -218   -204   -228   -230   -212   -174   -206   -232
     2    -213   -191   -167   -159   -201   -157   -193   -171
     3    -128   -132   -134   -158   -166   -142   -144   -156
     4    -105   -129   -113   -129   -117   -125   -109   -139
     5     -97    -93    -89   -101    -93    -75    -71    -89
     6     -72    -64    -80    -64    -66    -46    -72    -70
     7     -44    -46    -46    -26    -28    -40    -58    -34
     8     -17    -27    -13     -5    -11    -21     -7      7
     9      -2     16     14     30      4     34     24     24
    10      50     62     36     54     48     46     42     56
    11      64     70     60     58     64     70     76     56
    12      74     72     82     86     80     70     84     92
    13      88    102     92    108     90     96     96    106
    14     130    126    118    118    132    112    114    136

  --- FR Window 53 : Gamma R4 BMs ---
     0    -9  -33   27   15   -3    9  -15    9  -15    9   -3    9   27   15   -9  -33   33    9  -15  -27   -9    3   -9   15   -9   15   -9    3  -15  -27   33    9
     1     5    1  -29   23   11  -41   13   17   13   17   11  -41  -29   23    5    1   -1   -5  -23   29   41  -11  -17  -13  -17  -13   41  -11  -23   29   -1   -5
     2     5  -17   -3   15  -17  -35   15   37   15   37  -17  -35   -3   15    5  -17   17   -5  -15    3   35   17  -37  -15  -37  -15   35   17  -15    3   17   -5
     3   -15  -23   39   -1  -15   25   -9   -1   -9   -1  -15   25   39   -1  -15  -23   23   15    1  -39  -25   15    1    9    1    9  -25   15    1  -39   23   15
     4    -7   27   -3  -17   -5    9   15  -19   15  -19   -5    9   -3  -17   -7   27  -27    7   17    3   -9    5   19  -15   19  -15   -9    5   17    3  -27    7
     5     8   10  -36   18   12  -42   16   14   16   14   12  -42  -36   18    8   10  -10   -8  -18   36   42  -12  -14  -16  -14  -16   42  -12  -18   36  -10   -8
     6     7   -1   17  -23  -29   11    5   13    5   13  -29   11   17  -23    7   -1    1   -7   23  -17  -11   29  -13   -5  -13   -5  -11   29   23  -17    1   -7
     7   -36    0   16   20   -6  -10   26  -10   26  -10   -6  -10   16   20  -36    0    0   36  -20  -16   10    6   10  -26   10  -26   10    6  -20  -16    0   36
     8     9   29   -3  -35  -19   13   13   -7   13   -7  -19   13   -3  -35    9   29  -29   -9   35    3  -13   19    7  -13    7  -13  -13   19   35    3  -29   -9
     9   -17   23   -9    3   27   15   -1  -41   -1  -41   27   15   -9    3  -17   23  -23   17   -3    9  -15  -27   41    1   41    1  -15  -27   -3    9  -23   17
    10   -32    6    6   20  -12  -26   38    0   38    0  -12  -26    6   20  -32    6   -6   32  -20   -6   26   12    0  -38    0  -38   26   12  -20   -6   -6   32
    11     2    2  -10    6   22    6  -14  -14  -14  -14   22    6  -10    6    2    2   -2   -2   -6   10   -6  -22   14   14   14   14   -6  -22   -6   10   -2   -2
    12    10  -16    4    2    0    2  -14   12  -14   12    0    2    4    2   10  -16   16  -10   -2   -4   -2    0  -12   14  -12   14   -2    0   -2   -4   16  -10
    13   -14   16    6   -8  -10    4   18  -12   18  -12  -10    4    6   -8  -14   16  -16   14    8   -6   -4   10   12  -18   12  -18   -4   10    8   -6  -16   14
    14   -30    8    0   22    0  -22   30   -8   30   -8    0  -22    0   22  -30    8   -8   30  -22    0   22    0    8  -30    8  -30   22    0  -22    0   -8   30

  --- DBR Window 54' : Beta trace (backward, data read in reverse) ---
  Step      S0     S1     S2     S3     S4     S5     S6     S7
     0      12     16     36     44     36     44     12     16
     1      79     67     31     37     63     69     59     55
     2      93     89     95     79     75     91    103     81
     3     105    127    123    109    111     97    107    121
     4     120    130    134    120    138    130    130    134
     5     139    143    165    175    161    171    139    143
     6     172    194    180    166    182    196    198    176
     7     211    205    207    215    201    213    219    199
     8     216    218    228    236    232    230    214    216
     9     253    261    265    249    285    257    237    245
    10     284    326    282    282    278    278    286    286
    11     295    291    301    307    345    315    327    317
    12     348    374    330    340    318    322    336    346
    13     355    343    377    371    369    371    399    387
    14     431    389    397    387    391    405    403    405
  Final beta_init for BR:    431    389    397    387    391    405    403    405

  --- BR Window 52 : Beta init ---
     384    368    360    356    380    368    390    366

  --- BR Window 52 : Beta trace (pre-ACS, for LLR compute) ---
  Read order: step 14 down to 0
  Iter RdStep      S0     S1     S2     S3     S4     S5     S6     S7
     0     14     384    368    360    356    380    368    390    366
     1     13     402    402    410    400    382    384    380    388
     2     12     429    435    425    433    429    431    421    427
     3     11     451    449    447    463    457    467    449    447
     4     10     480    480    476    484    478    474    492    498
     5      9    -500    504    492    492    506    506    506    508
     6      8     511   -495   -479   -495   -511   -501   -501   -493
     7      7    -478   -488   -442   -480   -458   -466   -478   -482
     8      6    -453   -443   -421   -411   -445   -455   -455   -447
     9      5    -419   -419   -419   -415   -389   -393   -421   -433
    10      4    -396   -390   -400   -370   -374   -404   -394   -400
    11      3    -347   -345   -363   -371   -373   -363   -337   -345
    12      2    -335   -343   -335   -307   -323   -333   -333   -325
    13      1    -317   -317   -305   -301   -283   -309   -313   -307
    14      0    -293   -291   -257   -271   -281   -283   -291   -291

##############################################################################
# SLOT 53  |  FR=W54 , BR=W53 , DBR=W55'
##############################################################################

  --- FR Window 54 : Alpha (state metrics after ACS) ---
  Step      S0     S1     S2     S3     S4     S5     S6     S7
     0     160    148    144    170    138    146    162    148
     1     173    187    185    167    167    181    205    169
     2     196    222    192    196    216    226    194    198
     3     219    235    213    249    235    227    221    233
     4     260    244    266    264    276    250    250    274
     5     315    273    285    325    281    277    291    303
     6     328    314    324    298    326    294    342    312
     7     347    367    353    345    349    355    341    351
     8     370    380    396    364    372    380    370    368
     9     389    403    427    389    401    387    411    417
    10     418    424    438    414    412    422    440    420
    11     438    452    456    452    444    432    458    466
    12     472    460    476    476    478    492    472    492
    13     501   -501    491   -507   -509    503    489   -509
    14    -485   -485   -497   -493   -463   -473   -497   -477

  --- FR Window 54 : Gamma R4 BMs ---
     0   -12   34  -18   -4   16    2   14  -32   14  -32   16    2  -18   -4  -12   34  -34   12    4   18   -2  -16   32  -14   32  -14   -2  -16    4   18  -34   12
     1   -19   -7   29   -3  -35   -3   25   13   25   13  -35   -3   29   -3  -19   -7    7   19    3  -29    3   35  -13  -25  -13  -25    3   35    3  -29    7   19
     2   -29    9    5   15    7   -3   17  -21   17  -21    7   -3    5   15  -29    9   -9   29  -15   -5    3   -7   21  -17   21  -17    3   -7  -15   -5   -9   29
     3   -13   -3   -7   23   19  -11    1   -9    1   -9   19  -11   -7   23  -13   -3    3   13  -23    7   11  -19    9   -1    9   -1   11  -19  -23    7    3   13
     4   -41    1   29   11   -1   17   13  -29   13  -29   -1   17   29   11  -41    1   -1   41  -11  -29  -17    1   29  -13   29  -13  -17    1  -11  -29   -1   41
     5   -29  -21   49    1  -27   21    7   -1    7   -1  -27   21   49    1  -29  -21   21   29   -1  -49  -21   27    1   -7    1   -7  -21   27   -1  -49   21   29
     6    -9  -11   17    3  -17   -3    9   11    9   11  -17   -3   17    3   -9  -11   11    9   -3  -17    3   17  -11   -9  -11   -9    3   17   -3  -17   11    9
     7    -5   33   -3  -25  -17    5   25  -13   25  -13  -17    5   -3  -25   -5   33  -33    5   25    3   -5   17   13  -25   13  -25   -5   17   25    3  -33    5
     8    23    1   -5  -19  -25  -11    7   29    7   29  -25  -11   -5  -19   23    1   -1  -23   19    5   11   25  -29   -7  -29   -7   11   25   19    5   -1  -23
     9    19    9  -37    9   31  -15  -13   -3  -13   -3   31  -15  -37    9   19    9   -9  -19   -9   37   15  -31    3   13    3   13   15  -31   -9   37   -9  -19
    10     3   -9   -9   15   11  -13   -5    7   -5    7   11  -13   -9   15    3   -9    9   -3  -15    9   13  -11   -7    5   -7    5   13  -11  -15    9    9   -3
    11    12  -26    0   14   -6  -20   -6   32   -6   32   -6  -20    0   14   12  -26   26  -12  -14    0   20    6  -32    6  -32    6   20    6  -14    0   26  -12
    12   -26   10   16    0    8   24    2  -34    2  -34    8   24   16    0  -26   10  -10   26    0  -16  -24   -8   34   -2   34   -2  -24   -8    0  -16  -10   26
    13    -1  -43   19   25   -7  -13  -11   31  -11   31   -7  -13   19   25   -1  -43   43    1  -25  -19   13    7  -31   11  -31   11   13    7  -25  -19   43    1
    14    12   16  -44   16   24  -36    8    4    8    4   24  -36  -44   16   12   16  -16  -12  -16   44   36  -24   -4   -8   -4   -8   36  -24  -16   44  -16  -12

  --- DBR Window 55' : Beta trace (backward, data read in reverse) ---
  Step      S0     S1     S2     S3     S4     S5     S6     S7
     0      20     12      8     16      8     16     20     12
     1      35     43     39     47     35     43     39     47
     2      51     49     59     61     71     65     59     61
     3      87     87     87     79     77     73     97     85
     4     118    112    112    102    112     98     94     96
     5     127    137    125    129    125    129    131    121
     6     144    150    148    158    146    156    156    162
     7     162    160    158    160    172    174    178    176
     8     191    197    197    209    199    213    187    193
     9     206    214    218    216    218    216    226    240
    10     242    234    240    236    230    246    264    256
    11     270    260    286    266    268    292    252    254
    12     297    307    275    281    311    305    271    281
    13     306    324    334    324    310    320    322    308
    14     345    333    331    331    329    329    339    351
  Final beta_init for BR:    345    333    331    331    329    329    339    351

  --- BR Window 53 : Beta init ---
     431    389    397    387    391    405    403    405

  --- BR Window 53 : Beta trace (pre-ACS, for LLR compute) ---
  Read order: step 14 down to 0
  Iter RdStep      S0     S1     S2     S3     S4     S5     S6     S7
     0     14     431    389    397    387    391    405    403    405
     1     13     427    439    431    453    427    409    419    435
     2     12     449    443    435    435    459    445    457    469
     3     11     475    471    457    457    467    465    485    459
     4     10     499    499    479    481    493    477    479    479
     5      9    -507   -499    505   -505    503    501   -487    511
     6      8    -446   -484   -492   -504   -472   -484   -482   -482
     7      7    -437   -417   -437   -463   -447   -465   -471   -475
     8      6    -411   -411   -421   -417   -423   -427   -391   -427
     9      5    -404   -396   -394   -362   -400   -398   -406   -398
    10      4    -378   -380   -364   -364   -356   -344   -354   -352
    11      3    -335   -349   -339   -349   -335   -339   -325   -337
    12      2    -312   -316   -296   -310   -310   -324   -314   -322
    13      1    -281   -259   -279   -297   -289   -295   -301   -279
    14      0    -266   -262   -260   -258   -248   -250   -246   -242

##############################################################################
# SLOT 54  |  FR=W55 , BR=W54 , DBR=W56'
##############################################################################

  --- FR Window 55 : Alpha (state metrics after ACS) ---
  Step      S0     S1     S2     S3     S4     S5     S6     S7
     0    -458   -468   -474   -450   -472   -458   -484   -442
     1    -441   -445   -437   -415   -437   -443   -441   -445
     2    -404   -424   -424   -432   -420   -418   -402   -428
     3    -396   -396   -400   -394   -396   -396   -398   -382
     4    -364   -374   -388   -366   -372   -382   -386   -366
     5    -357   -351   -347   -373   -357   -339   -347   -373
     6    -340   -318   -308   -330   -336   -334   -332   -302
     7    -294   -304   -304   -318   -304   -298   -310   -288
     8    -289   -263   -275   -289   -293   -271   -287   -293
     9    -244   -254   -262   -274   -246   -254   -256   -272
    10    -255   -221   -237   -239   -239   -235   -223   -251
    11    -219   -223   -193   -187   -221   -227   -201   -211
    12    -169   -189   -187   -197   -195   -205   -165   -189
    13    -164   -154   -154   -160   -142   -178   -170   -138
    14    -142   -134   -144   -126   -146   -134   -144   -134

  --- FR Window 55 : Gamma R4 BMs ---
     0    15   27  -21  -21   -5   -5   11   -1   11   -1   -5   -5  -21  -21   15   27  -27  -15   21   21    5    5    1  -11    1  -11    5    5   21   21  -27  -15
     1     9   27  -13  -23    3   13    1  -17    1  -17    3   13  -13  -23    9   27  -27   -9   23   13  -13   -3   17   -1   17   -1  -13   -3   23   13  -27   -9
     2    -3  -13    5   11  -13  -19   11   21   11   21  -13  -19    5   11   -3  -13   13    3  -11   -5   19   13  -21  -11  -21  -11   19   13  -11   -5   13    3
     3     8   18  -36   10   24  -22    4   -6    4   -6   24  -22  -36   10    8   18  -18   -8  -10   36   22  -24    6   -4    6   -4   22  -24  -10   36  -18   -8
     4   -16  -24   10   30    6  -14    0    8    0    8    6  -14   10   30  -16  -24   24   16  -30  -10   14   -6   -8    0   -8    0   14   -6  -30  -10   24   16
     5     7   -7   -1    1   21   19  -27  -13  -27  -13   21   19   -1    1    7   -7    7   -7   -1    1  -19  -21   13   27   13   27  -19  -21   -1    1    7   -7
     6    17   11  -37    9   39   -7  -19  -13  -19  -13   39   -7  -37    9   17   11  -11  -17   -9   37    7  -39   13   19   13   19    7  -39   -9   37  -11  -17
     7   -14  -16   14   16    4    2   -4   -2   -4   -2    4    2   14   16  -14  -16   16   14  -16  -14   -2   -4    2    4    2    4   -2   -4  -16  -14   16   14
     8     5   -1    3   -7  -27  -17   19   25   19   25  -27  -17    3   -7    5   -1    1   -5    7   -3   17   27  -25  -19  -25  -19   17   27    7   -3    1   -5
     9   -17   19    1   -3   13   17    3  -33    3  -33   13   17    1   -3  -17   19  -19   17    3   -1  -17  -13   33   -3   33   -3  -17  -13    3   -1  -19   17
    10   -11   -5    1   15   25   11  -15  -21  -15  -21   25   11    1   15  -11   -5    5   11  -15   -1  -11  -25   21   15   21   15  -11  -25  -15   -1    5   11
    11    36  -12   -8  -16   -8    0  -20   28  -20   28   -8    0   -8  -16   36  -12   12  -36   16    8    0    8  -28   20  -28   20    0    8   16    8   12  -36
    12   -14  -12   24    2  -22    0   12   10   12   10  -22    0   24    2  -14  -12   12   14   -2  -24    0   22  -10  -12  -10  -12    0   22   -2  -24   12   14
    13     5  -27   19    3  -27  -11    3   35    3   35  -27  -11   19    3    5  -27   27   -5   -3  -19   11   27  -35   -3  -35   -3   11   27   -3  -19   27   -5
    14    -4   12    0   -8    8   16   -4  -20   -4  -20    8   16    0   -8   -4   12  -12    4    8    0  -16   -8   20    4   20    4  -16   -8    8    0  -12    4

  --- DBR Window 56' : Beta trace (backward, data read in reverse) ---
  Step      S0     S1     S2     S3     S4     S5     S6     S7
     0      22     34     30     26     30     26     22     34
     1      45     57     61     47     65     51     49     61
     2      73     65     77     99     77     95     69     67
     3      93     93     83     87    109    113     99     95
     4     113    119    145    119    131    125    117    113
     5     154    172    152    156    158    140    138    154
     6     175    177    175    185    171    181    179    179
     7     181    189    207    199    209    209    191    191
     8     230    218    226    250    212    232    248    226
     9     236    256    252    254    262    260    252    240
    10     290    274    288    276    296    272    294    270
    11     308    324    320    306    306    286    286    302
    12     348    342    338    322    334    326    352    340
    13     374    362    394    370    368    352    378    366
    14     414    436    424    394    398    386    382    404
  Final beta_init for BR:    414    436    424    394    398    386    382    404

  --- BR Window 54 : Beta init ---
     345    333    331    331    329    329    339    351

  --- BR Window 54 : Beta trace (pre-ACS, for LLR compute) ---
  Read order: step 14 down to 0
  Iter RdStep      S0     S1     S2     S3     S4     S5     S6     S7
     0     14     345    333    331    331    329    329    339    351
     1     13     357    361    375    373    365    395    343    347
     2     12     408    406    376    382    408    402    390    406
     3     11     424    434    424    408    414    430    436    432
     4     10     440    456    456    442    450    436    458    466
     5      9     459    463    471    459    467    475    475    463
     6      8     478    488    502    504    494    500    478    488
     7      7     509   -493   -511    503    511   -499   -497   -507
     8      6    -484   -482   -488   -480   -482   -482   -468   -488
     9      5    -471   -473   -465   -451   -463   -465   -473   -471
    10      4    -442   -434   -422   -444   -402   -438   -450   -442
    11      3    -403   -361   -413   -405   -415   -417   -409   -401
    12      2    -400   -402   -394   -380   -342   -372   -360   -370
    13      1    -339   -313   -357   -347   -369   -365   -351   -341
    14      0    -332   -344   -310   -316   -318   -316   -288   -300

##############################################################################
# SLOT 55  |  FR=W56 , BR=W55 , DBR=W57'
##############################################################################

  --- FR Window 56 : Alpha (state metrics after ACS) ---
  Step      S0     S1     S2     S3     S4     S5     S6     S7
     0    -110    -92    -92   -118   -112   -100    -98   -120
     1     -86    -62    -68    -88    -86    -70    -50    -88
     2     -28    -22    -58    -48    -36    -44    -62    -54
     3     -20     -4    -26    -34    -20    -24      8    -34
     4      12     46     18     -4      8     16     10     -8
     5      30     12     64     26     44     22     54     34
     6      77     65     77     57     81     93     69     61
     7      83     97     93    117     87    109    105    113
     8     120    118    106    136    144    110    118    136
     9     157    137    147    183    159    133    143    177
    10     177    173    197    203    193    175    195    195
    11     217    211    195    195    201    207    211    211
    12     231    223    229    231    229    227    221    241
    13     242    260    260    238    246    276    258    236
    14     290    276    256    302    294    280    260    280

  --- FR Window 56 : Gamma R4 BMs ---
     0    10  -12  -14   16  -16  -46   20   42   20   42  -16  -46  -14   16   10  -12   12  -10  -16   14   46   16  -42  -20  -42  -20   46   16  -16   14   12  -10
     1    -6    6  -12   12  -18  -42   36   24   36   24  -18  -42  -12   12   -6    6   -6    6  -12   12   42   18  -24  -36  -24  -36   42   18  -12   12   -6    6
     2     2   34   -4  -32  -26    2   28   -4   28   -4  -26    2   -4  -32    2   34  -34   -2   32    4   -2   26    4  -28    4  -28   -2   26   32    4  -34   -2
     3     8   -8  -10   10   32   12  -30  -14  -30  -14   32   12  -10   10    8   -8    8   -8  -10   10  -12  -32   14   30   14   30  -12  -32  -10   10    8   -8
     4   -12   16  -14   10  -12  -36   38   10   38   10  -12  -36  -14   10  -12   16  -16   12  -10   14   36   12  -10  -38  -10  -38   36   12  -10   14  -16   12
     5     2  -24   12   10   -6   -4   -8   18   -8   18   -6   -4   12   10    2  -24   24   -2  -10  -12    4    6  -18    8  -18    8    4    6  -10  -12   24   -2
     6    -9   13   13  -17   13   43  -17  -39  -17  -39   13   43   13  -17   -9   13  -13    9   17  -13  -43  -13   39   17   39   17  -43  -13   17  -13  -13    9
     7     6  -10  -20   24   16  -28   -2   14   -2   14   16  -28  -20   24    6  -10   10   -6  -24   20   28  -16  -14    2  -14    2   28  -16  -24   20   10   -6
     8    21   23  -27  -17   -1  -11    7    5    7    5   -1  -11  -27  -17   21   23  -23  -21   17   27   11    1   -5   -7   -5   -7   11    1   17   27  -23  -21
     9   -41  -19   39   21   -7   11    9  -13    9  -13   -7   11   39   21  -41  -19   19   41  -21  -39  -11    7   13   -9   13   -9  -11    7  -21  -39   19   41
    10    20   26  -10  -36  -12   14    2   -4    2   -4  -12   14  -10  -36   20   26  -26  -20   36   10  -14   12    4   -2    4   -2  -14   12   36   10  -26  -20
    11     0  -16    2   14   -2  -14    0   16    0   16   -2  -14    2   14    0  -16   16    0  -14   -2   14    2  -16    0  -16    0   14    2  -14   -2   16    0
    12     6   20  -34    8   16  -26   12   -2   12   -2   16  -26  -34    8    6   20  -20   -6   -8   34   26  -16    2  -12    2  -12   26  -16   -8   34  -20   -6
    13     7  -15   -3   11   31   17  -35  -13  -35  -13   31   17   -3   11    7  -15   15   -7  -11    3  -17  -31   13   35   13   35  -17  -31  -11    3   15   -7
    14   -34  -22   30   26   -4    0    8   -4    8   -4   -4    0   30   26  -34  -22   22   34  -26  -30    0    4    4   -8    4   -8    0    4  -26  -30   22   34

  --- DBR Window 57' : Beta trace (backward, data read in reverse) ---
  Step      S0     S1     S2     S3     S4     S5     S6     S7
     0      16     14     22     10     22     10     16     14
     1      30     36     48     40     40     32     24     30
     2      74     66     56     52     66     52     64     54
     3      80     92     82     86     70     74     90     74
     4      89    107    125    105    109    111     99    117
     5     130    142    136    136    122    122    138    150
     6     160    170    164    150    170    156    162    198
     7     191    181    183    189    177    195    219    209
     8     194    210    218    260    226    236    222    208
     9     238    224    244    266    252    262    268    290
    10     278    286    272    260    270    298    300    292
    11     307    307    305    309    297    309    305    305
    12     330    330    332    328    336    332    332    332
    13     354    348    354    354    352    352    350    348
    14     373    363    367    361    363    357    373    359
  Final beta_init for BR:    373    363    367    361    363    357    373    359

  --- BR Window 55 : Beta init ---
     414    436    424    394    398    386    382    404

  --- BR Window 55 : Beta trace (pre-ACS, for LLR compute) ---
  Read order: step 14 down to 0
  Iter RdStep      S0     S1     S2     S3     S4     S5     S6     S7
     0     14     414    436    424    394    398    386    382    404
     1     13     420    426    432    440    444    452    432    416
     2     12     471    467    443    459    463    479    445    461
     3     11     475    477    495    473    483    501    479    477
     4     10     511   -501    499    495    501    509    509   -503
     5      9    -494   -500   -500   -498   -476   -490   -494   -492
     6      8    -461   -459   -473   -477   -487   -483   -457   -475
     7      7    -454   -448   -440   -430   -466   -456   -440   -434
     8      6    -438   -436   -436   -438   -416   -414   -418   -420
     9      5    -405   -399   -397   -379   -397   -383   -401   -395
    10      4    -388   -374   -376   -378   -378   -378   -370   -356
    11      3    -354   -362   -356   -358   -364   -348   -332   -340
    12      2    -326   -336   -310   -328   -326   -304   -342   -340
    13      1    -299   -289   -321   -315   -285   -291   -325   -315
    14      0    -290   -272   -262   -272   -286   -276   -274   -288

##############################################################################
# SLOT 56  |  FR=W57 , BR=W56 , DBR=W58'
##############################################################################

  --- FR Window 57 : Alpha (state metrics after ACS) ---
  Step      S0     S1     S2     S3     S4     S5     S6     S7
     0     309    289    303    285    311    293    307    309
     1     309    333    325    317    327    325    315    325
     2     332    350    358    328    334    354    352    326
     3     385    377    351    361    363    363    357    363
     4     383    391    379    383    395    381    395    371
     5     421    421    405    403    423    411    399    421
     6     432    448    448    450    434    452    444    440
     7     479    453    461    481    459    455    469    465
     8     501    489    499    493    501    491    501   -511
     9    -508   -512    510   -506   -502   -496   -496   -478
    10    -481   -453   -487   -471   -493   -467   -479   -481
    11    -435   -455   -445   -463   -455   -445   -449   -463
    12    -419   -441   -437   -429   -401   -435   -443   -415
    13    -405   -401   -411   -395   -411   -409   -407   -375
    14    -391   -361   -387   -371   -385   -389   -387   -377

  --- FR Window 57 : Gamma R4 BMs ---
     0    19    5   -9  -15   -5    1   -5    9   -5    9   -5    1   -9  -15   19    5   -5  -19   15    9   -1    5   -9    5   -9    5   -1    5   15    9   -5  -19
     1    -8  -18    2   24   22    0  -16   -6  -16   -6   22    0    2   24   -8  -18   18    8  -24   -2    0  -22    6   16    6   16    0  -22  -24   -2   18    8
     2    -1   -1   -1    3  -23  -27   25   25   25   25  -23  -27   -1    3   -1   -1    1    1   -3    1   27   23  -25  -25  -25  -25   27   23   -3    1    1    1
     3   -11  -11   27   -5   -9   23   -7   -7   -7   -7   -9   23   27   -5  -11  -11   11   11    5  -27  -23    9    7    7    7    7  -23    9    5  -27   11   11
     4    -2  -10   -8   20   28    0  -18  -10  -18  -10   28    0   -8   20   -2  -10   10    2  -20    8    0  -28   10   18   10   18    0  -28  -20    8   10    2
     5     8   30  -40    2   26  -16    6  -16    6  -16   26  -16  -40    2    8   30  -30   -8   -2   40   16  -26   16   -6   16   -6   16  -26   -2   40  -30   -8
     6     3  -13   27  -17  -41    3   11   27   11   27  -41    3   27  -17    3  -13   13   -3   17  -27   -3   41  -27  -11  -27  -11   -3   41   17  -27   13   -3
     7   -11  -21    3   29    5  -21    3   13    3   13    5  -21    3   29  -11  -21   21   11  -29   -3   21   -5  -13   -3  -13   -3   21   -5  -29   -3   21   11
     8   -48   -6   34   20   -6    8   20  -22   20  -22   -6    8   34   20  -48   -6    6   48  -20  -34   -8    6   22  -20   22  -20   -8    6  -20  -34    6   48
     9   -33   -1   17   17   11   11    5  -27    5  -27   11   11   17   17  -33   -1    1   33  -17  -17  -11  -11   27   -5   27   -5  -11  -11  -17  -17    1   33
    10     3  -15  -13   25    3  -35    7   25    7   25    3  -35  -13   25    3  -15   15   -3  -25   13   35   -3  -25   -7  -25   -7   35   -3  -25   13   15   -3
    11     2   18   -4  -16  -22  -10   24    8   24    8  -22  -10   -4  -16    2   18  -18   -2   16    4   10   22   -8  -24   -8  -24   10   22   16    4  -18   -2
    12    -4  -34   26   12  -10    4  -12   18  -12   18  -10    4   26   12   -4  -34   34    4  -12  -26   -4   10  -18   12  -18   12   -4   10  -12  -26   34    4
    13    14   20   -8  -26    0   18   -6  -12   -6  -12    0   18   -8  -26   14   20  -20  -14   26    8  -18    0   12    6   12    6  -18    0   26    8  -20  -14
    14     2    4  -10    4   -8  -22   16   14   16   14   -8  -22  -10    4    2    4   -4   -2   -4   10   22    8  -14  -16  -14  -16   22    8   -4   10   -4   -2

  --- DBR Window 58' : Beta trace (backward, data read in reverse) ---
  Step      S0     S1     S2     S3     S4     S5     S6     S7
     0      15     15     21     21     21     21     15     15
     1      50     30     30     34     36     40     44     36
     2      58     60     68     66     64     62     46     60
     3      62     66     94    106     90     98     78     74
     4     130    114    128    116    100    112    150    130
     5     176    160    152    140    138    140    138    134
     6     201    175    173    173    175    181    165    177
     7     222    200    220    220    192    192    224    216
     8     237    239    223    239    235    219    235    223
     9     282    260    256    270    258    272    270    256
    10     310    282    282    290    278    292    298    286
    11     318    340    300    296    308    298    312    320
    12     329    339    325    335    363    353    341    331
    13     378    352    364    376    376    352    346    360
    14     408    396    376    384    368    376    406    384
  Final beta_init for BR:    408    396    376    384    368    376    406    384

  --- BR Window 56 : Beta init ---
     373    363    367    361    363    357    373    359

  --- BR Window 56 : Beta trace (pre-ACS, for LLR compute) ---
  Read order: step 14 down to 0
  Iter RdStep      S0     S1     S2     S3     S4     S5     S6     S7
     0     14     373    363    367    361    363    357    373    359
     1     13     385    397    403    399    391    387    381    393
     2     12     406    416    434    420    428    414    408    422
     3     11     446    432    450    462    440    456    428    440
     4     10     456    466    448    460    470    476    462    456
     5      9     476    482    506    480    492    488    480    486
     6      8    -509   -491   -509   -507   -505    501    505   -497
     7      7    -488   -486   -488   -478   -480   -470   -484   -484
     8      6    -470   -474   -456   -460   -442   -454   -472   -468
     9      5    -433   -433   -425   -413   -447   -431   -415   -437
    10      4    -423   -407   -411   -409   -401   -403   -411   -415
    11      3    -373   -389   -375   -387   -367   -391   -369   -393
    12      2    -355   -339   -343   -357   -357   -377   -377   -361
    13      1    -315   -321   -325   -341   -329   -337   -311   -323
    14      0    -289   -301   -269   -293   -295   -311   -285   -297

##############################################################################
# SLOT 57  |  FR=W58 , BR=W57 , DBR=W59'
##############################################################################

  --- FR Window 58 : Alpha (state metrics after ACS) ---
  Step      S0     S1     S2     S3     S4     S5     S6     S7
     0    -361   -345   -329   -357   -363   -357   -341   -365
     1    -340   -344   -322   -330   -344   -340   -306   -326
     2    -313   -321   -299   -309   -319   -297   -317   -285
     3    -291   -285   -297   -255   -277   -291   -293   -285
     4    -263   -259   -253   -265   -255   -271   -235   -255
     5    -232   -238   -242   -236   -216   -230   -234   -188
     6    -217   -191   -217   -185   -223   -173   -223   -197
     7    -166   -166   -170   -154   -170   -162   -156   -176
     8    -141   -141   -133   -131   -151   -139   -129   -143
     9    -129   -127   -109   -131   -121   -103   -115   -129
    10    -103    -81    -75    -97   -103    -63    -77    -97
    11     -53    -25    -59    -77    -45    -49    -73    -73
    12     -31    -43      5    -47    -33    -21    -35    -45
    13       4     -6     -2    -26     10     -2     20    -20
    14      19     25      9     35     19     19     -3     31

  --- FR Window 58 : Gamma R4 BMs ---
     0    30  -22   -8    0   -2  -10  -20   32  -20   32   -2  -10   -8    0   30  -22   22  -30    0    8   10    2  -32   20  -32   20   10    2    0    8   22  -30
     1    11  -15  -13   17    7  -23   -5   21   -5   21    7  -23  -13   17   11  -15   15  -11  -17   13   23   -7  -21    5  -21    5   23   -7  -17   13   15  -11
     2    -3  -21    7   17   23   13  -27   -9  -27   -9   23   13    7   17   -3  -21   21    3  -17   -7  -13  -23    9   27    9   27  -13  -23  -17   -7   21    3
     3     4   30  -12  -22    2   12    6  -20    6  -20    2   12  -12  -22    4   30  -30   -4   22   12  -12   -2   20   -6   20   -6  -12   -2   22   12  -30   -4
     4    28   -6    0  -22  -20    2   -8   26   -8   26  -20    2    0  -22   28   -6    6  -28   22    0   -2   20  -26    8  -26    8   -2   20   22    0    6  -28
     5    -5  -47   19   33   11   -3  -25   17  -25   17   11   -3   19   33   -5  -47   47    5  -33  -19    3  -11  -17   25  -17   25    3  -11  -33  -19   47    5
     6    15    3    1  -19   -1   19  -15   -3  -15   -3   -1   19    1  -19   15    3   -3  -15   19   -1  -19    1    3   15    3   15  -19    1   19   -1   -3  -15
     7     9  -47   19   19    7    7  -35   21  -35   21    7    7   19   19    9  -47   47   -9  -19  -19   -7   -7  -21   35  -21   35   -7   -7  -19  -19   47   -9
     8    25  -13   -3   -9   15   21  -37    1  -37    1   15   21   -3   -9   25  -13   13  -25    9    3  -21  -15   -1   37   -1   37  -21  -15    9    3   13  -25
     9    -4   12  -10    2   24   12  -10  -26  -10  -26   24   12  -10    2   -4   12  -12    4   -2   10  -12  -24   26   10   26   10  -12  -24   -2   10  -12    4
    10   -24   24   -6    6   34   22   -4  -52   -4  -52   34   22   -6    6  -24   24  -24   24   -6    6  -22  -34   52    4   52    4  -22  -34   -6    6  -24   24
    11     0    8   22  -30  -14   38   -8  -16   -8  -16  -14   38   22  -30    0    8   -8    0   30  -22  -38   14   16    8   16    8  -38   14   30  -22   -8    0
    12     8   -6   -2    0  -22  -24   16   30   16   30  -22  -24   -2    0    8   -6    6   -8    0    2   24   22  -30  -16  -30  -16   24   22    0    2    6   -8
    13    -9   15   -1   -5  -19  -15   29    5   29    5  -19  -15   -1   -5   -9   15  -15    9    5    1   15   19   -5  -29   -5  -29   15   19    5    1  -15    9
    14    15    5    1  -21  -21    1    5   15    5   15  -21    1    1  -21   15    5   -5  -15   21   -1   -1   21  -15   -5  -15   -5   -1   21   21   -1   -5  -15

  --- DBR Window 59' : Beta trace (backward, data read in reverse) ---
  Step      S0     S1     S2     S3     S4     S5     S6     S7
     0      21     25     13      9     13      9     21     25
     1      41     29     51     39     39     27     53     41
     2      71     91     73     65     47     51     73     69
     3     101    109    103     79    121     97     95     91
     4     121    109    137    125    107    119     99    115
     5     141    137    133    155    139    127    145    133
     6     165    171    161    157    155    161    179    159
     7     188    194    198    220    180    202    198    204
     8     224    206    224    202    228    234    220    238
     9     243    239    249    249    263    259    227    231
    10     276    270    278    258    272    290    254    260
    11     291    317    283    277    319    313    283    309
    12     332    312    334    314    324    338    322    342
    13     354    342    350    370    352    348    370    358
    14     394    390    378    386    370    392    410    376
  Final beta_init for BR:    394    390    378    386    370    392    410    376

  --- BR Window 57 : Beta init ---
     408    396    376    384    368    376    406    384

  --- BR Window 57 : Beta trace (pre-ACS, for LLR compute) ---
  Read order: step 14 down to 0
  Iter RdStep      S0     S1     S2     S3     S4     S5     S6     S7
     0     14     408    396    376    384    368    376    406    384
     1     13     410    412    428    414    398    394    412    410
     2     12     424    430    428    446    436    430    428    434
     3     11     470    446    450    438    472    458    468    448
     4     10     474    488    488    490    468    480    470    456
     5      9     495   -511    505    499   -509   -509    495   -511
     6      8    -502   -476   -508   -508   -500   -500   -482   -478
     7      7    -460   -452   -468   -476   -474   -468   -456   -430
     8      6    -453   -455   -435   -431   -447   -433   -409   -419
     9      5    -424   -408   -412   -368   -402   -392   -406   -422
    10      4    -390   -394   -386   -362   -376   -366   -360   -338
    11      3    -350   -342   -358   -368   -358   -330   -328   -336
    12      2    -321   -321   -323   -319   -331   -319   -323   -323
    13      1    -298   -298   -296   -300   -292   -296   -296   -296
    14      0    -274   -280   -274   -274   -276   -276   -278   -280

##############################################################################
# SLOT 58  |  FR=W59 , BR=W58 , DBR=W60'
##############################################################################

  --- FR Window 59 : Alpha (state metrics after ACS) ---
  Step      S0     S1     S2     S3     S4     S5     S6     S7
     0      59     45     39     37     69     51     45     53
     1      53     87     73     79     53     77     91     79
     2      78     98    100    114     88    108    116    104
     3     115    143    137    131    119    131    137    127
     4     160    148    164    142    152    162    162    150
     5     167    181    179    169    163    181    193    183
     6     199    219    193    201    195    199    205    199
     7     214    232    252    208    218    240    242    210
     8     246    264    260    266    274    248    258    246
     9     270    270    284    278    284    260    278    298
    10     290    304    288    298    300    312    284    300
    11     320    330    318    314    322    336    340    336
    12     336    376    370    356    352    348    338    372
    13     376    384    388    372    392    382    400    388
    14     409    409    391    413    401    421    397    405

  --- FR Window 59 : Gamma R4 BMs ---
     0    40    6  -34  -12   14   -8  -20   14  -20   14   14   -8  -34  -12   40    6   -6  -40   12   34    8  -14  -14   20  -14   20    8  -14   12   34   -6  -40
     1    -6    6   10  -10   16   36  -20  -32  -20  -32   16   36   10  -10   -6    6   -6    6   10  -10  -36  -16   32   20   32   20  -36  -16   10  -10   -6    6
     2    23  -13    5  -15    1   21  -29    7  -29    7    1   21    5  -15   23  -13   13  -23   15   -5  -21   -1   -7   29   -7   29  -21   -1   15   -5   13  -23
     3    15  -11   -5    1  -23  -29   13   39   13   39  -23  -29   -5    1   15  -11   11  -15   -1    5   29   23  -39  -13  -39  -13   29   23   -1    5   11  -15
     4     5  -13   23  -15  -31    7    3   21    3   21  -31    7   23  -15    5  -13   13   -5   15  -23   -7   31  -21   -3  -21   -3   -7   31   15  -23   13   -5
     5     7   11  -21    3   -5  -29   19   15   19   15   -5  -29  -21    3    7   11  -11   -7   -3   21   29    5  -15  -19  -15  -19   29    5   -3   21  -11   -7
     6   -14   18  -18   14    6  -26   26   -6   26   -6    6  -26  -18   14  -14   18  -18   14  -14   18   26   -6    6  -26    6  -26   26   -6  -14   18  -18   14
     7     1   -5   13   -9  -41  -19   27   33   27   33  -41  -19   13   -9    1   -5    5   -1    9  -13   19   41  -33  -27  -33  -27   19   41    9  -13    5   -1
     8    24    4   -6  -22    8   24  -26   -6  -26   -6    8   24   -6  -22   24    4   -4  -24   22    6  -24   -8    6   26    6   26  -24   -8   22    6   -4  -24
     9    20    6   -2  -24   -4   18  -14    0  -14    0   -4   18   -2  -24   20    6   -6  -20   24    2  -18    4    0   14    0   14  -18    4   24    2   -6  -20
    10    20    0   -4  -16   -2   10  -14    6  -14    6   -2   10   -4  -16   20    0    0  -20   16    4  -10    2   -6   14   -6   14  -10    2   16    4    0  -20
    11    30   -6  -24    0   30    6  -36    0  -36    0   30    6  -24    0   30   -6    6  -30    0   24   -6  -30    0   36    0   36   -6  -30    0   24    6  -30
    12    16  -32    4   12  -12  -20   -8   40   -8   40  -12  -20    4   12   16  -32   32  -16  -12   -4   20   12  -40    8  -40    8   20   12  -12   -4   32  -16
    13   -16    0   -2   18  -10  -30   28   12   28   12  -10  -30   -2   18  -16    0    0   16  -18    2   30   10  -12  -28  -12  -28   30   10  -18    2    0   16
    14    -5   25   -7  -13    3    9    9  -21    9  -21    3    9   -7  -13   -5   25  -25    5   13    7   -9   -3   21   -9   21   -9   -9   -3   13    7  -25    5

  --- DBR Window 60' : Beta trace (backward, data read in reverse) ---
  Step      S0     S1     S2     S3     S4     S5     S6     S7
     0      17     11     33     25     33     25     17     11
     1      34     32     62     72     46     50     42     36
     2      85     81     63     59     91     95     75     67
     3      99    131    107     99    105    113    117    107
     4     137    127    123    117    147    139    133    129
     5     154    156    146    144    144    146    136    138
     6     155    149    185    177    175    187    151    157
     7     207    195    177    177    211    199    177    177
     8     231    225    235    213    205    221    203    209
     9     258    264    234    234    224    224    240    254
    10     286    264    252    254    282    284    262    270
    11     290    296    316    296    284    318    282    284
    12     310    314    322    350    322    330    338    324
    13     333    331    341    357    357    349    355    357
    14     373    373    365    369    363    363    381    363
  Final beta_init for BR:    373    373    365    369    363    363    381    363

  --- BR Window 58 : Beta init ---
     394    390    378    386    370    392    410    376

  --- BR Window 58 : Beta trace (pre-ACS, for LLR compute) ---
  Read order: step 14 down to 0
  Iter RdStep      S0     S1     S2     S3     S4     S5     S6     S7
     0     14     394    390    378    386    370    392    410    376
     1     13     409    405    409    431    397    413    401    405
     2     12     438    424    416    420    430    432    434    446
     3     11     446    446    458    456    456    454    452    454
     4     10     468    460    486    496    484    484    470    464
     5      9    -502    508   -504    508    494    502   -488   -504
     6      8    -462   -478   -480   -492   -492   -494   -496   -500
     7      7    -437   -459   -465   -459   -463   -457   -467   -457
     8      6    -416   -432   -418   -418   -440   -440   -410   -422
     9      5    -401   -395   -415   -399   -403   -413   -403   -415
    10      4    -356   -378   -382   -368   -380   -366   -368   -378
    11      3    -328   -356   -356   -348   -356   -346   -340   -352
    12      2    -320   -298   -334   -342   -330   -340   -326   -318
    13      1    -309   -299   -311   -303   -275   -285   -297   -307
    14      0    -260   -286   -274   -262   -262   -286   -292   -278

##############################################################################
# SLOT 59  |  FR=W60 , BR=W59 , DBR=W61'
##############################################################################

  --- FR Window 60 : Alpha (state metrics after ACS) ---
  Step      S0     S1     S2     S3     S4     S5     S6     S7
     0     433    437    441    421    425    435    427    423
     1     448    442    442    432    460    454    440    444
     2     466    488    466    468    480    462    468    498
     3     496    510    500    510    502    496    502   -512
     4    -500   -504   -506   -494   -484   -496   -498   -498
     5    -473   -469   -475   -471   -471   -471   -477   -469
     6    -447   -455   -455   -443   -453   -449   -449   -455
     7    -421   -427   -425   -427   -435   -429   -431   -435
     8    -394   -398   -396   -404   -410   -414   -412   -420
     9    -387   -405   -387   -401   -387   -405   -391   -405
    10    -377   -371   -371   -377   -381   -371   -367   -383
    11    -349   -331   -341   -357   -331   -353   -359   -343
    12    -322   -324   -312   -312   -310   -326   -314   -320
    13    -301   -281   -283   -297   -273   -289   -291   -287
    14    -250   -264   -272   -240   -270   -276   -272   -268

  --- FR Window 60 : Gamma R4 BMs ---
     0    24  -16   -2   -6  -14  -10   -8   32   -8   32  -14  -10   -2   -6   24  -16   16  -24    6    2   10   14  -32    8  -32    8   10   14    6    2   16  -24
     1     5    7    7  -19  -19    7    7    5    7    5  -19    7    7  -19    5    7   -7   -5   19   -7   -7   19   -5   -7   -5   -7   -7   19   19   -7   -7   -5
     2    10   24    4  -38   -8   34   -6  -20   -6  -20   -8   34    4  -38   10   24  -24  -10   38   -4  -34    8   20    6   20    6  -34    8   38   -4  -24  -10
     3   -14   -8   30   -8  -34    4   18   12   18   12  -34    4   30   -8  -14   -8    8   14    8  -30   -4   34  -12  -18  -12  -18   -4   34    8  -30    8   14
     4    28    6  -30   -4   18   -8  -16    6  -16    6   18   -8  -30   -4   28    6   -6  -28    4   30    8  -18   -6   16   -6   16    8  -18    4   30   -6  -28
     5    27  -29    1    1   -1   -1  -27   29  -27   29   -1   -1    1    1   27  -29   29  -27   -1   -1    1    1  -29   27  -29   27    1    1   -1   -1   29  -27
     6   -14  -20   28    6  -22    0    8   14    8   14  -22    0   28    6  -14  -20   20   14   -6  -28    0   22  -14   -8  -14   -8    0   22   -6  -28   20   14
     7   -20   -8    6   22   -8  -24   22   10   22   10   -8  -24    6   22  -20   -8    8   20  -22   -6   24    8  -10  -22  -10  -22   24    8  -22   -6    8   20
     8    -5  -11   31  -15  -15   31  -11   -5  -11   -5  -15   31   31  -15   -5  -11   11    5   15  -31  -31   15    5   11    5   11  -31   15   15  -31   11    5
     9    -9   -7    9    7   -7   -5    7    5    7    5   -7   -5    9    7   -9   -7    7    9   -7   -9    5    7   -5   -7   -5   -7    5    7   -7   -9    7    9
    10   -22   -6   10   18   16    8   -4  -20   -4  -20   16    8   10   18  -22   -6    6   22  -18  -10   -8  -16   20    4   20    4   -8  -16  -18  -10    6   22
    11   -40    4   22   14  -18  -10   36   -8   36   -8  -18  -10   22   14  -40    4   -4   40  -14  -22   10   18    8  -36    8  -36   10   18  -14  -22   -4   40
    12    -3  -39   19   23    1   -3  -17   19  -17   19    1   -3   19   23   -3  -39   39    3  -23  -19    3   -1  -19   17  -19   17    3   -1  -23  -19   39    3
    13    17   11  -39   11   29  -21   -7   -1   -7   -1   29  -21  -39   11   17   11  -11  -17  -11   39   21  -29    1    7    1    7   21  -29  -11   39  -11  -17
    14   -11  -17   33   -5  -13   25   -9   -3   -9   -3  -13   25   33   -5  -11  -17   17   11    5  -33  -25   13    3    9    3    9  -25   13    5  -33   17   11

  --- DBR Window 61' : Beta trace (backward, data read in reverse) ---
  Step      S0     S1     S2     S3     S4     S5     S6     S7
     0      36     26     20     20     20     20     36     26
     1      53     49     49     45     33     29     49     53
     2      71     69     81     63     81     65     51     53
     3      92     82    108    106     96     94     86     96
     4     126    118    126    124    140    132    102    110
     5     172    156    138    144    168    158    164    138
     6     212    196    198    186    170    170    182    190
     7     226    246    202    210    200    214    224    220
     8     231    239    257    229    243    271    241    239
     9     260    262    258    264    264    270    276    274
    10     277    279    287    307    291    301    281    289
    11     296    296    310    318    308    316    316    326
    12     317    319    337    329    355    341    339    341
    13     362    364    360    376    362    362    356    348
    14     389    379    401    387    415    391    375    377
  Final beta_init for BR:    389    379    401    387    415    391    375    377

  --- BR Window 59 : Beta init ---
     373    373    365    369    363    363    381    363

  --- BR Window 59 : Beta trace (pre-ACS, for LLR compute) ---
  Read order: step 14 down to 0
  Iter RdStep      S0     S1     S2     S3     S4     S5     S6     S7
     0     14     373    373    365    369    363    363    381    363
     1     13     402    398    376    378    376    382    384    394
     2     12     404    402    414    420    412    396    426    410
     3     11     444    454    446    438    424    432    442    442
     4     10     474    478    476    452    484    466    468    468
     5      9     494    482    500    488    484    488    472    484
     6      8    -510    500    508   -506    508    500    508    502
     7      7    -486   -490   -494   -492   -500   -500   -482   -498
     8      6    -467   -461   -463   -441   -479   -459   -463   -457
     9      5    -437   -449   -437   -453   -433   -427   -435   -423
    10      4    -418   -422   -406   -412   -398   -402   -430   -430
    11      3    -385   -385   -383   -399   -389   -371   -407   -401
    12      2    -370   -344   -378   -384   -342   -348   -372   -346
    13      1    -329   -343   -327   -347   -331   -323   -333   -319
    14      0    -301   -313   -311   -291   -309   -307   -291   -303

##############################################################################
# SLOT 60  |  FR=W61 , BR=W60 , DBR=W62'
##############################################################################

  --- FR Window 61 : Alpha (state metrics after ACS) ---
  Step      S0     S1     S2     S3     S4     S5     S6     S7
     0    -233   -249   -213   -231   -223   -253   -233   -245
     1    -206   -218   -212   -206   -210   -202   -192   -224
     2    -185   -185   -199   -171   -183   -189   -193   -181
     3    -166   -160   -176   -162   -144   -176   -170   -162
     4    -149   -151   -147   -117   -145   -145   -131   -133
     5    -102   -134   -110   -124   -132   -126   -118   -114
     6     -79   -101    -99   -101    -81    -99    -95    -97
     7     -67    -67    -51    -63    -77    -63    -65    -75
     8     -25    -49    -49    -49    -23    -43    -35    -21
     9     -35     11     21     -7    -33     13    -13     -5
    10      55     23     21      1     35     51     31      9
    11      54     76     48     58     66     52     76     46
    12      78     98     80     76     76     98     96     74
    13      95    101    125    113    101     99    111    119
    14     127    147    131    145    135    121    145    125

  --- FR Window 61 : Gamma R4 BMs ---
     0   -17  -27   39    5   -7   27  -15   -5  -15   -5   -7   27   39    5  -17  -27   27   17   -5  -39  -27    7    5   15    5   15  -27    7   -5  -39   27   17
     1    27   -7  -21    1    1  -21   -7   27   -7   27    1  -21  -21    1   27   -7    7  -27   -1   21   21   -1  -27    7  -27    7   21   -1   -1   21    7  -27
     2    21   23  -15  -29  -13    1    7    5    7    5  -13    1  -15  -29   21   23  -23  -21   29   15   -1   13   -5   -7   -5   -7   -1   13   29   15  -23  -21
     3     5   19  -27    3   23   -7   -1  -15   -1  -15   23   -7  -27    3    5   19  -19   -5   -3   27    7  -23   15    1   15    1    7  -23   -3   27  -19   -5
     4   -15   -1   27  -11  -31    7   19    5   19    5  -31    7   27  -11  -15   -1    1   15   11  -27   -7   31   -5  -19   -5  -19   -7   31   11  -27    1   15
     5   -19  -17   21   15    1    7   -3   -5   -3   -5    1    7   21   15  -19  -17   17   19  -15  -21   -7   -1    5    3    5    3   -7   -1  -15  -21   17   19
     6   -13  -21   31    3   -3   25  -15   -7  -15   -7   -3   25   31    3  -13  -21   21   13   -3  -31  -25    3    7   15    7   15  -25    3   -3  -31   21   13
     7    -8   34  -24   -2    4  -18   28  -14   28  -14    4  -18  -24   -2   -8   34  -34    8    2   24   18   -4   14  -28   14  -28   18   -4    2   24  -34    8
     8     4  -44   26   14    2   14  -32   16  -32   16    2   14   26   14    4  -44   44   -4  -14  -26  -14   -2  -16   32  -16   32  -14   -2  -14  -26   44   -4
     9   -16   14   -4    6  -26  -36   46   16   46   16  -26  -36   -4    6  -16   14  -14   16   -6    4   36   26  -16  -46  -16  -46   36   26   -6    4  -14   16
    10   -14   -6   34  -14  -38   10   18   10   18   10  -38   10   34  -14  -14   -6    6   14   14  -34  -10   38  -10  -18  -10  -18  -10   38   14  -34    6   14
    11    -1  -11    5    7   27   25  -31  -21  -31  -21   27   25    5    7   -1  -11   11    1   -7   -5  -25  -27   21   31   21   31  -25  -27   -7   -5   11    1
    12     0    2  -12   10   32   10  -20  -22  -20  -22   32   10  -12   10    0    2   -2    0  -10   12  -10  -32   22   20   22   20  -10  -32  -10   12   -2    0
    13    17  -23   -3    9   -1  -13  -13   27  -13   27   -1  -13   -3    9   17  -23   23  -17   -9    3   13    1  -27   13  -27   13   13    1   -9    3   23  -17
    14    -6   26  -10  -10  -20  -20   36    4   36    4  -20  -20  -10  -10   -6   26  -26    6   10   10   20   20   -4  -36   -4  -36   20   20   10   10  -26    6

  --- DBR Window 62' : Beta trace (backward, data read in reverse) ---
  Step      S0     S1     S2     S3     S4     S5     S6     S7
     0      13     15     37     39     37     39     13     15
     1      50     50     58     58     36     36     76     76
     2      89     69     81    105     89     65     81    109
     3     100    116    106    108    112    110    116    104
     4     119    133    123    129    131    123    127    125
     5     145    141    147    165    149    161    155    151
     6     171    165    165    183    185    189    165    167
     7     191    189    201    201    225    201    187    189
     8     226    212    248    232    212    220    214    222
     9     255    259    241    237    231    233    235    231
    10     270    270    284    262    266    262    288    270
    11     306    298    310    302    284    282    292    284
    12     314    332    314    320    304    308    310    328
    13     333    331    323    323    331    331    351    355
    14     358    356    354    382    378    362    362    364
  Final beta_init for BR:    358    356    354    382    378    362    362    364

  --- BR Window 60 : Beta init ---
     389    379    401    387    415    391    375    377

  --- BR Window 60 : Beta trace (pre-ACS, for LLR compute) ---
  Read order: step 14 down to 0
  Iter RdStep      S0     S1     S2     S3     S4     S5     S6     S7
     0     14     389    379    401    387    415    391    375    377
     1     13     432    426    422    426    420    404    394    400
     2     12     449    443    451    459    455    439    443    437
     3     11     494    470    468    472    478    482    476    462
     4     10     504   -506   -508    508    494    500    506    502
     5      9    -498   -508   -492   -500   -490   -498   -504   -500
     6      8    -483   -481   -489   -491   -491   -491   -493   -491
     7      7    -480   -482   -452   -458   -460   -450   -480   -480
     8      6    -430   -440   -456   -458   -426   -436   -460   -460
     9      5    -406   -412   -402   -424   -430   -414   -432   -426
    10      4    -379   -373   -403   -403   -413   -413   -397   -383
    11      3    -351   -373   -385   -383   -355   -353   -375   -367
    12      2    -347   -341   -321   -341   -353   -319   -355   -353
    13      1    -327   -323   -315   -287   -315   -307   -299   -313
    14      0    -304   -306   -296   -280   -280   -288   -282   -280

##############################################################################
# SLOT 61  |  FR=W62 , BR=W61 , DBR=W63'
##############################################################################

  --- FR Window 62 : Alpha (state metrics after ACS) ---
  Step      S0     S1     S2     S3     S4     S5     S6     S7
     0     152    158    180    170    154    152    176    158
     1     189    195    179    167    185    193    181    185
     2     221    203    191    211    199    197    205    207
     3     225    227    243    219    223    221    225    209
     4     272    254    254    252    266    240    240    248
     5     275    259    279    263    273    277    265    265
     6     290    308    294    284    302    286    282    296
     7     302    320    332    304    304    338    330    302
     8     352    354    326    332    338    366    334    328
     9     354    364    374    358    358    404    370    354
    10     397    409    365    409    385    417    371    381
    11     408    416    444    414    410    444    436    418
    12     475    467    439    445    449    473    443    451
    13    -512    494    476    480    484    488    504    480
    14    -505   -507   -499   -497   -505   -503   -511    511

  --- FR Window 62 : Gamma R4 BMs ---
     0    25   -7    5  -23  -31   -3    1   33    1   33  -31   -3    5  -23   25   -7    7  -25   23   -5    3   31  -33   -1  -33   -1    3   31   23   -5    7  -25
     1   -27    9    9    9   -1   -1   19  -17   19  -17   -1   -1    9    9  -27    9   -9   27   -9   -9    1    1   17  -19   17  -19    1    1   -9   -9   -9   27
     2     8   26  -14  -20    4   10    2  -16    2  -16    4   10  -14  -20    8   26  -26   -8   20   14  -10   -4   16   -2   16   -2  -10   -4   20   14  -26   -8
     3     4   12  -12   -4  -14  -22   22   14   22   14  -14  -22  -12   -4    4   12  -12   -4    4   12   22   14  -14  -22  -14  -22   22   14    4   12  -12   -4
     4   -39    3   29    7  -19    3   29  -13   29  -13  -19    3   29    7  -39    3   -3   39   -7  -29   -3   19   13  -29   13  -29   -3   19   -7  -29   -3   39
     5     3   -1   -3    1   -7  -11    7   11    7   11   -7  -11   -3    1    3   -1    1   -3   -1    3   11    7  -11   -7  -11   -7   11    7   -1    3    1   -3
     6    13   -1   11  -23   -3   31  -21   -7  -21   -7   -3   31   11  -23   13   -1    1  -13   23  -11  -31    3    7   21    7   21  -31    3   23  -11    1  -13
     7     4   -6  -16   18   -2  -36   14   24   14   24   -2  -36  -16   18    4   -6    6   -4  -18   16   36    2  -24  -14  -24  -14   36    2  -18   16    6   -4
     8   -16    2   20   -6  -28   -2   24    6   24    6  -28   -2   20   -6  -16    2   -2   16    6  -20    2   28   -6  -24   -6  -24    2   28    6  -20   -2   16
     9    -4    0   20  -16  -38   -2   22   18   22   18  -38   -2   20  -16   -4    0    0    4   16  -20    2   38  -18  -22  -18  -22    2   38   16  -20    0    4
    10   -21   -7   23    5  -13    5   11   -3   11   -3  -13    5   23    5  -21   -7    7   21   -5  -23   -5   13    3  -11    3  -11   -5   13   -5  -23    7   21
    11    11   -7   -1   -3  -27  -25   17   35   17   35  -27  -25   -1   -3   11   -7    7  -11    3    1   25   27  -35  -17  -35  -17   25   27    3    1    7  -11
    12   -33    1   31    1  -29    1   31   -3   31   -3  -29    1   31    1  -33    1   -1   33   -1  -31   -1   29    3  -31    3  -31   -1   29   -1  -31   -1   33
    13    37   -9   -7  -21    7   21  -37    9  -37    9    7   21   -7  -21   37   -9    9  -37   21    7  -21   -7   -9   37   -9   37  -21   -7   21    7    9  -37
    14   -15   -7  -17   39   19  -37   13    5   13    5   19  -37  -17   39  -15   -7    7   15  -39   17   37  -19   -5  -13   -5  -13   37  -19  -39   17    7   15

  --- DBR Window 63' : Beta trace (backward, data read in reverse) ---
  Step      S0     S1     S2     S3     S4     S5     S6     S7
     0      16     22     30     46     30     46     16     22
     1      34     40     50     56     46     48     64     70
     2      72     68    114     76     98    100     68     72
     3     109    133    115    119    109    105    107    105
     4     141    151    125    137    133    133    159    161
     5     167    169    155    167    183    177    157    155
     6     175    181    195    193    179    181    177    181
     7     188    200    208    214    198    200    198    204
     8     216    214    220    216    226    222    242    226
     9     254    252    254    242    254    236    234    234
    10     290    272    264    266    260    264    270    274
    11     284    282    328    306    304    300    292    296
    12     334    342    328    308    320    326    310    302
    13     377    363    349    345    343    347    391    345
    14     371    383    409    401    365    361    371    383
  Final beta_init for BR:    371    383    409    401    365    361    371    383

  --- BR Window 61 : Beta init ---
     358    356    354    382    378    362    362    364

  --- BR Window 61 : Beta trace (pre-ACS, for LLR compute) ---
  Read order: step 14 down to 0
  Iter RdStep      S0     S1     S2     S3     S4     S5     S6     S7
     0     14     358    356    354    382    378    362    362    364
     1     13     390    384    388    388    382    382    392    408
     2     12     407    415    405    399    399    411    431    411
     3     11     453    451    437    417    447    425    433    431
     4     10     458    464    464    462    478    476    446    456
     5      9     484    492    492    484    496   -510    482    474
     6      8    -486   -512   -506    508   -474   -484   -486    508
     7      7    -430   -454   -460   -472   -490   -486   -472   -452
     8      6    -432   -396   -454   -432   -450   -428   -426   -438
     9      5    -419   -411   -401   -423   -399   -371   -411   -403
    10      4    -382   -380   -398   -394   -378   -372   -366   -368
    11      3    -371   -363   -355   -335   -357   -341   -361   -353
    12      2    -346   -352   -332   -330   -334   -326   -326   -316
    13      1    -325   -323   -305   -313   -287   -301   -309   -307
    14      0    -280   -278   -288   -266   -280   -286   -286   -294

##############################################################################
# SLOT 62  |  FR=W63 , BR=W62 , DBR=W64'
##############################################################################

  --- FR Window 63 : Alpha (state metrics after ACS) ---
  Step      S0     S1     S2     S3     S4     S5     S6     S7
     0    -481   -493   -487   -487   -487   -487   -481   -493
     1    -472   -432   -432   -472   -450   -466   -466   -450
     2    -432   -436   -418   -446   -426   -430   -412   -444
     3    -380   -392   -412   -388   -414   -394   -410   -400
     4    -360   -382   -374   -388   -344   -362   -354   -374
     5    -344   -340   -366   -338   -346   -342   -348   -316
     6    -316   -310   -334   -304   -320   -306   -330   -324
     7    -305   -287   -285   -307   -307   -301   -287   -311
     8    -273   -281   -287   -279   -273   -287   -283   -291
     9    -267   -261   -253   -261   -265   -275   -265   -251
    10    -219   -239   -241   -209   -233   -251   -241   -247
    11    -188   -228   -218   -210   -188   -224   -204   -216
    12    -180   -178   -166   -194   -180   -138   -168   -194
    13    -162   -112   -160   -150   -146   -144   -154   -138
    14    -104   -116   -118    -98    -90   -122   -112   -116

  --- FR Window 63 : Gamma R4 BMs ---
     0    -6  -18    8   16  -10  -18    8   20    8   20  -10  -18    8   16   -6  -18   18    6  -16   -8   18   10  -20   -8  -20   -8   18   10  -16   -8   18    6
     1   -43   17   15   11  -21  -17   49  -11   49  -11  -21  -17   15   11  -43   17  -17   43  -11  -15   17   21   11  -49   11  -49   17   21  -11  -15  -17   43
     2    -6  -14    0   20    0  -20    6   14    6   14    0  -20    0   20   -6  -14   14    6  -20    0   20    0  -14   -6  -14   -6   20    0  -20    0   14    6
     3   -22  -12   38   -4  -36    6   20   10   20   10  -36    6   38   -4  -22  -12   12   22    4  -38   -6   36  -10  -20  -10  -20   -6   36    4  -38   12   22
     4    20  -36   10    6    8   12  -38   18  -38   18    8   12   10    6   20  -36   36  -20   -6  -10  -12   -8  -18   38  -18   38  -12   -8   -6  -10   36  -20
     5    16   18   -6  -28    0   22  -10  -12  -10  -12    0   22   -6  -28   16   18  -18  -16   28    6  -22    0   12   10   12   10  -22    0   28    6  -18  -16
     6    28   12  -18  -22    0    4  -10    6  -10    6    0    4  -18  -22   28   12  -12  -28   22   18   -4    0   -6   10   -6   10   -4    0   22   18  -12  -28
     7     5   -9    5   -1   13   19  -23   -9  -23   -9   13   19    5   -1    5   -9    9   -5    1   -5  -19  -13    9   23    9   23  -19  -13    1   -5    9   -5
     8     8   14  -10  -12   -4   -2    6    0    6    0   -4   -2  -10  -12    8   14  -14   -8   12   10    2    4    0   -6    0   -6    2    4   12   10  -14   -8
     9     6    4   12  -22   -8   26  -10   -8  -10   -8   -8   26   12  -22    6    4   -4   -6   22  -12  -26    8    8   10    8   10  -26    8   22  -12   -4   -6
    10     2   42  -28  -16    0  -12   26  -14   26  -14    0  -12  -28  -16    2   42  -42   -2   16   28   12    0   14  -26   14  -26   12    0   16   28  -42   -2
    11    31    7  -21  -17   -5   -9   -5   19   -5   19   -5   -9  -21  -17   31    7   -7  -31   17   21    9    5  -19    5  -19    5    9    5   17   21   -7  -31
    12    -2    2  -30   30   10  -50   22   18   22   18   10  -50  -30   30   -2    2   -2    2  -30   30   50  -10  -18  -22  -18  -22   50  -10  -30   30   -2    2
    13    18    2    0  -20    6   26  -24   -8  -24   -8    6   26    0  -20   18    2   -2  -18   20    0  -26   -6    8   24    8   24  -26   -6   20    0   -2  -18
    14   -22  -16   -8   46   30  -24    0   -6    0   -6   30  -24   -8   46  -22  -16   16   22  -46    8   24  -30    6    0    6    0   24  -30  -46    8   16   22

  --- DBR Window 64' : Beta trace (backward, data read in reverse) ---
  Step      S0     S1     S2     S3     S4     S5     S6     S7
     0      48     32     26     18     26     18     48     32
     1      70     64     56     60     30     30     62     68
     2      84     92     80     72     82     78     82     86
     3     124    104    108    110     98     98    128    104
     4     165    143    133    141    139    117    151    123
     5     164    174    182    194    158    160    174    160
     6     190    216    206    204    198    196    220    202
     7     234    256    246    216    256    226    214    232
     8     297    265    251    267    261    249    273    275
     9     301    285    307    323    277    293    315    299
    10     340    330    330    356    340    334    318    324
    11     344    344    354    352    354    360    360    360
    12     369    383    383    391    389    381    369    383
    13     393    405    399    411    421    411    395    399
    14     426    434    432    424    426    440    432    420
  Final beta_init for BR:    426    434    432    424    426    440    432    420

  --- BR Window 62 : Beta init ---
     371    383    409    401    365    361    371    383

  --- BR Window 62 : Beta trace (pre-ACS, for LLR compute) ---
  Read order: step 14 down to 0
  Iter RdStep      S0     S1     S2     S3     S4     S5     S6     S7
     0     14     371    383    409    401    365    361    371    383
     1     13     422    414    428    410    402    440    396    398
     2     12     459    437    435    449    421    435    447    477
     3     11     466    460    490    476    480    464    476    510
     4     10     507   -499    501    503   -511    511   -507    499
     5      9    -504   -490   -494   -494   -498   -494   -488   -502
     6      8    -472   -476   -482   -450   -474   -456   -468   -472
     7      7    -458   -458   -452   -440   -430   -428   -452   -448
     8      6    -424   -428   -416   -414   -392   -422   -436   -434
     9      5    -391   -405   -369   -385   -403   -397   -401   -401
    10      4    -362   -358   -376   -380   -386   -384   -382   -386
    11      3    -347   -347   -333   -355   -351   -355   -329   -347
    12      2    -311   -319   -307   -315   -333   -335   -325   -333
    13      1    -303   -285   -303   -297   -313   -309   -307   -289
    14      0    -284   -286   -294   -294   -286   -286   -266   -262

##############################################################################
# SLOT 63  |  FR=W64 , BR=W63 , DBR=W65'
##############################################################################

  --- FR Window 64 : Alpha (state metrics after ACS) ---
  Step      S0     S1     S2     S3     S4     S5     S6     S7
     0    -103    -85    -77    -75   -103    -87    -69    -79
     1     -47    -59    -47    -73    -67    -55    -63    -63
     2     -32    -18    -36    -48    -18    -40    -36    -38
     3     -14      6    -12    -30    -22    -20     -2    -22
     4       7     31     29     -5     15     21     11     -3
     5      39     31     65     47     47     35     49     51
     6      82     70     70     68     80     64     76     90
     7      92    120    110     86     94    126    106     88
     8     118    148    134    132    116    130    162    134
     9     157    193    165    157    155    173    175    153
    10     200    182    212    216    200    186    208    190
    11     242    206    220    224    242    212    210    250
    12     230    232    260    272    234    232    264    268
    13     284    294    266    284    268    286    274    304
    14     302    324    314    304    332    336    326    322

  --- FR Window 64 : Gamma R4 BMs ---
     0   -13    9   15  -11  -29   -3   27    5   27    5  -29   -3   15  -11  -13    9   -9   13   11  -15    3   29   -5  -27   -5  -27    3   29   11  -15   -9   13
     1   -16   -4   30  -10  -12   28   -2  -14   -2  -14  -12   28   30  -10  -16   -4    4   16   10  -30  -28   12   14    2   14    2  -28   12   10  -30    4   16
     2    15    1   13  -29   -5   37  -23   -9  -23   -9   -5   37   13  -29   15    1   -1  -15   29  -13  -37    5    9   23    9   23  -37    5   29  -13   -1  -15
     3     4    4  -12    4   24    8  -16  -16  -16  -16   24    8  -12    4    4    4   -4   -4   -4   12   -8  -24   16   16   16   16   -8  -24   -4   12   -4   -4
     4    -9    1   17   -9  -41  -15   33   23   33   23  -41  -15   17   -9   -9    1   -1    9    9  -17   15   41  -23  -33  -23  -33   15   41    9  -17   -1    9
     5     4  -40   10   26   -4  -20  -10   34  -10   34   -4  -20   10   26    4  -40   40   -4  -26  -10   20    4  -34   10  -34   10   20    4  -26  -10   40   -4
     6    -9  -41   17   33    5  -11  -13   19  -13   19    5  -11   17   33   -9  -41   41    9  -33  -17   11   -5  -19   13  -19   13   11   -5  -33  -17   41    9
     7    10  -12  -14   16   40   10  -36  -14  -36  -14   40   10  -14   16   10  -12   12  -10  -16   14  -10  -40   14   36   14   36  -10  -40  -16   14   12  -10
     8    26  -12   -8   -6   24   22  -42   -4  -42   -4   24   22   -8   -6   26  -12   12  -26    6    8  -22  -24    4   42    4   42  -22  -24    6    8   12  -26
     9    -5    9   17  -21  -43   -5   31   17   31   17  -43   -5   17  -21   -5    9   -9    5   21  -17    5   43  -17  -31  -17  -31    5   43   21  -17   -9    5
    10    41    7  -13  -35  -13    9  -15   19  -15   19  -13    9  -13  -35   41    7   -7  -41   35   13   -9   13  -19   15  -19   15   -9   13   35   13   -7  -41
    11    -8  -42   24   26    6    4  -22   12  -22   12    6    4   24   26   -8  -42   42    8  -26  -24   -4   -6  -12   22  -12   22   -4   -6  -26  -24   42    8
    12   -18   22   10  -14  -10   14   18  -22   18  -22  -10   14   10  -14  -18   22  -22   18   14  -10  -14   10   22  -18   22  -18  -14   10   14  -10  -22   18
    13   -36   16    8   12   -2   -6   30  -22   30  -22   -2   -6    8   12  -36   16  -16   36  -12   -8    6    2   22  -30   22  -30    6    2  -12   -8  -16   36
    14     4  -48   26   18    2   10  -32   20  -32   20    2   10   26   18    4  -48   48   -4  -18  -26  -10   -2  -20   32  -20   32  -10   -2  -18  -26   48   -4

  --- DBR Window 65' : Beta trace (backward, data read in reverse) ---
  Step      S0     S1     S2     S3     S4     S5     S6     S7
     0      14     36     26     20     26     20     14     36
     1      33     35     43     49     53     59     39     45
     2      96     80     70     78     62     70    116     74
     3     125    105    123    119     89    101     91    101
     4     143    141    135    133    129    119    137    129
     5     151    161    143    149    143    143    157    151
     6     172    172    174    174    172    192    158    158
     7     195    199    195    193    229    201    193    197
     8     254    236    226    228    220    218    222    240
     9     254    262    256    268    252    262    256    248
    10     271    269    265    265    279    271    277    273
    11     296    298    288    306    292    300    290    292
    12     313    345    323    313    323    313    323    355
    13     367    341    343    355    365    377    357    373
    14     369    379    387    389    383    409    369    387
  Final beta_init for BR:    369    379    387    389    383    409    369    387

  --- BR Window 63 : Beta init ---
     426    434    432    424    426    440    432    420

  --- BR Window 63 : Beta trace (pre-ACS, for LLR compute) ---
  Read order: step 14 down to 0
  Iter RdStep      S0     S1     S2     S3     S4     S5     S6     S7
     0     14     426    434    432    424    426    440    432    420
     1     13     442    448    462    472    464    470    446    442
     2     12     462    470    484    488    472    474    490    494
     3     11     506    502   -484    502   -500   -500    492    496
     4     10    -487   -465   -483   -479   -491   -495   -491   -495
     5      9    -457   -445   -475   -463   -465   -467   -439   -437
     6      8    -431   -429   -443   -431   -415   -419   -441   -443
     7      7    -423   -417   -403   -405   -417   -415   -419   -417
     8      6    -408   -396   -390   -384   -400   -398   -400   -392
     9      5    -380   -384   -378   -382   -370   -374   -356   -372
    10      4    -344   -346   -342   -356   -344   -362   -362   -364
    11      3    -308   -324   -334   -330   -338   -334   -328   -324
    12      2    -314   -316   -270   -292   -292   -298   -304   -302
    13      1    -264   -256   -270   -290   -278   -272   -288   -296
    14      0    -221   -235   -249   -253   -255   -251   -207   -253

##############################################################################
# SLOT 64  |  FR=W65 , BR=W64 , DBR=W66'
##############################################################################

  --- FR Window 65 : Alpha (state metrics after ACS) ---
  Step      S0     S1     S2     S3     S4     S5     S6     S7
     0     334    352    332    352    338    368    336    342
     1     370    400    384    362    370    380    378    362
     2     449    403    395    411    415    399    391    401
     3     474    438    428    416    442    422    452    426
     4     457    459    481    453    469    467    489    447
     5     467    509    483    489    475    503   -509    489
     6     492   -494   -474   -488    492   -504   -510   -484
     7    -467   -459   -469   -483   -481   -495   -437   -479
     8    -446   -452   -452   -444   -452   -422   -444   -430
     9    -434   -420   -430   -412   -438   -410   -432   -422
    10    -412   -400   -402   -410   -406   -394   -392   -404
    11    -387   -381   -397   -371   -373   -383   -395   -377
    12    -356   -346   -336   -352   -354   -338   -330   -350
    13    -337   -337   -319   -311   -329   -337   -323   -315
    14    -307   -279   -301   -311   -309   -303   -291   -309

  --- FR Window 65 : Gamma R4 BMs ---
     0   -14    4   20  -10  -32   -2   26    8   26    8  -32   -2   20  -10  -14    4   -4   14   10  -20    2   32   -8  -26   -8  -26    2   32   10  -20   -4   14
     1   -18   18    6   -6   20   32   -8  -44   -8  -44   20   32    6   -6  -18   18  -18   18    6   -6  -32  -20   44    8   44    8  -32  -20    6   -6  -18   18
     2     3   49  -21  -31   -7    3   25  -21   25  -21   -7    3  -21  -31    3   49  -49   -3   31   21   -3    7   21  -25   21  -25   -3    7   31   21  -49   -3
     3    25    7  -27   -5   23    1  -21   -3  -21   -3   23    1  -27   -5   25    7   -7  -25    5   27   -1  -23    3   21    3   21   -1  -23    5   27   -7  -25
     4   -17    5   11    1   -1    9    7  -15    7  -15   -1    9   11    1  -17    5   -5   17   -1  -11   -9    1   15   -7   15   -7   -9    1   -1  -11   -5   17
     5     0    8  -22   14    2  -34   20   12   20   12    2  -34  -22   14    0    8   -8    0  -14   22   34   -2  -12  -20  -12  -20   34   -2  -14   22   -8    0
     6    21  -25    1    3  -17  -19   -5   41   -5   41  -17  -19    1    3   21  -25   25  -21   -3   -1   19   17  -41    5  -41    5   19   17   -3   -1   25  -21
     7    -5   -9   -7   21   -9  -37   21   25   21   25   -9  -37   -7   21   -5   -9    9    5  -21    7   37    9  -25  -21  -25  -21   37    9  -21    7    9    5
     8    -7   -7   23   -9   -1   31  -15  -15  -15  -15   -1   31   23   -9   -7   -7    7    7    9  -23  -31    1   15   15   15   15  -31    1    9  -23    7    7
     9    -4   18    0  -14  -12    2   16   -6   16   -6  -12    2    0  -14   -4   18  -18    4   14    0   -2   12    6  -16    6  -16   -2   12   14    0  -18    4
    10    18  -28   10    0    0   10  -28   18  -28   18    0   10   10    0   18  -28   28  -18    0  -10  -10    0  -18   28  -18   28  -10    0    0  -10   28  -18
    11   -27   -7   11   23    5   -7   11   -9   11   -9    5   -7   11   23  -27   -7    7   27  -23  -11    7   -5    9  -11    9  -11    7   -5  -23  -11    7   27
    12   -27   25    5   -3   27   35   -5  -57   -5  -57   27   35    5   -3  -27   25  -25   27    3   -5  -35  -27   57    5   57    5  -35  -27    3   -5  -25   27
    13    19   -3  -23    7   17  -13  -13    9  -13    9   17  -13  -23    7   19   -3    3  -19   -7   23   13  -17   -9   13   -9   13   13  -17   -7   23    3  -19
    14    12  -14   -2    4  -20  -26   10   36   10   36  -20  -26   -2    4   12  -14   14  -12   -4    2   26   20  -36  -10  -36  -10   26   20   -4    2   14  -12

  --- DBR Window 66' : Beta trace (backward, data read in reverse) ---
  Step      S0     S1     S2     S3     S4     S5     S6     S7
     0      19     27     11     19     11     19     19     27
     1      25     21     29     29     29     29     41     37
     2      59     57     49     61     53     53     47     47
     3      73     65     73     73     69     81     75     71
     4      87    103    113     93    119     93     83     95
     5     139    147    121    115    127    125    129    123
     6     150    160    164    158    160    160    160    150
     7     199    185    175    187    171    183    199    177
     8     219    213    209    203    197    191    207    205
     9     227    219    251    239    235    223    235    227
    10     261    259    273    271    245    283    253    251
    11     285    271    285    279    295    299    285    271
    12     305    303    293    295    295    293    303    305
    13     333    325    313    327    321    337    323    315
    14     346    340    336    332    330    344    340    354
  Final beta_init for BR:    346    340    336    332    330    344    340    354

  --- BR Window 64 : Beta init ---
     369    379    387    389    383    409    369    387

  --- BR Window 64 : Beta trace (pre-ACS, for LLR compute) ---
  Read order: step 14 down to 0
  Iter RdStep      S0     S1     S2     S3     S4     S5     S6     S7
     0     14     369    379    387    389    383    409    369    387
     1     13     431    407    395    397    415    407    435    441
     2     12     457    451    441    443    429    433    437    477
     3     11     459    479    467    455    491    467    469    495
     4     10    -491    499    483    485    485    483   -487    503
     5      9    -450   -472   -496   -474   -486   -508   -498   -506
     6      8    -455   -441   -433   -455   -457   -465   -441   -455
     7      7    -429   -399   -409   -411   -417   -419   -429   -423
     8      6    -405   -393   -369   -399   -359   -389   -401   -383
     9      5    -318   -350   -364   -372   -378   -366   -342   -374
    10      4    -314   -330   -308   -292   -346   -346   -334   -316
    11      3    -275   -285   -297   -293   -275   -301   -297   -291
    12      2    -271   -271   -273   -263   -261   -277   -285   -285
    13      1    -256   -262   -232   -236   -250   -234   -248   -254
    14      0    -234   -234   -226   -204   -206   -222   -220   -232

##############################################################################
# SLOT 65  |  FR=W66 , BR=W65 , DBR=W67'
##############################################################################

  --- FR Window 66 : Alpha (state metrics after ACS) ---
  Step      S0     S1     S2     S3     S4     S5     S6     S7
     0    -280   -284   -282   -278   -286   -288   -262   -290
     1    -252   -264   -276   -234   -246   -268   -272   -256
     2    -224   -240   -230   -238   -242   -250   -240   -248
     3    -206   -228   -212   -218   -218   -234   -222   -228
     4    -174   -196   -190   -190   -180   -202   -196   -196
     5    -158   -182   -180   -148   -144   -188   -174   -166
     6    -144   -148   -136   -134   -154   -146   -138   -138
     7    -127   -123   -111   -119   -123    -99   -105   -113
     8    -102    -86   -106    -92    -74    -70    -90    -86
     9     -72    -64    -76    -40    -58    -38    -60    -58
    10     -20    -28    -34    -18    -28    -20    -34    -26
    11      -6      4      6    -20    -14     -8    -10     -8
    12      30     24     12     10     14      8     20      2
    13      22     34     44     20     34     24     24     22
    14      55     49     61     45     43     43     53     43

  --- FR Window 66 : Gamma R4 BMs ---
     0    13   -1    3  -15    1   19  -17   -3  -17   -3    1   19    3  -15   13   -1    1  -13   15   -3  -19   -1    3   17    3   17  -19   -1   15   -3    1  -13
     1    28   20  -32  -16    6  -10   -2    6   -2    6    6  -10  -32  -16   28   20  -20  -28   16   32   10   -6   -6    2   -6    2   10   -6   16   32  -20  -28
     2    -8  -10    8   10    6    4   -6   -4   -6   -4    6    4    8   10   -8  -10   10    8  -10   -8   -4   -6    4    6    4    6   -4   -6  -10   -8   10    8
     3   -20   -6   24    2  -16    6   12   -2   12   -2  -16    6   24    2  -20   -6    6   20   -2  -24   -6   16    2  -12    2  -12   -6   16   -2  -24    6   20
     4   -24  -26    6   44   22  -16   -4   -2   -4   -2   22  -16    6   44  -24  -26   26   24  -44   -6   16  -22    2    4    2    4   16  -22  -44   -6   26   24
     5   -22  -30   32   20   -2   10   -8    0   -8    0   -2   10   32   20  -22  -30   30   22  -20  -32  -10    2    0    8    0    8  -10    2  -20  -32   30   22
     6   -28   14   10    4   -4    2   22  -20   22  -20   -4    2   10    4  -28   14  -14   28   -4  -10   -2    4   20  -22   20  -22   -2    4   -4  -10  -14   28
     7   -25   19    9   -3   11   23    5  -39    5  -39   11   23    9   -3  -25   19  -19   25    3   -9  -23  -11   39   -5   39   -5  -23  -11    3   -9  -19   25
     8    11   21    5  -37  -29   13   13    3   13    3  -29   13    5  -37   11   21  -21  -11   37   -5  -13   29   -3  -13   -3  -13  -13   29   37   -5  -21  -11
     9   -28   -6   34    0  -32    2   26    4   26    4  -32    2   34    0  -28   -6    6   28    0  -34   -2   32   -4  -26   -4  -26   -2   32    0  -34    6   28
    10     4  -12  -12   20   -6  -38   14   30   14   30   -6  -38  -12   20    4  -12   12   -4  -20   12   38    6  -30  -14  -30  -14   38    6  -20   12   12   -4
    11    14   -2    8  -20   -4   24  -18   -2  -18   -2   -4   24    8  -20   14   -2    2  -14   20   -8  -24    4    2   18    2   18  -24    4   20   -8    2  -14
    12   -10   -8   24   -6    2   32  -16  -18  -16  -18    2   32   24   -6  -10   -8    8   10    6  -24  -32   -2   18   16   18   16  -32   -2    6  -24    8   10
    13   -10   -2    6    6  -10  -10   14    6   14    6  -10  -10    6    6  -10   -2    2   10   -6   -6   10   10   -6  -14   -6  -14   10   10   -6   -6    2   10
    14     7  -19   11    1  -19   -9    1   27    1   27  -19   -9   11    1    7  -19   19   -7   -1  -11    9   19  -27   -1  -27   -1    9   19   -1  -11   19   -7

  --- DBR Window 67' : Beta trace (backward, data read in reverse) ---
  Step      S0     S1     S2     S3     S4     S5     S6     S7
     0      44     24     24     26     24     26     44     24
     1      68     62     62     78     44     60     68     44
     2      77     77     73     79     83     73     77     87
     3      92     90     84     92     88     96     88     92
     4     100    102    124    118    130    122    108    110
     5     128    130    142    154    122    134    146    144
     6     160    162    150    150    172    164    168    188
     7     188    174    190    176    186    192    204    186
     8     209    213    211    201    199    201    197    201
     9     260    244    220    218    224    222    262    236
    10     261    273    273    281    251    239    261    259
    11     277    277    293    313    301    313    297    297
    12     300    302    310    318    326    316    326    324
    13     346    338    326    328    318    326    336    336
    14     351    357    373    361    355    351    369    369
  Final beta_init for BR:    351    357    373    361    355    351    369    369

  --- BR Window 65 : Beta init ---
     346    340    336    332    330    344    340    354

  --- BR Window 65 : Beta trace (pre-ACS, for LLR compute) ---
  Read order: step 14 down to 0
  Iter RdStep      S0     S1     S2     S3     S4     S5     S6     S7
     0     14     346    340    336    332    330    344    340    354
     1     13     358    372    366    360    370    364    368    376
     2     12     377    381    383    393    389    399    379    381
     3     11     436    416    410    418    408    416    456    418
     4     10     465    445    463    459    429    441    427    445
     5      9     483    481    475    473    469    459    477    469
     6      8     491    501    483    489    483    483    497    491
     7      7    -512   -512   -510   -510   -512   -492    498    498
     8      6    -489   -485   -489   -491   -455   -483   -491   -487
     9      5    -430   -448   -458   -456   -464   -466   -462   -444
    10      4    -430   -422   -428   -416   -432   -422   -428   -436
    11      3    -413   -415   -419   -419   -405   -413   -407   -411
    12      2    -388   -386   -396   -378   -392   -384   -394   -392
    13      1    -371   -339   -361   -371   -361   -371   -361   -329
    14      0    -317   -343   -341   -329   -319   -307   -327   -311

##############################################################################
# SLOT 66  |  FR=W67 , BR=W66 , DBR=W68'
##############################################################################

  --- FR Window 67 : Alpha (state metrics after ACS) ---
  Step      S0     S1     S2     S3     S4     S5     S6     S7
     0      88     74     80     70     88     68     70     86
     1      80    104     96     92     86     90    108     98
     2     115    115    113    121    109     99    109    107
     3     131    139    161    125    155    123    133    151
     4     164    166    168    158    156    166    172    158
     5     201    221    213    193    185    187    191    177
     6     222    190    234    212    218    192    230    202
     7     230    232    230    236    238    240    256    246
     8     266    262    244    280    258    270    244    266
     9     294    276    286    274    304    288    284    294
    10     298    344    326    312    304    318    306    318
    11     357    319    337    331    349    321    341    327
    12     348    356    372    354    348    350    360    354
    13     380    404    392    372    380    384    390    372
    14     424    388    418    434    416    396    428    410

  --- FR Window 67 : Gamma R4 BMs ---
     0    -1  -33   27    7  -25   -5   -1   31   -1   31  -25   -5   27    7   -1  -33   33    1   -7  -27    5   25  -31    1  -31    1    5   25   -7  -27   33    1
     1   -12    6   -2    8   16    6   -2  -20   -2  -20   16    6   -2    8  -12    6   -6   12   -8    2   -6  -16   20    2   20    2   -6  -16   -8    2   -6   12
     2    13   11  -17   -7   -3  -13    7    9    7    9   -3  -13  -17   -7   13   11  -11  -13    7   17   13    3   -9   -7   -9   -7   13    3    7   17  -11  -13
     3    16   16   10  -42  -12   40  -14  -14  -14  -14  -12   40   10  -42   16   16  -16  -16   42  -10  -40   12   14   14   14   14  -40   12   42  -10  -16  -16
     4     1  -25    3   21    7  -11  -11   15  -11   15    7  -11    3   21    1  -25   25   -1  -21   -3   11   -7  -15   11  -15   11   11   -7  -21   -3   25   -1
     5   -19   35   -9   -7  -21  -23   49   -5   49   -5  -21  -23   -9   -7  -19   35  -35   19    7    9   23   21    5  -49    5  -49   23   21    7    9  -35   19
     6    21   -1  -15   -5    3   -7   -9   13   -9   13    3   -7  -15   -5   21   -1    1  -21    5   15    7   -3  -13    9  -13    9    7   -3    5   15    1  -21
     7     6  -16   -4   14   -4  -22    2   24    2   24   -4  -22   -4   14    6  -16   16   -6  -14    4   22    4  -24   -2  -24   -2   22    4  -14    4   16   -6
     8    14   34  -20  -28    0    8    6  -14    6  -14    0    8  -20  -28   14   34  -34  -14   28   20   -8    0   14   -6   14   -6   -8    0   28   20  -34  -14
     9    28    8  -24  -12   18    6  -22   -2  -22   -2   18    6  -24  -12   28    8   -8  -28   12   24   -6  -18    2   22    2   22   -6  -18   12   24   -8  -28
    10     4    2  -30   24   40  -14  -14  -12  -14  -12   40  -14  -30   24    4    2   -2   -4  -24   30   14  -40   12   14   12   14   14  -40  -24   30   -2   -4
    11    -5   13   -9    1   11    1    3  -15    3  -15   11    1   -9    1   -5   13  -13    5   -1    9   -1  -11   15   -3   15   -3   -1  -11   -1    9  -13    5
    12    -9    9    5   -5  -11   -1   15   -3   15   -3  -11   -1    5   -5   -9    9   -9    9    5   -5    1   11    3  -15    3  -15    1   11    5   -5   -9    9
    13   -18   18    8   -8  -34  -18   44    8   44    8  -34  -18    8   -8  -18   18  -18   18    8   -8   18   34   -8  -44   -8  -44   18   34    8   -8  -18   18
    14    44    6  -26  -24    6    4  -24   14  -24   14    6    4  -26  -24   44    6   -6  -44   24   26   -4   -6  -14   24  -14   24   -4   -6   24   26   -6  -44

  --- DBR Window 68' : Beta trace (backward, data read in reverse) ---
  Step      S0     S1     S2     S3     S4     S5     S6     S7
     0      11      5     13     19     13     19     11      5
     1      38     30     34     30     42     38     30     30
     2      55     55     63     63     51     59     63     49
     3      84     80     94     86    102     78     82     76
     4      99    105    111    129     97    103    101    107
     5     138    138    122    134    134    136    132    132
     6     147    145    157    143    153    147    145    143
     7     190    180    178    182    166    170    192    170
     8     197    197    203    199    193    191    189    183
     9     222    220    228    212    230    214    216    210
    10     236    240    266    250    246    242    226    230
    11     261    269    297    285    271    259    271    285
    12     285    305    299    311    293    283    303    283
    13     318    322    310    326    336    318    310    328
    14     343    339    335    345    347    345    335    331
  Final beta_init for BR:    343    339    335    345    347    345    335    331

  --- BR Window 66 : Beta init ---
     351    357    373    361    355    351    369    369

  --- BR Window 66 : Beta trace (pre-ACS, for LLR compute) ---
  Read order: step 14 down to 0
  Iter RdStep      S0     S1     S2     S3     S4     S5     S6     S7
     0     14     351    357    373    361    355    351    369    369
     1     13     374    400    378    388    372    370    388    384
     2     12     392    384    398    398    394    394    414    406
     3     11     432    430    416    430    422    416    414    416
     4     10     446    432    442    440    438    454    444    434
     5      9     456    472    482    466    492    460    446    462
     6      8     508   -504    492    484    500    492    498    490
     7      7    -505   -495   -487   -497   -497   -491   -491   -501
     8      6    -452   -472   -476   -464   -484   -472   -452   -476
     9      5    -432   -438   -442   -448   -454   -460   -450   -448
    10      4    -424   -432   -400   -412   -416   -428   -418   -426
    11      3    -390   -392   -378   -380   -406   -368   -400   -402
    12      2    -366   -380   -366   -372   -356   -352   -366   -380
    13      1    -346   -348   -358   -356   -356   -358   -348   -346
    14      0    -318   -326   -338   -324   -330   -314   -328   -336

##############################################################################
# SLOT 67  |  FR=W68 , BR=W67 , DBR=W69'
##############################################################################

  --- FR Window 68 : Alpha (state metrics after ACS) ---
  Step      S0     S1     S2     S3     S4     S5     S6     S7
     0     453    441    443    425    443    437    433    435
     1     468    458    464    468    478    460    448    458
     2     486    480    482    482    482    482    482    486
     3     507   -511   -511    503    501   -495   -501    497
     4    -493   -473   -499   -487   -475   -477   -503   -487
     5    -468   -470   -474   -444   -446   -454   -464   -460
     6    -435   -433   -455   -445   -429   -435   -457   -439
     7    -416   -408   -420   -422   -406   -412   -390   -412
     8    -401   -387   -403   -387   -397   -395   -411   -377
     9    -386   -350   -360   -376   -388   -362   -354   -378
    10    -329   -359   -343   -339   -349   -343   -345   -335
    11    -304   -320   -316   -310   -296   -318   -330   -312
    12    -301   -289   -281   -295   -295   -301   -279   -275
    13    -278   -254   -272   -264   -276   -272   -258   -278
    14    -245   -263   -249   -253   -253   -263   -249   -247

  --- FR Window 68 : Gamma R4 BMs ---
     0    -3   -7   -9   19   25   -3  -13   -9  -13   -9   25   -3   -9   19   -3   -7    7    3  -19    9    3  -25    9   13    9   13    3  -25  -19    9    7    3
     1    -7  -25   25    7  -23   -5    5   23    5   23  -23   -5   25    7   -7  -25   25    7   -7  -25    5   23  -23   -5  -23   -5    5   23   -7  -25   25    7
     2    18  -14    4   -8    2   14  -24    8  -24    8    2   14    4   -8   18  -14   14  -18    8   -4  -14   -2   -8   24   -8   24  -14   -2    8   -4   14  -18
     3    21  -15   -9    3   31   19  -43   -7  -43   -7   31   19   -9    3   21  -15   15  -21   -3    9  -19  -31    7   43    7   43  -19  -31   -3    9   15  -21
     4    14   18    4  -36  -18   22    0   -4    0   -4  -18   22    4  -36   14   18  -18  -14   36   -4  -22   18    4    0    4    0  -22   18   36   -4  -18  -14
     5   -27   -5   31    1  -23    7   19   -3   19   -3  -23    7   31    1  -27   -5    5   27   -1  -31   -7   23    3  -19    3  -19   -7   23   -1  -31    5   27
     6     7   -1  -15    9   13  -11   -5    3   -5    3   13  -11  -15    9    7   -1    1   -7   -9   15   11  -13   -3    5   -3    5   11  -13   -9   15    1   -7
     7   -27   17    7    3   21   25   -1  -45   -1  -45   21   25    7    3  -27   17  -17   27   -3   -7  -25  -21   45    1   45    1  -25  -21   -3   -7  -17   27
     8   -11  -13   19    5  -11    3    3    5    3    5  -11    3   19    5  -11  -13   13   11   -5  -19   -3   11   -5   -3   -5   -3   -3   11   -5  -19   13   11
     9     1    1    5   -7  -33  -21   27   27   27   27  -33  -21    5   -7    1    1   -1   -1    7   -5   21   33  -27  -27  -27  -27   21   33    7   -5   -1   -1
    10    15   21  -27   -9   17   -1   -5  -11   -5  -11   17   -1  -27   -9   15   21  -21  -15    9   27    1  -17   11    5   11    5    1  -17    9   27  -21  -15
    11   -15  -33   39    9   -7   23  -17    1  -17    1   -7   23   39    9  -15  -33   33   15   -9  -39  -23    7   -1   17   -1   17  -23    7   -9  -39   33   15
    12     3   17    1  -21    7   29  -11  -25  -11  -25    7   29    1  -21    3   17  -17   -3   21   -1  -29   -7   25   11   25   11  -29   -7   21   -1  -17   -3
    13     3   11   -9   -5  -19  -23   25   17   25   17  -19  -23   -9   -5    3   11  -11   -3    5    9   23   19  -17  -25  -17  -25   23   19    5    9  -11   -3
    14    -1  -11   -7   19   13  -13   -5    5   -5    5   13  -13   -7   19   -1  -11   11    1  -19    7   13  -13   -5    5   -5    5   13  -13  -19    7   11    1

  --- DBR Window 69' : Beta trace (backward, data read in reverse) ---
  Step      S0     S1     S2     S3     S4     S5     S6     S7
     0      27     31     15     15     15     15     27     31
     1      45     37     43     39     59     51     33     33
     2      54     66     66     62     48     52     64     56
     3      88     98     70     80     70     80     96     86
     4     110    102    118    112    110    110    116    118
     5     145    141    143    137    127    139    139    149
     6     161    173    151    149    151    149    171    171
     7     181    197    163    167    177    185    187    183
     8     195    187    227    201    225    199    229    219
     9     245    237    257    247    251    241    215    243
    10     275    295    249    257    267    259    267    275
    11     271    285    289    291    299    285    317    291
    12     309    329    325    327    317    307    329    307
    13     336    338    356    332    334    350    340    342
    14     362    382    356    358    362    368    370    364
  Final beta_init for BR:    362    382    356    358    362    368    370    364

  --- BR Window 67 : Beta init ---
     343    339    335    345    347    345    335    331

  --- BR Window 67 : Beta trace (pre-ACS, for LLR compute) ---
  Read order: step 14 down to 0
  Iter RdStep      S0     S1     S2     S3     S4     S5     S6     S7
     0     14     343    339    335    345    347    345    335    331
     1     13     387    359    371    373    355    357    389    369
     2     12     415    405    407    423    381    391    403    391
     3     11     422    424    420    414    428    418    420    432
     4     10     435    435    431    437    435    441    433    437
     5      9     445    447    471    465    475    467    453    455
     6      8     473    475    489    499    467    479    493    489
     7      7     507    507    495    497   -507    509   -511   -491
     8      6    -491   -505   -489   -503   -493   -487   -475   -493
     9      5    -470   -466   -468   -478   -480   -478   -482   -478
    10      4    -419   -435   -459   -461   -455   -457   -417   -443
    11      3    -418   -406   -406   -398   -428   -440   -418   -420
    12      2    -402   -402   -386   -366   -378   -366   -382   -382
    13      1    -379   -377   -369   -361   -353   -363   -353   -355
    14      0    -333   -341   -353   -351   -361   -353   -343   -343

##############################################################################
# SLOT 68  |  FR=W69 , BR=W68 , DBR=W70'
##############################################################################

  --- FR Window 69 : Alpha (state metrics after ACS) ---
  Step      S0     S1     S2     S3     S4     S5     S6     S7
     0    -229   -221   -237   -233   -217   -241   -235   -221
     1    -210   -208   -208   -218   -214   -190   -210   -214
     2    -172   -190   -186   -172   -182   -180   -196   -174
     3    -156   -174   -150   -164   -162   -160   -164   -158
     4    -138   -120   -136   -146   -132   -136   -124   -140
     5     -78   -110   -124    -98   -104   -108   -122   -100
     6     -82    -78    -46    -94    -84    -64    -84    -94
     7     -44    -52    -42    -64    -40    -68    -52    -66
     8     -28    -36    -22    -36    -22    -28    -30    -30
     9      -9      3      3     -1     -5     -1      1      1
    10      33     19     11     25     35     15     15     33
    11      67     49     39     49     49     67     53     49
    12      66     70     78     66     56     68     80     70
    13      80     84    106     80     86     98     84     88
    14     107    113    121    111    117    119    115    109

  --- FR Window 69 : Gamma R4 BMs ---
     0    -6  -28   20   14  -18  -12    4   26    4   26  -18  -12   20   14   -6  -28   28    6  -14  -20   12   18  -26   -4  -26   -4   12   18  -14  -20   28    6
     1    -7   -9   -7   23    3  -27   11   13   11   13    3  -27   -7   23   -7   -9    9    7  -23    7   27   -3  -13  -11  -13  -11   27   -3  -23    7    9    7
     2    38    4  -16  -26  -10    0  -12   22  -12   22  -10    0  -16  -26   38    4   -4  -38   26   16    0   10  -22   12  -22   12    0   10   26   16   -4  -38
     3   -16   10  -10   16    4  -22   22   -4   22   -4    4  -22  -10   16  -16   10  -10   16  -16   10   22   -4    4  -22    4  -22   22   -4  -16   10  -10   16
     4    18  -24   -6   12   -8  -26   -4   38   -4   38   -8  -26   -6   12   18  -24   24  -18  -12    6   26    8  -38    4  -38    4   26    8  -12    6   24  -18
     5    12   42  -22  -32   -4    6   14  -16   14  -16   -4    6  -22  -32   12   42  -42  -12   32   22   -6    4   16  -14   16  -14   -6    4   32   22  -42  -12
     6    -4    6  -14   12  -14  -40   32   22   32   22  -14  -40  -14   12   -4    6   -6    4  -12   14   40   14  -22  -32  -22  -32   40   14  -12   14   -6    4
     7    20  -16    2   -6    4   12  -26   10  -26   10    4   12    2   -6   20  -16   16  -20    6   -2  -12   -4  -10   26  -10   26  -12   -4    6   -2   16  -20
     8    16  -22    2    4  -10  -12   -8   30   -8   30  -10  -12    2    4   16  -22   22  -16   -4   -2   12   10  -30    8  -30    8   12   10   -4   -2   22  -16
     9   -31    1    3   27   25    1    3  -29    3  -29   25    1    3   27  -31    1   -1   31  -27   -3   -1  -25   29   -3   29   -3   -1  -25  -27   -3   -1   31
    10   -32    0   30    2  -16   12   18  -14   18  -14  -16   12   30    2  -32    0    0   32   -2  -30  -12   16   14  -18   14  -18  -12   16   -2  -30    0   32
    11    34  -16   -4  -14    4   14  -34   16  -34   16    4   14   -4  -14   34  -16   16  -34   14    4  -14   -4  -16   34  -16   34  -14   -4   14    4   16  -34
    12    -7   17   -3   -7   -1    3   11  -13   11  -13   -1    3   -3   -7   -7   17  -17    7    7    3   -3    1   13  -11   13  -11   -3    1    7    3  -17    7
    13    -2   10  -20   12   28   -4   -6  -18   -6  -18   28   -4  -20   12   -2   10  -10    2  -12   20    4  -28   18    6   18    6    4  -28  -12   20  -10    2
    14    27   -5  -11  -11   15   15  -31    1  -31    1   15   15  -11  -11   27   -5    5  -27   11   11  -15  -15   -1   31   -1   31  -15  -15   11   11    5  -27

  --- DBR Window 70' : Beta trace (backward, data read in reverse) ---
  Step      S0     S1     S2     S3     S4     S5     S6     S7
     0      20     32     50     26     50     26     20     32
     1      46     50     94     80     76     62     44     40
     2      84     80    134    110     90    102     84     88
     3     160    130    118    140    140    118    118    128
     4     144    160    188    156    168    142    146    148
     5     211    179    181    181    161    161    183    185
     6     215    217    237    235    213    233    193    189
     7     232    236    254    266    274    246    246    238
     8     275    301    273    267    273    267    275    285
     9     325    309    297    299    295    293    337    337
    10     354    354    324    332    362    354    312    328
    11     363    375    361    367    381    375    393    363
    12     381    391    441    411    423    393    393    405
    13     455    427    459    451    409    433    411    439
    14     482    484    464    458    448    454    478    462
  Final beta_init for BR:    482    484    464    458    448    454    478    462

  --- BR Window 68 : Beta init ---
     362    382    356    358    362    368    370    364

  --- BR Window 68 : Beta trace (pre-ACS, for LLR compute) ---
  Read order: step 14 down to 0
  Iter RdStep      S0     S1     S2     S3     S4     S5     S6     S7
     0     14     362    382    356    358    362    368    370    364
     1     13     373    375    383    381    395    377    377    387
     2     12     408    400    400    404    400    396    400    392
     3     11     425    425    421    429    413    429    421    421
     4     10     446    438    464    444    468    448    454    446
     5      9     465    467    481    495    455    473    459    465
     6      8     508    508    480    492    500    506    496    496
     7      7    -511    511   -497   -511    511   -507    511   -511
     8      6    -468   -486   -476   -472   -492   -488   -462   -484
     9      5    -461   -457   -451   -459   -473   -463   -465   -473
    10      4    -432   -446   -430   -442   -428   -440   -438   -446
    11      3    -418   -414   -392   -408   -410   -422   -428   -424
    12      2    -395   -385   -361   -373   -383   -395   -387   -379
    13      1    -369   -353   -359   -347   -369   -371   -355   -371
    14      0    -344   -336   -344   -332   -322   -340   -346   -330

##############################################################################
# SLOT 69  |  FR=W70 , BR=W69 , DBR=W71'
##############################################################################

  --- FR Window 70 : Alpha (state metrics after ACS) ---
  Step      S0     S1     S2     S3     S4     S5     S6     S7
     0     134    134    138    142    134    138    142    142
     1     162    156    156    170    170    160    152    166
     2     188    196    186    178    200    218    204    190
     3     213    243    227    219    209    239    213    223
     4     272    252    232    252    252    234    244    256
     5     278    292    288    274    324    278    274    296
     6     311    327    295    331    319    315    307    323
     7     334    344    360    358    350    328    342    346
     8     386    382    412    376    388    374    366    378
     9     411    389    409    407    425    395    419    401
    10     437    435    427    453    415    419    431    429
    11     461    457    463    445    475    447    469    469
    12     467   -509    503    477    479    491    479    481
    13    -495   -503   -509    497   -477   -507   -505   -501
    14    -487   -469   -471   -485   -491   -427   -459   -481

  --- FR Window 70 : Gamma R4 BMs ---
     0    27  -27   -3    3    5   -1  -29   25  -29   25    5   -1   -3    3   27  -27   27  -27   -3    3    1   -5  -25   29  -25   29    1   -5   -3    3   27  -27
     1    -4   28  -28    4   18  -14   14  -18   14  -18   18  -14  -28    4   -4   28  -28    4   -4   28   14  -18   18  -14   18  -14   14  -18   -4   28  -28    4
     2    12    0  -30   18    0  -48   18   30   18   30    0  -48  -30   18   12    0    0  -12  -18   30   48    0  -30  -18  -30  -18   48    0  -18   30    0  -12
     3   -13   17   -5    1  -21  -27   39    9   39    9  -21  -27   -5    1  -13   17  -17   13   -1    5   27   21   -9  -39   -9  -39   27   21   -1    5  -17   13
     4    13   29  -17  -25    5   13   -1  -17   -1  -17    5   13  -17  -25   13   29  -29  -13   25   17  -13   -5   17    1   17    1  -13   -5   25   17  -29  -13
     5     6  -52   22   24   -6   -8  -22   36  -22   36   -6   -8   22   24    6  -52   52   -6  -24  -22    8    6  -36   22  -36   22    8    6  -24  -22   52   -6
     6   -27   19    7    1    3    9   17  -29   17  -29    3    9    7    1  -27   19  -19   27   -1   -7   -9   -3   29  -17   29  -17   -9   -3   -1   -7  -19   27
     7   -23  -15   39   -1  -11   29   -5  -13   -5  -13  -11   29   39   -1  -23  -15   15   23    1  -39  -29   11   13    5   13    5  -29   11    1  -39   15   23
     8    -4    6   26  -28    0   54  -22  -32  -22  -32    0   54   26  -28   -4    6   -6    4   28  -26  -54    0   32   22   32   22  -54    0   28  -26   -6    4
     9    -3   29  -13  -13   -7   -7   23   -9   23   -9   -7   -7  -13  -13   -3   29  -29    3   13   13    7    7    9  -23    9  -23    7    7   13   13  -29    3
    10   -20   -4   28   -4  -24    8   16    0   16    0  -24    8   28   -4  -20   -4    4   20    4  -28   -8   24    0  -16    0  -16   -8   24    4  -28    4   20
    11   -40    2   30    8  -16    6   26  -16   26  -16  -16    6   30    8  -40    2   -2   40   -8  -30   -6   16   16  -26   16  -26   -6   16   -8  -30   -2   40
    12     4    8  -34   22   40  -16  -10  -14  -10  -14   40  -16  -34   22    4    8   -8   -4  -22   34   16  -40   14   10   14   10   16  -40  -22   34   -8   -4
    13    18   14   12  -44  -26   30   -4    0   -4    0  -26   30   12  -44   18   14  -14  -18   44  -12  -30   26    0    4    0    4  -30   26   44  -12  -14  -18
    14     8   -4  -26   22   -2  -50   20   32   20   32   -2  -50  -26   22    8   -4    4   -8  -22   26   50    2  -32  -20  -32  -20   50    2  -22   26    4   -8

  --- DBR Window 71' : Beta trace (backward, data read in reverse) ---
  Step      S0     S1     S2     S3     S4     S5     S6     S7
     0      17     39     31     21     31     21     17     39
     1      62     52     48     60     56     68     66     60
     2      77     67     79     79     81     79     81     71
     3      91     95     97     99     89     97     93     89
     4     104    116    126    132    124    132    110    124
     5     145    137    145    135    145    139    147    165
     6     156    164    160    164    164    160    172    164
     7     181    193    193    185    181    193    185    193
     8     198    200    200    198    204    202    210    212
     9     233    233    215    211    215    211    225    241
    10     253    243    253    247    239    241    271    257
    11     297    283    263    275    269    257    267    277
    12     313    287    339    317    317    295    321    297
    13     375    339    333    347    323    321    323    343
    14     360    382    400    386    372    358    358    386
  Final beta_init for BR:    360    382    400    386    372    358    358    386

  --- BR Window 69 : Beta init ---
     482    484    464    458    448    454    478    462

  --- BR Window 69 : Beta trace (pre-ACS, for LLR compute) ---
  Read order: step 14 down to 0
  Iter RdStep      S0     S1     S2     S3     S4     S5     S6     S7
     0     14     482    484    464    458    448    454    478    462
     1     13     509    509    479    479    499    499    485    485
     2     12     507   -505    507   -503   -487    505   -507    505
     3     11    -494   -480   -480   -484   -506   -502   -494   -486
     4     10    -460   -460   -476   -466   -472   -466   -450   -464
     5      9    -436   -440   -430   -434   -436   -448   -442   -432
     6      8    -413   -405   -405   -409   -415   -407   -419   -401
     7      7    -393   -375   -407   -409   -395   -397   -379   -375
     8      6    -373   -353   -389   -383   -369   -363   -359   -365
     9      5    -357   -365   -319   -345   -323   -349   -321   -331
    10      4    -305   -315   -291   -301   -299   -309   -333   -303
    11      3    -275   -253   -299   -293   -283   -289   -279   -277
    12      2    -275   -265   -257   -259   -249   -267   -231   -257
    13      1    -237   -219   -223   -221   -231   -241   -221   -243
    14      0    -212   -210   -194   -214   -214   -198   -208   -206

##############################################################################
# SLOT 70  |  FR=W71 , BR=W70 , DBR=W72'
##############################################################################

  --- FR Window 71 : Alpha (state metrics after ACS) ---
  Step      S0     S1     S2     S3     S4     S5     S6     S7
     0    -446   -408   -466   -416   -426   -422   -450   -438
     1    -382   -414   -410   -412   -392   -396   -390   -410
     2    -368   -386   -394   -350   -338   -384   -396   -346
     3    -356   -342   -342   -316   -350   -346   -342   -326
     4    -310   -304   -318   -316   -316   -322   -294   -310
     5    -301   -285   -301   -299   -275   -271   -287   -281
     6    -282   -274   -282   -254   -266   -266   -290   -262
     7    -225   -263   -261   -237   -245   -245   -255   -233
     8    -224   -214   -214   -240   -218   -228   -220   -234
     9    -181   -201   -205   -201   -193   -205   -209   -197
    10    -170   -164   -176   -172   -158   -172   -170   -162
    11    -154   -146   -148   -152   -160   -148   -154   -142
    12    -133   -125   -129   -131   -133   -137   -135   -131
    13    -102   -108   -102   -108   -104    -90    -88   -110
    14     -85    -69    -71    -71    -93    -71    -69    -79

  --- FR Window 71 : Gamma R4 BMs ---
     0   -43    7   25   11    5   19   13  -37   13  -37    5   19   25   11  -43    7   -7   43  -11  -25  -19   -5   37  -13   37  -13  -19   -5  -11  -25   -7   43
     1   -16   26    6  -16  -26   -4   36   -6   36   -6  -26   -4    6  -16  -16   26  -26   16   16   -6    4   26    6  -36    6  -36    4   26   16   -6  -26   16
     2   -18  -44   42   20  -12   10  -12   14  -12   14  -12   10   42   20  -18  -44   44   18  -20  -42  -10   12  -14   12  -14   12  -10   12  -20  -42   44   18
     3   -18   30    0  -12   -4    8   22  -26   22  -26   -4    8    0  -12  -18   30  -30   18   12    0   -8    4   26  -22   26  -22   -8    4   12    0  -30   18
     4   -16   10    0    6  -22  -28   38   12   38   12  -22  -28    0    6  -16   10  -10   16   -6    0   28   22  -12  -38  -12  -38   28   22   -6    0  -10   16
     5   -29    3   17    9    3   11    9  -23    9  -23    3   11   17    9  -29    3   -3   29   -9  -17  -11   -3   23   -9   23   -9  -11   -3   -9  -17   -3   29
     6   -19  -17   19   17   -5   -3    5    3    5    3   -5   -3   19   17  -19  -17   17   19  -17  -19    3    5   -3   -5   -3   -5    3    5  -17  -19   17   19
     7   -29   -7    7   29    1  -21   21   -1   21   -1    1  -21    7   29  -29   -7    7   29  -29   -7   21   -1    1  -21    1  -21   21   -1  -29   -7    7   29
     8     1   -7    5    1  -17  -13   11   19   11   19  -17  -13    5    1    1   -7    7   -1   -1   -5   13   17  -19  -11  -19  -11   13   17   -1   -5    7   -1
     9    -1   33  -11  -21   -7    3   19  -15   19  -15   -7    3  -11  -21   -1   33  -33    1   21   11   -3    7   15  -19   15  -19   -3    7   21   11  -33    1
    10    11   25  -43    7   29  -21    3  -11    3  -11   29  -21  -43    7   11   25  -25  -11   -7   43   21  -29   11   -3   11   -3   21  -29   -7   43  -25  -11
    11    14   10   -8  -16  -18  -10   12   16   12   16  -18  -10   -8  -16   14   10  -10  -14   16    8   10   18  -16  -12  -16  -12   10   18   16    8  -10  -14
    12   -11  -21   15   17  -11  -13    7   17    7   17  -11  -13   15   17  -11  -21   21   11  -17  -15   13   11  -17   -7  -17   -7   13   11  -17  -15   21   11
    13   -21   23    5   -7   17   29   -1  -45   -1  -45   17   29    5   -7  -21   23  -23   21    7   -5  -29  -17   45    1   45    1  -29  -17    7   -5  -23   21
    14    17   -9   -9    1   31   21  -39  -13  -39  -13   31   21   -9    1   17   -9    9  -17   -1    9  -21  -31   13   39   13   39  -21  -31   -1    9    9  -17

  --- DBR Window 72' : Beta trace (backward, data read in reverse) ---
  Step      S0     S1     S2     S3     S4     S5     S6     S7
     0      18     18     20     16     20     16     18     18
     1      39     39     31     43     29     41     37     37
     2      56     64     48     44     52     48     64     68
     3     106     78     84     68    100     84     90     84
     4     124    102    122    112     84     90    108     96
     5     129    131    145    143    133    123    109    119
     6     155    171    167    159    181    157    141    157
     7     187    201    197    177    173    189    181    205
     8     191    193    201    209    213    213    199    203
     9     218    248    220    214    238    222    232    238
    10     234    230    248    260    248    260    254    258
    11     271    269    277    271    275    297    281    275
    12     316    312    300    296    292    296    332    312
    13     351    347    357    355    321    319    363    335
    14     370    366    376    354    356    360    374    364
  Final beta_init for BR:    370    366    376    354    356    360    374    364

  --- BR Window 70 : Beta init ---
     360    382    400    386    372    358    358    386

  --- BR Window 70 : Beta trace (pre-ACS, for LLR compute) ---
  Read order: step 14 down to 0
  Iter RdStep      S0     S1     S2     S3     S4     S5     S6     S7
     0     14     360    382    400    386    372    358    358    386
     1     13     420    432    408    398    408    412    402    414
     2     12     438    434    452    438    458    462    428    432
     3     11     450    454    492    492    478    466    476    472
     4     10    -506   -506    480    498   -502    500    482   -512
     5      9    -498   -482   -478   -510   -498   -498   -490   -492
     6      8    -455   -469   -483   -483   -479   -479   -459   -481
     7      7    -427   -437   -429   -429   -453   -415   -447   -457
     8      6    -434   -430   -388   -400   -390   -404   -402   -410
     9      5    -371   -363   -385   -379   -393   -399   -375   -381
    10      4    -341   -349   -349   -347   -357   -355   -329   -327
    11      3    -312   -312   -332   -334   -302   -310   -334   -318
    12      2    -293   -289   -303   -297   -283   -289   -273   -303
    13      1    -281   -273   -225   -253   -241   -273   -271   -259
    14      0    -211   -237   -207   -213   -255   -231   -255   -225

##############################################################################
# SLOT 71  |  FR=W72 , BR=W71 , DBR=W73'
##############################################################################

  --- FR Window 72 : Alpha (state metrics after ACS) ---
  Step      S0     S1     S2     S3     S4     S5     S6     S7
     0     -60    -72    -62    -50    -46    -76    -58    -46
     1     -41     -7     -9    -15    -45    -21    -27    -23
     2      10    -14     14      4     30      8     -6     14
     3      41     59     43     45     33     45     29     21
     4      71     35     69     45     67     49     59     67
     5      98     74     86     96     72     78     90    102
     6     100     92    108    108     96    108    108    100
     7     118    134    126    126    124    140    140    114
     8     164    154    140    162    172    154    136    154
     9     161    175    183    193    163    177    185    195
    10     199    209    197    187    185    207    199    209
    11     221    227    233    221    225    241    241    225
    12     242    250    240    254    248    252    254    268
    13     279    263    253    277    269    273    255    287
    14     293    293    285    289    297    281    285    305

  --- FR Window 72 : Gamma R4 BMs ---
     0    19    9  -25   -3    9  -13   -3    7   -3    7    9  -13  -25   -3   19    9   -9  -19    3   25   13   -9   -7    3   -7    3   13   -9    3   25   -9  -19
     1   -23   31   -5   -3  -23  -25   51   -3   51   -3  -23  -25   -5   -3  -23   31  -31   23    3    5   25   23    3  -51    3  -51   25   23    3    5  -31   23
     2   -37    3    9   25   23    7    5  -35    5  -35   23    7    9   25  -37    3   -3   37  -25   -9   -7  -23   35   -5   35   -5   -7  -23  -25   -9   -3   37
     3    -7  -23   -7   37   29  -15  -15    1  -15    1   29  -15   -7   37   -7  -23   23    7  -37    7   15  -29   -1   15   -1   15   15  -29  -37    7   23    7
     4    16   12  -22   -6    0  -16    6   10    6   10    0  -16  -22   -6   16   12  -12  -16    6   22   16    0  -10   -6  -10   -6   16    0    6   22  -12  -16
     5   -35   -1   29    7   -9   13   15  -19   15  -19   -9   13   29    7  -35   -1    1   35   -7  -29  -13    9   19  -15   19  -15  -13    9   -7  -29    1   35
     6     2    6    0   -8    4   12   -6  -10   -6  -10    4   12    0   -8    2    6   -6   -2    8    0  -12   -4   10    6   10    6  -12   -4    8    0   -6   -2
     7    18   -6    4  -16  -32  -12   10   34   10   34  -32  -12    4  -16   18   -6    6  -18   16   -4   12   32  -34  -10  -34  -10   12   32   16   -4    6  -18
     8   -38  -14   38   14  -10   14   10  -14   10  -14  -10   14   38   14  -38  -14   14   38  -14  -38  -14   10   14  -10   14  -10  -14   10  -14  -38   14   38
     9    -5    7   21  -23  -23   21    7   -5    7   -5  -23   21   21  -23   -5    7   -7    5   23  -21  -21   23    5   -7    5   -7  -21   23   23  -21   -7    5
    10     2  -24   16    6   -6    4  -12   14  -12   14   -6    4   16    6    2  -24   24   -2   -6  -16   -4    6  -14   12  -14   12   -4    6   -6  -16   24   -2
    11   -16   12   -6   10   36   20  -14  -42  -14  -42   36   20   -6   10  -16   12  -12   16  -10    6  -20  -36   42   14   42   14  -20  -36  -10    6  -12   16
    12    13  -27    9    5    5    9  -27   13  -27   13    5    9    9    5   13  -27   27  -13   -5   -9   -9   -5  -13   27  -13   27   -9   -5   -5   -9   27  -13
    13   -19  -19   13   25   11   -1   -5   -5   -5   -5   11   -1   13   25  -19  -19   19   19  -25  -13    1  -11    5    5    5    5    1  -11  -25  -13   19   19
    14   -18  -18   20   16   -8   -4    6    6    6    6   -8   -4   20   16  -18  -18   18   18  -16  -20    4    8   -6   -6   -6   -6    4    8  -16  -20   18   18

  --- DBR Window 73' : Beta trace (backward, data read in reverse) ---
  Step      S0     S1     S2     S3     S4     S5     S6     S7
     0      28     12     30     14     30     14     28     12
     1      51     49     47     49     29     31     37     35
     2      60     64     66     90     64     88     62     70
     3      80     74     76     74     92    104     92    100
     4      93     89    117    119    129    127     95    101
     5     135    119    133    135    119    117    135    147
     6     156    148    168    162    150    190    156    148
     7     192    170    206    180    186    180    226    204
     8     229    219    257    231    211    217    199    209
     9     251    263    261    257    251    259    239    227
    10     290    284    264    266    284    286    292    286
    11     318    314    310    306    302    326    312    308
    12     330    326    334    338    324    326    336    340
    13     346    350    346    368    360    358    342    342
    14     368    370    366    362    368    372    384    374
  Final beta_init for BR:    368    370    366    362    368    372    384    374

  --- BR Window 71 : Beta init ---
     370    366    376    354    356    360    374    364

  --- BR Window 71 : Beta trace (pre-ACS, for LLR compute) ---
  Read order: step 14 down to 0
  Iter RdStep      S0     S1     S2     S3     S4     S5     S6     S7
     0     14     370    366    376    354    356    360    374    364
     1     13     387    413    407    397    397    387    373    399
     2     12     418    418    424    436    430    442    432    420
     3     11     451    441    445    443    455    453    441    435
     4     10     465    461    471    463    463    471    457    457
     5      9     476    490    500    506    492    500    482    488
     6      8    -505    509   -511    503    509    507   -509   -485
     7      7    -500   -492   -496   -492   -486   -490   -478   -486
     8      6    -475   -457   -457   -471   -469   -463   -471   -457
     9      5    -452   -450   -456   -458   -452   -454   -440   -438
    10      4    -417   -423   -435   -443   -441   -439   -431   -409
    11      3    -397   -407   -403   -409   -411   -409   -385   -393
    12      2    -359   -367   -393   -381   -381   -393   -383   -375
    13      1    -337   -363   -317   -339   -339   -357   -331   -353
    14      0    -281   -311   -323   -305   -333   -331   -327   -313

##############################################################################
# SLOT 72  |  FR=W73 , BR=W72 , DBR=W74'
##############################################################################

  --- FR Window 73 : Alpha (state metrics after ACS) ---
  Step      S0     S1     S2     S3     S4     S5     S6     S7
     0     309    329    317    301    301    307    303    303
     1     333    319    345    317    337    339    333    321
     2     361    343    351    359    361    335    343    361
     3     371    377    401    381    367    383    387    377
     4     406    416    400    386    398    410    426    388
     5     420    420    422    438    436    420    422    456
     6     451    469    443    461    451    467    453    461
     7     479    489    481    485    485    489    487    477
     8     502    504    500    508   -496   -506   -510   -492
     9    -506   -486   -508   -494   -510   -472   -500   -492
    10    -481   -481   -475   -463   -467   -483   -483   -445
    11    -449   -439   -465   -461   -463   -433   -469   -447
    12    -422   -450   -436   -394   -404   -440   -446   -412
    13    -411   -405   -375   -391   -397   -417   -393   -387
    14    -377   -367   -345   -381   -383   -365   -383   -375

  --- FR Window 73 : Gamma R4 BMs ---
     0    16   -8   -2   -6  -14  -10    0   24    0   24  -14  -10   -2   -6   16   -8    8  -16    6    2   10   14  -24    0  -24    0   10   14    6    2    8  -16
     1     4    0   16  -20  -32    4   12   16   12   16  -32    4   16  -20    4    0    0   -4   20  -16   -4   32  -16  -12  -16  -12   -4   32   20  -16    0   -4
     2    -8  -28   16   20    6    2  -14    6  -14    6    6    2   16   20   -8  -28   28    8  -20  -16   -2   -6   -6   14   -6   14   -2   -6  -20  -16   28    8
     3    -4    0   20  -16    6   42  -22  -26  -22  -26    6   42   20  -16   -4    0    0    4   16  -20  -42   -6   26   22   26   22  -42   -6   16  -20    0    4
     4    -7   -1    5    3  -27  -25   29   23   29   23  -27  -25    5    3   -7   -1    1    7   -3   -5   25   27  -23  -29  -23  -29   25   27   -3   -5    1    7
     5   -18  -30   20   28    4   -4   -6    6   -6    6    4   -4   20   28  -18  -30   30   18  -28  -20    4   -4   -6    6   -6    6    4   -4  -28  -20   30   18
     6    -5    5  -13   13   -5  -31   23   13   23   13   -5  -31  -13   13   -5    5   -5    5  -13   13   31    5  -13  -23  -13  -23   31    5  -13   13   -5    5
     7   -16    6   -8   18   38   12  -14  -36  -14  -36   38   12   -8   18  -16    6   -6   16  -18    8  -12  -38   36   14   36   14  -12  -38  -18    8   -6   16
     8    21   13  -43    9   19  -33    3   11    3   11   19  -33  -43    9   21   13  -13  -21   -9   43   33  -19  -11   -3  -11   -3   33  -19   -9   43  -13  -21
     9    16   -6   -6   -4   10    8  -20    2  -20    2   10    8   -6   -4   16   -6    6  -16    4    6   -8  -10   -2   20   -2   20   -8  -10    4    6    6  -16
    10    13    5  -27    9   11  -25    3   11    3   11   11  -25  -27    9   13    5   -5  -13   -9   27   25  -11  -11   -3  -11   -3   25  -11   -9   27   -5  -13
    11     2  -16    0   14   10   -4  -12    6  -12    6   10   -4    0   14    2  -16   16   -2  -14    0    4  -10   -6   12   -6   12    4  -10  -14    0   16   -2
    12   -35  -19   15   39    7  -17   13   -3   13   -3    7  -17   15   39  -35  -19   19   35  -39  -15   17   -7    3  -13    3  -13   17   -7  -39  -15   19   35
    13    -7   21    3  -17   -1   19    5  -23    5  -23   -1   19    3  -17   -7   21  -21    7   17   -3  -19    1   23   -5   23   -5  -19    1   17   -3  -21    7
    14   -12    6   -8   14   30    8  -10  -28  -10  -28   30    8   -8   14  -12    6   -6   12  -14    8   -8  -30   28   10   28   10   -8  -30  -14    8   -6   12

  --- DBR Window 74' : Beta trace (backward, data read in reverse) ---
  Step      S0     S1     S2     S3     S4     S5     S6     S7
     0      35     31     15     11     15     11     35     31
     1      51     67     45     51     61     45     49     43
     2      70     80     74     78     96     78     66     62
     3     128    100     90     86     98     94     94     96
     4     120    138    152    138    110    110    120    136
     5     170    158    166    148    152    174    156    156
     6     182    178    204    180    196    184    190    196
     7     206    202    214    238    214    212    200    200
     8     222    230    228    226    234    224    234    262
     9     239    257    255    249    265    271    267    259
    10     283    301    277    281    281    291    287    295
    11     309    299    303    301    301    325    313    313
    12     320    330    328    326    340    338    332    326
    13     367    365    343    345    337    347    353    371
    14     356    354    370    396    376    374    390    384
  Final beta_init for BR:    356    354    370    396    376    374    390    384

  --- BR Window 72 : Beta init ---
     368    370    366    362    368    372    384    374

  --- BR Window 72 : Beta trace (pre-ACS, for LLR compute) ---
  Read order: step 14 down to 0
  Iter RdStep      S0     S1     S2     S3     S4     S5     S6     S7
     0     14     368    370    366    362    368    372    384    374
     1     13     386    386    388    392    382    380    392    392
     2     12     401    401    399    411    405    417    411    411
     3     11     432    438    410    408    420    416    438    444
     4     10     480    452    446    442    474    458    458    460
     5      9     498    472    496    486    458    464    484    470
     6      8     503    505   -505   -507    507    493    481    493
     7      7    -495   -479   -483   -491   -469   -493   -509   -493
     8      6    -463   -449   -453   -473   -477   -461   -469   -445
     9      5    -459   -457   -449   -441   -437   -437   -451   -447
    10      4    -432   -402   -430   -436   -412   -428   -418   -412
    11      3    -416   -420   -402   -390   -402   -390   -396   -392
    12      2    -379   -381   -373   -379   -375   -353   -369   -375
    13      1    -334   -338   -350   -354   -358   -354   -318   -338
    14      0    -299   -303   -293   -295   -329   -331   -287   -315

##############################################################################
# SLOT 73  |  FR=W74 , BR=W73 , DBR=W75'
##############################################################################

  --- FR Window 74 : Alpha (state metrics after ACS) ---
  Step      S0     S1     S2     S3     S4     S5     S6     S7
     0    -342   -370   -334   -336   -354   -368   -330   -362
     1    -323   -349   -319   -311   -315   -329   -337   -303
     2    -304   -276   -322   -310   -304   -300   -298   -310
     3    -274   -276   -286   -284   -258   -276   -274   -292
     4    -242   -236   -264   -234   -240   -248   -258   -256
     5    -225   -227   -207   -241   -225   -219   -219   -237
     6    -203   -207   -205   -213   -193   -197   -203   -211
     7    -183   -163   -179   -171   -187   -187   -187   -175
     8    -157   -149   -141   -169   -143   -153   -141   -159
     9    -131   -123   -127   -135   -131   -105   -103   -115
    10    -103    -83   -111    -95    -83    -77   -105    -75
    11     -79    -65    -73    -61    -71    -57    -65    -71
    12     -34    -42    -44    -30    -46    -44    -58    -50
    13     -10    -30    -16    -18    -14    -28    -14    -16
    14      25     -1     -7     21      1     15      1      1

  --- FR Window 74 : Gamma R4 BMs ---
     0   -13  -19    3   29   11  -15   -1    5   -1    5   11  -15    3   29  -13  -19   19   13  -29   -3   15  -11   -5    1   -5    1   15  -11  -29   -3   19   13
     1    19  -27   11   -3    3   17  -33   13  -33   13    3   17   11   -3   19  -27   27  -19    3  -11  -17   -3  -13   33  -13   33  -17   -3    3  -11   27  -19
     2     7  -19    5    7  -13  -15    1   27    1   27  -13  -15    5    7    7  -19   19   -7   -7   -5   15   13  -27   -1  -27   -1   15   13   -7   -5   19   -7
     3   -18    2   20   -4    0   24   -2  -22   -2  -22    0   24   20   -4  -18    2   -2   18    4  -20  -24    0   22    2   22    2  -24    0    4  -20   -2   18
     4   -36  -16   10   42   22  -10    4  -16    4  -16   22  -10   10   42  -36  -16   16   36  -42  -10   10  -22   16   -4   16   -4   10  -22  -42  -10   16   36
     5    17   -5   -9   -3  -15  -21    7   29    7   29  -15  -21   -9   -3   17   -5    5  -17    3    9   21   15  -29   -7  -29   -7   21   15    3    9    5  -17
     6    -6   24   -4  -14    2   12    8  -22    8  -22    2   12   -4  -14   -6   24  -24    6   14    4  -12   -2   22   -8   22   -8  -12   -2   14    4  -24    6
     7    -4    0   22  -18   -6   34  -12  -16  -12  -16   -6   34   22  -18   -4    0    0    4   18  -22  -34    6   16   12   16   12  -34    6   18  -22    0    4
     8    12    6  -28   10   38    0  -22  -16  -22  -16   38    0  -28   10   12    6   -6  -12  -10   28    0  -38   16   22   16   22    0  -38  -10   28   -6  -12
     9     6   18  -38   14   14  -38   18    6   18    6   14  -38  -38   14    6   18  -18   -6  -14   38   38  -14   -6  -18   -6  -18   38  -14  -14   38  -18   -6
    10   -40    6   24   10   -4   10   20  -26   20  -26   -4   10   24   10  -40    6   -6   40  -10  -24  -10    4   26  -20   26  -20  -10    4  -10  -24   -6   40
    11    -4  -32   20   16    2    6  -18   10  -18   10    2    6   20   16   -4  -32   32    4  -16  -20   -6   -2  -10   18  -10   18   -6   -2  -16  -20   32    4
    12   -19   -1   -7   27   29   -5   -3  -21   -3  -21   29   -5   -7   27  -19   -1    1   19  -27    7    5  -29   21    3   21    3    5  -29  -27    7    1   19
    13    -2   32    0  -30  -16   14   18  -16   18  -16  -16   14    0  -30   -2   32  -32    2   30    0  -14   16   16  -18   16  -18  -14   16   30    0  -32    2
    14    35  -11   -9  -15    5   11  -31   15  -31   15    5   11   -9  -15   35  -11   11  -35   15    9  -11   -5  -15   31  -15   31  -11   -5   15    9   11  -35

  --- DBR Window 75' : Beta trace (backward, data read in reverse) ---
  Step      S0     S1     S2     S3     S4     S5     S6     S7
     0      19     13     31     37     31     37     19     13
     1      36     50     58     78     56     60     54     68
     2      64     74     94     84     86     96     90     80
     3     107    105    141    131    121    125    113    111
     4     157    161    129    133    141    145    129    125
     5     174    190    150    150    166    164    206    166
     6     203    191    231    203    193    189    209    193
     7     264    242    244    218    224    216    224    214
     8     257    273    267    277    263    253    249    239
     9     278    282    298    278    276    282    298    292
    10     308    294    310    294    294    310    292    296
    11     312    312    332    326    316    310    330    328
    12     343    333    333    343    345    331    331    341
    13     355    345    369    359    365    359    355    345
    14     381    383    391    391    379    395    363    361
  Final beta_init for BR:    381    383    391    391    379    395    363    361

  --- BR Window 73 : Beta init ---
     356    354    370    396    376    374    390    384

  --- BR Window 73 : Beta trace (pre-ACS, for LLR compute) ---
  Read order: step 14 down to 0
  Iter RdStep      S0     S1     S2     S3     S4     S5     S6     S7
     0     14     356    354    370    396    376    374    390    384
     1     13     418    400    400    384    388    410    402    402
     2     12     425    439    421    419    419    419    433    409
     3     11     438    454    450    464    446    458    452    444
     4     10     462    464    460    452    464    478    466    470
     5      9     475    471    491    491    503    497    467    475
     6      8     509    493    507    509    489    487    507   -507
     7      7    -494   -502   -484   -492   -504   -464   -494   -502
     8      6    -458   -480   -446   -472   -464   -474   -428   -450
     9      5    -423   -433   -397   -423   -443   -437   -455   -445
    10      4    -403   -391   -393   -395   -403   -395   -415   -427
    11      3    -364   -370   -390   -388   -370   -368   -362   -368
    12      2    -336   -340   -344   -348   -352   -328   -342   -346
    13      1    -324   -328   -320   -316   -330   -328   -318   -314
    14      0    -308   -304   -308   -286   -294   -296   -312   -312

##############################################################################
# SLOT 74  |  FR=W75 , BR=W74 , DBR=W76'
##############################################################################

  --- FR Window 75 : Alpha (state metrics after ACS) ---
  Step      S0     S1     S2     S3     S4     S5     S6     S7
     0      29     25     37     21     23     51     57     27
     1      51     77     47     69     61     63     39     59
     2      92     64     78     74     72     76     82     78
     3      94     94    100     84     88    102    112     82
     4     110    122    112    108    102    122    112    120
     5     137    135    137    135    147    151    137    137
     6     148    168    158    164    160    170    170    162
     7     179    203    181    183    179    195    193    183
     8     220    212    206    200    206    204    206    218
     9     245    251    265    251    229    227    227    235
    10     271    255    271    235    263    247    281    237
    11     284    310    318    294    280    298    288    292
    12     312    316    354    312    322    312    330    326
    13     373    359    359    341    381    357    347    349
    14     390    370    392    412    378    394    378    400

  --- FR Window 75 : Gamma R4 BMs ---
     0     4    2   20  -26  -36   10   12   14   12   14  -36   10   20  -26    4    2   -2   -4   26  -20  -10   36  -14  -12  -14  -12  -10   36   26  -20   -2   -4
     1    12   -2   14  -24  -12   26  -14    0  -14    0  -12   26   14  -24   12   -2    2  -12   24  -14  -26   12    0   14    0   14  -26   12   24  -14    2  -12
     2     5   15   -3  -17  -13    1   11    1   11    1  -13    1   -3  -17    5   15  -15   -5   17    3   -1   13   -1  -11   -1  -11   -1   13   17    3  -15   -5
     3     2    4   -6    0   22   16  -18  -20  -18  -20   22   16   -6    0    2    4   -4   -2    0    6  -16  -22   20   18   20   18  -16  -22    0    6   -4   -2
     4    -4   16  -18    6   12  -12   10  -10   10  -10   12  -12  -18    6   -4   16  -16    4   -6   18   12  -12   10  -10   10  -10   12  -12   -6   18  -16    4
     5    21   15   -1  -35  -29    5    9   15    9   15  -29    5   -1  -35   21   15  -15  -21   35    1   -5   29  -15   -9  -15   -9   -5   29   35    1  -15  -21
     6   -25    9    3   13   21   11    1  -33    1  -33   21   11    3   13  -25    9   -9   25  -13   -3  -11  -21   33   -1   33   -1  -11  -21  -13   -3   -9   25
     7   -11   11  -13   13   -9  -35   33   11   33   11   -9  -35  -13   13  -11   11  -11   11  -13   13   35    9  -11  -33  -11  -33   35    9  -13   13  -11   11
     8     1   17  -23    5    3  -25   19    3   19    3    3  -25  -23    5    1   17  -17   -1   -5   23   25   -3   -3  -19   -3  -19   25   -3   -5   23  -17   -1
     9   -17   33   -9   -7  -19  -21   45   -5   45   -5  -19  -21   -9   -7  -17   33  -33   17    7    9   21   19    5  -45    5  -45   21   19    7    9  -33   17
    10    -2   -6    6    2  -20  -16   16   20   16   20  -20  -16    6    2   -2   -6    6    2   -2   -6   16   20  -20  -16  -20  -16   16   20   -2   -6    6    2
    11    13   15  -45   17   47  -15  -15  -17  -15  -17   47  -15  -45   17   13   15  -15  -13  -17   45   15  -47   17   15   17   15   15  -47  -17   45  -15  -13
    12    12    2  -28   14   36   -6  -20  -10  -20  -10   36   -6  -28   14   12    2   -2  -12  -14   28    6  -36   10   20   10   20    6  -36  -14   28   -2  -12
    13    11   -3   19  -27    1   47  -31  -17  -31  -17    1   47   19  -27   11   -3    3  -11   27  -19  -47   -1   17   31   17   31  -47   -1   27  -19    3  -11
    14   -13    1   31  -19  -37   13   19    5   19    5  -37   13   31  -19  -13    1   -1   13   19  -31  -13   37   -5  -19   -5  -19  -13   37   19  -31   -1   13

  --- DBR Window 76' : Beta trace (backward, data read in reverse) ---
  Step      S0     S1     S2     S3     S4     S5     S6     S7
     0      14     18     18     14     18     14     14     18
     1      23     21     45     55     45     55     23     21
     2      61     65     47     51     79     67     57     53
     3      81     69     85    101     79     75     71     75
     4      94    104     94    104     86    100    108    124
     5     119    115    113    103    123    141    115    119
     6     162    154    136    136    132    132    146    180
     7     168    186    166    164    178    212    166    174
     8     182    192    186    192    212    206    228    202
     9     225    229    255    229    233    227    213    209
    10     262    266    252    240    242    238    236    240
    11     273    281    285    281    263    283    287    295
    12     295    295    299    287    307    319    303    295
    13     331    339    321    333    337    349    319    335
    14     345    347    353    347    383    365    363    365
  Final beta_init for BR:    345    347    353    347    383    365    363    365

  --- BR Window 74 : Beta init ---
     381    383    391    391    379    395    363    361

  --- BR Window 74 : Beta trace (pre-ACS, for LLR compute) ---
  Read order: step 14 down to 0
  Iter RdStep      S0     S1     S2     S3     S4     S5     S6     S7
     0     14     381    383    391    391    379    395    363    361
     1     13     416    406    396    402    388    394    426    426
     2     12     442    448    418    442    456    426    424    434
     3     11     457    475    447    469    477    469    447    453
     4     10     509    481    477    473    489    485    485    487
     5      9     511   -495   -491   -505    497    491    511   -497
     6      8    -473   -485   -475   -489   -481   -459   -477   -487
     7      7    -461   -455   -437   -453   -447   -459   -443   -437
     8      6    -427   -431   -429   -403   -419   -421   -437   -433
     9      5    -415   -403   -405   -415   -407   -417   -399   -379
    10      4    -398   -376   -378   -384   -376   -370   -374   -374
    11      3    -358   -340   -356   -356   -354   -342   -354   -338
    12      2    -332   -336   -338   -332   -334   -316   -320   -320
    13      1    -315   -311   -305   -307   -301   -303   -301   -309
    14      0    -274   -268   -298   -288   -296   -294   -282   -270

##############################################################################
# SLOT 75  |  FR=W76 , BR=W75 , DBR=W77'
##############################################################################

  --- FR Window 76 : Alpha (state metrics after ACS) ---
  Step      S0     S1     S2     S3     S4     S5     S6     S7
     0     428    426    414    410    414    412    428    406
     1     436    446    466    436    452    442    440    452
     2     460    462    466    466    478    464    478    466
     3     489    499    491    501    483    509    511    495
     4     510   -506    510   -506    504   -512    506   -508
     5    -471   -495   -489   -477   -489   -493   -487   -495
     6    -471   -477   -461   -471   -463   -471   -455   -479
     7    -453   -443   -447   -449   -439   -443   -441   -439
     8    -410   -418   -422   -398   -434   -400   -404   -424
     9    -395   -401   -399   -397   -381   -393   -399   -383
    10    -378   -372   -386   -360   -372   -370   -388   -368
    11    -358   -358   -362   -360   -338   -360   -364   -348
    12    -338   -344   -354   -314   -338   -344   -354   -328
    13    -323   -307   -277   -307   -327   -321   -293   -311
    14    -289   -279   -291   -281   -259   -301   -269   -309

  --- FR Window 76 : Gamma R4 BMs ---
     0    -6   -8   -2   16  -16  -34   24   26   24   26  -16  -34   -2   16   -6   -8    8    6  -16    2   34   16  -26  -24  -26  -24   34   16  -16    2    8    6
     1     8  -24   14    2  -30  -18    8   40    8   40  -30  -18   14    2    8  -24   24   -8   -2  -14   18   30  -40   -8  -40   -8   18   30   -2  -14   24   -8
     2    22   14  -24  -12    0  -12    2   10    2   10    0  -12  -24  -12   22   14  -14  -22   12   24   12    0  -10   -2  -10   -2   12    0   12   24  -14  -22
     3     1   -7   23  -17  -45   -5   21   29   21   29  -45   -5   23  -17    1   -7    7   -1   17  -23    5   45  -29  -21  -29  -21    5   45   17  -23    7   -1
     4    -1   -5   -3    9   -3  -15    7   11    7   11   -3  -15   -3    9   -1   -5    5    1   -9    3   15    3  -11   -7  -11   -7   15    3   -9    3    5    1
     5    -7  -11  -17   35   25  -27   -1    3   -1    3   25  -27  -17   35   -7  -11   11    7  -35   17   27  -25   -3    1   -3    1   27  -25  -35   17   11    7
     6    -2   24  -14   -8    6    0   10  -16   10  -16    6    0  -14   -8   -2   24  -24    2    8   14    0   -6   16  -10   16  -10    0   -6    8   14  -24    2
     7     6   24  -32    2   14  -20   12   -6   12   -6   14  -20  -32    2    6   24  -24   -6   -2   32   20  -14    6  -12    6  -12   20  -14   -2   32  -24   -6
     8    43  -17  -13  -13    9    9  -39   21  -39   21    9    9  -13  -13   43  -17   17  -43   13   13   -9   -9  -21   39  -21   39   -9   -9   13   13   17  -43
     9     5    9  -17    3   19   -1   -7  -11   -7  -11   19   -1  -17    3    5    9   -9   -5   -3   17    1  -19   11    7   11    7    1  -19   -3   17   -9   -5
    10     7   23  -25   -5    9  -11    9   -7    9   -7    9  -11  -25   -5    7   23  -23   -7    5   25   11   -9    7   -9    7   -9   11   -9    5   25  -23   -7
    11    20    8  -22   -6    4  -12   -2   10   -2   10    4  -12  -22   -6   20    8   -8  -20    6   22   12   -4  -10    2  -10    2   12   -4    6   22   -8  -20
    12   -20  -16   24   12   -6    6    2   -2    2   -2   -6    6   24   12  -20  -16   16   20  -12  -24   -6    6    2   -2    2   -2   -6    6  -12  -24   16   20
    13    -3   -1   31  -27  -21   37   -7   -9   -7   -9  -21   37   31  -27   -3   -1    1    3   27  -31  -37   21    9    7    9    7  -37   21   27  -31    1    3
    14    12   18  -12  -18  -14   -8   14    8   14    8  -14   -8  -12  -18   12   18  -18  -12   18   12    8   14   -8  -14   -8  -14    8   14   18   12  -18  -12

  --- DBR Window 77' : Beta trace (backward, data read in reverse) ---
  Step      S0     S1     S2     S3     S4     S5     S6     S7
     0      45     25     13     27     13     27     45     25
     1      43     35     79     69     61     51     37     45
     2      65     71    121     95     77     81     75     85
     3     132    142     90    122    116    114     96     92
     4     129    145    121    151    173    143    147    135
     5     169    173    195    179    169    175    159    155
     6     229    213    195    205    205    221    207    191
     7     248    250    234    244    248    230    224    226
     8     270    256    260    264    276    260    252    262
     9     302    308    280    284    282    292    288    304
    10     294    296    328    314    310    318    322    320
    11     324    346    342    354    352    324    344    342
    12     376    364    364    376    354    366    380    394
    13     394    408    398    392    398    404    404    394
    14     427    417    437    425    437    421    437    415
  Final beta_init for BR:    427    417    437    425    437    421    437    415

  --- BR Window 75 : Beta init ---
     345    347    353    347    383    365    363    365

  --- BR Window 75 : Beta trace (pre-ACS, for LLR compute) ---
  Read order: step 14 down to 0
  Iter RdStep      S0     S1     S2     S3     S4     S5     S6     S7
     0     14     345    347    353    347    383    365    363    365
     1     13     382    396    402    400    384    402    366    378
     2     12     393    397    411    449    419    443    419    433
     3     11     429    439    447    447    449    463    461    463
     4     10     478    476    494    494    486    508    480    478
     5      9     510   -510    496    500   -500   -496    492    496
     6      8    -483   -481   -493   -491   -475   -477   -465   -491
     7      7    -468   -466   -440   -452   -452   -468   -462   -474
     8      6    -407   -429   -427   -439   -433   -439   -433   -441
     9      5    -400   -398   -404   -394   -408   -418   -406   -416
    10      4    -379   -385   -373   -377   -381   -389   -373   -379
    11      3    -363   -363   -361   -363   -373   -361   -375   -361
    12      2    -355   -357   -339   -345   -341   -347   -341   -343
    13      1    -328   -338   -324   -328   -326   -334   -340   -330
    14      0    -316   -324   -302   -298   -306   -312   -316   -320

##############################################################################
# SLOT 76  |  FR=W77 , BR=W76 , DBR=W78'
##############################################################################

  --- FR Window 77 : Alpha (state metrics after ACS) ---
  Step      S0     S1     S2     S3     S4     S5     S6     S7
     0    -256   -240   -260   -274   -254   -226   -258   -268
     1    -250   -218   -226   -210   -244   -240   -212   -216
     2    -178   -178   -216   -176   -186   -202   -204   -212
     3    -148   -176   -150   -174   -176   -188   -154   -154
     4    -124   -140   -134   -150   -136   -162   -148   -140
     5    -108    -92    -92   -126    -98   -114   -112   -122
     6     -94    -72    -66    -98    -86    -90    -60    -90
     7     -51    -51    -55    -41    -59    -59    -39    -51
     8     -29     -5    -17    -33    -37    -13      5    -37
     9       1     19      5      5      5     19     -1      1
    10      32     36     36     38     40     32     34     30
    11      57     51     57     61     49     65     71     53
    12      73     91     99     77     75     95     85     79
    13     101     99    111    119     93    109    133    107
    14     124    138    146    132    124    178    146    132

  --- FR Window 77 : Gamma R4 BMs ---
     0    -5   23  -27    9    3  -33   29    1   29    1    3  -33  -27    9   -5   23  -23    5   -9   27   33   -3   -1  -29   -1  -29   33   -3   -9   27  -23    5
     1     4  -10  -10   16   34    8  -28  -14  -28  -14   34    8  -10   16    4  -10   10   -4  -16   10   -8  -34   14   28   14   28   -8  -34  -16   10   10   -4
     2    -4   40  -24  -12   -6  -18   34  -10   34  -10   -6  -18  -24  -12   -4   40  -40    4   12   24   18    6   10  -34   10  -34   18    6   12   24  -40    4
     3    30    2    0  -32   -6   26  -24    4  -24    4   -6   26    0  -32   30    2   -2  -30   32    0  -26    6   -4   24   -4   24  -26    6   32    0   -2  -30
     4   -14  -12   26    0  -26    0   14   12   14   12  -26    0   26    0  -14  -12   12   14    0  -26    0   26  -12  -14  -12  -14    0   26    0  -26   12   14
     5    16  -26   10    0  -32  -22    6   48    6   48  -32  -22   10    0   16  -26   26  -16    0  -10   22   32  -48   -6  -48   -6   22   32    0  -10   26  -16
     6     8  -22   -2   16   26    8  -32   -2  -32   -2   26    8   -2   16    8  -22   22   -8  -16    2   -8  -26    2   32    2   32   -8  -26  -16    2   22   -8
     7    19   21  -39   -1   11  -27    9    7    9    7   11  -27  -39   -1   19   21  -21  -19    1   39   27  -11   -7   -9   -7   -9   27  -11    1   39  -21  -19
     8   -14    2   26  -14  -46   -6   34   18   34   18  -46   -6   26  -14  -14    2   -2   14   14  -26    6   46  -18  -34  -18  -34    6   46   14  -26   -2   14
     9     0    4   18  -22  -32    8   14   10   14   10  -32    8   18  -22    0    4   -4    0   22  -18   -8   32  -10  -14  -10  -14   -8   32   22  -18   -4    0
    10   -21   13  -11   19   31    1    1  -33    1  -33   31    1  -11   19  -21   13  -13   21  -19   11   -1  -31   33   -1   33   -1   -1  -31  -19   11  -13   21
    11     1   -9   21  -13  -33    1   11   21   11   21  -33    1   21  -13    1   -9    9   -1   13  -21   -1   33  -21  -11  -21  -11   -1   33   13  -21    9   -1
    12     6   -4  -14   12   42   16  -34  -24  -34  -24   42   16  -14   12    6   -4    4   -6  -12   14  -16  -42   24   34   24   34  -16  -42  -12   14    4   -6
    13    -2  -10  -12   24    2  -34   12   20   12   20    2  -34  -12   24   -2  -10   10    2  -24   12   34   -2  -20  -12  -20  -12   34   -2  -24   12   10    2
    14   -25   25    7   -7   13   27    5  -45    5  -45   13   27    7   -7  -25   25  -25   25    7   -7  -27  -13   45   -5   45   -5  -27  -13    7   -7  -25   25

  --- DBR Window 78' : Beta trace (backward, data read in reverse) ---
  Step      S0     S1     S2     S3     S4     S5     S6     S7
     0      35     17     27     15     27     15     35     17
     1      55     47     59     79     39     59     45     37
     2      73     85     67     65     81     89     97     73
     3      93    101    121    103    113     95     85     93
     4     143    161    113    111    123    121    123    141
     5     169    141    143    131    161    169    147    175
     6     165    191    183    185    167    165    187    205
     7     188    190    212    208    250    216    208    206
     8     251    267    235    253    217    229    235    223
     9     256    270    280    274    312    276    258    264
    10     329    303    309    307    279    281    283    299
    11     367    329    315    317    311    323    345    323
    12     398    356    364    366    340    344    348    364
    13     387    391    409    405    377    373    371    375
    14     412    408    450    418    432    416    414    426
  Final beta_init for BR:    412    408    450    418    432    416    414    426

  --- BR Window 76 : Beta init ---
     427    417    437    425    437    421    437    415

  --- BR Window 76 : Beta trace (pre-ACS, for LLR compute) ---
  Read order: step 14 down to 0
  Iter RdStep      S0     S1     S2     S3     S4     S5     S6     S7
     0     14     427    417    437    425    437    421    437    415
     1     13     451    445    455    451    433    435    437    443
     2     12     448    450    482    492    482    482    448    450
     3     11     498    502    476    488   -508    504    484    480
     4     10    -506    506   -502   -486   -508    502    508   -512
     5      9    -493   -483   -493   -483   -507   -487   -479   -463
     6      8    -468   -472   -474   -490   -464   -446   -472   -468
     7      7    -425   -433   -451   -451   -455   -455   -447   -407
     8      6    -419   -401   -427   -423   -409   -375   -421   -413
     9      5    -405   -395   -401   -395   -375   -381   -359   -385
    10      4    -362   -358   -332   -358   -354   -360   -374   -378
    11      3    -325   -321   -335   -347   -345   -349   -351   -347
    12      2    -314   -306   -302   -306   -324   -304   -300   -292
    13      1    -292   -292   -288   -300   -280   -268   -284   -292
    14      0    -256   -248   -266   -254   -250   -238   -268   -252

##############################################################################
# SLOT 77  |  FR=W78 , BR=W77 , DBR=W79'
##############################################################################

  --- FR Window 78 : Alpha (state metrics after ACS) ---
  Step      S0     S1     S2     S3     S4     S5     S6     S7
     0     159    187    187    189    153    187    165    199
     1     198    202    190    194    198    194    196    210
     2     229    245    237    227    209    217    215    215
     3     267    235    265    253    251    235    265    241
     4     276    260    274    274    284    264    264    282
     5     297    329    319    287    289    317    295    279
     6     328    316    342    338    346    314    332    320
     7     351    339    363    355    387    335    359    391
     8     377    391    367    401    369    385    369    421
     9     403    435    409    419    405    435    409    395
    10     437    435    475    453    433    449    437    439
    11     483    455    497    479    469    457    499    465
    12     501    493    499   -507    497    491   -505   -511
    13    -463   -503   -509   -489   -495   -503   -501   -477
    14    -428   -460   -474   -466   -470   -466   -480   -468

  --- FR Window 78 : Gamma R4 BMs ---
     0   -11   21  -21   11   41    9   -9  -41   -9  -41   41    9  -21   11  -11   21  -21   11  -11   21   -9  -41   41    9   41    9   -9  -41  -11   21  -21   11
     1   -11   -7   11    7   -7   -3    7    3    7    3   -7   -3   11    7  -11   -7    7   11   -7  -11    3    7   -3   -7   -3   -7    3    7   -7  -11    7   11
     2    31  -11   -3  -17  -21   -7   -7   35   -7   35  -21   -7   -3  -17   31  -11   11  -31   17    3    7   21  -35    7  -35    7    7   21   17    3   11  -31
     3    38   -2  -24  -12    6   -6  -20   20  -20   20    6   -6  -24  -12   38   -2    2  -38   12   24    6   -6  -20   20  -20   20    6   -6   12   24    2  -38
     4     9  -17    5    3    9   11  -23    3  -23    3    9   11    5    3    9  -17   17   -9   -3   -5  -11   -9   -3   23   -3   23  -11   -9   -3   -5   17   -9
     5     5  -13  -15   23   45    7  -35  -17  -35  -17   45    7  -15   23    5  -13   13   -5  -23   15   -7  -45   17   35   17   35   -7  -45  -23   15   13   -5
     6   -17   -1   -3   21   23   -1   -3  -19   -3  -19   23   -1   -3   21  -17   -1    1   17  -21    3    1  -23   19    3   19    3    1  -23  -21    3    1   17
     7    23   21    1  -45  -21   25   -3   -1   -3   -1  -21   25    1  -45   23   21  -21  -23   45   -1  -25   21    1    3    1    3  -25   21   45   -1  -21  -23
     8   -30    0   14   16    4    2   12  -18   12  -18    4    2   14   16  -30    0    0   30  -16  -14   -2   -4   18  -12   18  -12   -2   -4  -16  -14    0   30
     9    26   -2   -4  -20   -8    8  -14   14  -14   14   -8    8   -4  -20   26   -2    2  -26   20    4   -8    8  -14   14  -14   14   -8    8   20    4    2  -26
    10     8  -30    4   18  -14  -28    2   40    2   40  -14  -28    4   18    8  -30   30   -8  -18   -4   28   14  -40   -2  -40   -2   28   14  -18   -4   30   -8
    11    -2  -12  -16   30   22  -24   -4    6   -4    6   22  -24  -16   30   -2  -12   12    2  -30   16   24  -22   -6    4   -6    4   24  -22  -30   16   12    2
    12    18  -14  -14   10    2  -22   -6   26   -6   26    2  -22  -14   10   18  -14   14  -18  -10   14   22   -2  -26    6  -26    6   22   -2  -10   14   14  -18
    13   -20  -28    4   44   16  -24    0    8    0    8   16  -24    4   44  -20  -28   28   20  -44   -4   24  -16   -8    0   -8    0   24  -16  -44   -4   28   20
    14    35    7  -15  -27   -9    3  -11   17  -11   17   -9    3  -15  -27   35    7   -7  -35   27   15   -3    9  -17   11  -17   11   -3    9   27   15   -7  -35

  --- DBR Window 79' : Beta trace (backward, data read in reverse) ---
  Step      S0     S1     S2     S3     S4     S5     S6     S7
     0      23     25     29     27     29     27     23     25
     1      56     50     56     50     60     54     52     46
     2      64     74    100     82     86     84     58     68
     3     115    111    111    121    121    103     91     95
     4     132    150    144    136    144    142    144    132
     5     161    165    179    163    177    151    167    171
     6     204    212    184    186    170    188    190    206
     7     194    194    214    232    224    214    218    218
     8     235    237    239    249    233    243    273    233
     9     262    280    276    274    262    264    256    250
    10     286    282    296    312    284    316    298    290
    11     307    303    321    313    347    331    313    321
    12     354    348    354    350    336    328    354    366
    13     375    369    379    369    375    365    373    399
    14     401    393    413    399    403    409    395    417
  Final beta_init for BR:    401    393    413    399    403    409    395    417

  --- BR Window 77 : Beta init ---
     412    408    450    418    432    416    414    426

  --- BR Window 77 : Beta trace (pre-ACS, for LLR compute) ---
  Read order: step 14 down to 0
  Iter RdStep      S0     S1     S2     S3     S4     S5     S6     S7
     0     14     412    408    450    418    432    416    414    426
     1     13     459    457    463    477    433    435    461    451
     2     12     475    483    495    483    469    501    475    477
     3     11     499    509   -487    511   -499    499   -499   -489
     4     10    -476   -466   -486   -466   -476   -492   -480   -490
     5      9    -447   -455   -455   -457   -435   -447   -459   -453
     6      8    -439   -435   -413   -427   -431   -415   -441   -445
     7      7    -379   -395   -413   -395   -401   -369   -401   -417
     8      6    -360   -358   -374   -362   -342   -378   -376   -374
     9      5    -320   -344   -348   -340   -332   -346   -352   -346
    10      4    -304   -300   -310   -320   -324   -314   -320   -296
    11      3    -296   -298   -278   -294   -294   -288   -284   -282
    12      2    -266   -260   -262   -252   -250   -272   -264   -264
    13      1    -228   -226   -238   -226   -252   -240   -226   -212
    14      0    -212   -198   -204   -212   -192   -202   -202   -212

##############################################################################
# SLOT 78  |  FR=W79 , BR=W78 , DBR=W80'
##############################################################################

  --- FR Window 79 : Alpha (state metrics after ACS) ---
  Step      S0     S1     S2     S3     S4     S5     S6     S7
     0    -442   -436   -434   -442   -432   -452   -400   -450
     1    -409   -395   -429   -407   -403   -379   -421   -393
     2    -402   -354   -382   -374   -400   -358   -360   -376
     3    -347   -341   -351   -355   -339   -343   -349   -337
     4    -323   -307   -319   -325   -317   -311   -315   -305
     5    -306   -294   -296   -296   -300   -298   -300   -292
     6    -265   -269   -271   -259   -271   -273   -275   -273
     7    -231   -259   -259   -245   -251   -247   -247   -263
     8    -220   -222   -206   -222   -224   -232   -216   -228
     9    -209   -199   -201   -211   -203   -189   -171   -213
    10    -188   -170   -168   -168   -170   -130   -168   -182
    11    -155   -153   -157   -117   -133   -133   -131    -95
    12    -135    -97    -93    -77   -117   -103    -87    -93
    13     -60    -72    -76    -84    -86    -76    -50    -60
    14     -47    -49    -57    -35    -47    -27    -37    -57

  --- FR Window 79 : Gamma R4 BMs ---
     0   -18    4  -10   24   34    0   -6  -28   -6  -28   34    0  -10   24  -18    4   -4   18  -24   10    0  -34   28    6   28    6    0  -34  -24   10   -4   18
     1   -33   -7   25   15    3   13    5  -21    5  -21    3   13   25   15  -33   -7    7   33  -15  -25  -13   -3   21   -5   21   -5  -13   -3  -15  -25    7   33
     2     5   -7   -3    5   33   25  -35  -23  -35  -23   33   25   -3    5    5   -7    7   -5   -5    3  -25  -33   23   35   23   35  -25  -33   -5    3    7   -5
     3   -15  -23   35    3  -15   17   -5    3   -5    3  -15   17   35    3  -15  -23   23   15   -3  -35  -17   15   -3    5   -3    5  -17   15   -3  -35   23   15
     4    24    4    6  -34   -4   36  -26   -6  -26   -6   -4   36    6  -34   24    4   -4  -24   34   -6  -36    4    6   26    6   26  -36    4   34   -6   -4  -24
     5    -5  -23   13   15   -1   -3   -7   11   -7   11   -1   -3   13   15   -5  -23   23    5  -15  -13    3    1  -11    7  -11    7    3    1  -15  -13   23    5
     6    41   -1  -25  -15    3   -7  -19   23  -19   23    3   -7  -25  -15   41   -1    1  -41   15   25    7   -3  -23   19  -23   19    7   -3   15   25    1  -41
     7   -10  -10   -8   28   12  -24    6    6    6    6   12  -24   -8   28  -10  -10   10   10  -28    8   24  -12   -6   -6   -6   -6   24  -12  -28    8   10   10
     8   -35    5    5   25    5  -15   25  -15   25  -15    5  -15    5   25  -35    5   -5   35  -25   -5   15   -5   15  -25   15  -25   15   -5  -25   -5   -5   35
     9     5    1  -19   13   -3  -35   17   21   17   21   -3  -35  -19   13    5    1   -1   -5  -13   19   35    3  -21  -17  -21  -17   35    3  -13   19   -1   -5
    10   -29   11   -3   21   33    9   -1  -41   -1  -41   33    9   -3   21  -29   11  -11   29  -21    3   -9  -33   41    1   41    1   -9  -33  -21    3  -11   29
    11     9   13  -35   13   11  -37   15   11   15   11   11  -37  -35   13    9   13  -13   -9  -13   35   37  -11  -11  -15  -11  -15   37  -11  -13   35  -13   -9
    12     8   18   14  -40  -30   24    8   -2    8   -2  -30   24   14  -40    8   18  -18   -8   40  -14  -24   30    2   -8    2   -8  -24   30   40  -14  -18   -8
    13   -11  -27   33    5  -27    1    5   21    5   21  -27    1   33    5  -11  -27   27   11   -5  -33   -1   27  -21   -5  -21   -5   -1   27   -5  -33   27   11
    14     5   25   -1  -29   -1   27   -3  -23   -3  -23   -1   27   -1  -29    5   25  -25   -5   29    1  -27    1   23    3   23    3  -27    1   29    1  -25   -5

  --- DBR Window 80' : Beta trace (backward, data read in reverse) ---
  Step      S0     S1     S2     S3     S4     S5     S6     S7
     0      17     29     37     21     37     21     17     29
     1      47     55     55     49     47     53     39     47
     2      58     64     64     66     64     66     72     64
     3      93     77     91     89     91     89     87     85
     4     121    113     99    101    101    103    107    107
     5     121    129    145    133    125    123    119    135
     6     146    144    152    138    136    150    144    146
     7     169    163    183    179    175    189    161    161
     8     179    183    213    193    193    187    207    211
     9     213    229    225    211    209    229    211    199
    10     244    234    238    238    256    230    248    238
    11     269    271    257    259    251    253    251    253
    12     270    260    280    294    294    284    264    274
    13     313    313    297    289    305    309    305    293
    14     323    327    341    329    317    345    311    331
  Final beta_init for BR:    323    327    341    329    317    345    311    331

  --- BR Window 78 : Beta init ---
     401    393    413    399    403    409    395    417

  --- BR Window 78 : Beta trace (pre-ACS, for LLR compute) ---
  Read order: step 14 down to 0
  Iter RdStep      S0     S1     S2     S3     S4     S5     S6     S7
     0     14     401    393    413    399    403    409    395    417
     1     13     436    430    430    418    444    432    434    420
     2     12     472    464    458    480    456    462    448    440
     3     11     490    484    470    482    484    490    498    490
     4     10     496    502   -502   -504   -510   -512    502    494
     5      9    -480   -462   -494   -508   -484   -486   -496   -482
     6      8    -454   -480   -464   -480   -462   -454   -476   -448
     7      7    -452   -432   -440   -438   -456   -458   -436   -418
     8      6    -429   -431   -411   -415   -373   -407   -415   -417
     9      5    -372   -356   -388   -370   -406   -394   -388   -400
    10      4    -367   -353   -343   -349   -311   -347   -365   -359
    11      3    -294   -320   -314   -316   -344   -342   -340   -324
    12      2    -256   -294   -308   -306   -312   -300   -278   -300
    13      1    -225   -267   -259   -257   -283   -279   -275   -259
    14      0    -236   -232   -214   -218   -246   -250   -252   -248

##############################################################################
# SLOT 79  |  FR=W80 , BR=W79 , DBR=W81'
##############################################################################

  --- FR Window 80 : Alpha (state metrics after ACS) ---
  Step      S0     S1     S2     S3     S4     S5     S6     S7
     0     -29      5     -3    -19    -29    -19    -27    -19
     1       8     14     38    -16      0      6      8     -8
     2      23     23     61     31     19     17     55     21
     3      74     52     66     40     46     60     58     68
     4      85     77     93     89     69     73     93     89
     5     101    105     95    109    107     89    111     93
     6     117    137    125    115    121    129    127    111
     7     154    152    156    150    158    136    148    172
     8     167    171    163    163    163    171    163    183
     9     187    181    173    187    199    177    181    211
    10     193    211    217    223    203    211    201    233
    11     232    230    244    252    248    232    224    236
    12     259    257    263    257    247    243    251    253
    13     281    271    275    265    281    275    289    265
    14     286    306    300    296    294    318    312    302

  --- FR Window 80 : Gamma R4 BMs ---
     0     2  -18   28  -12   -8   32  -22   -2  -22   -2   -8   32   28  -12    2  -18   18   -2   12  -28  -32    8    2   22    2   22  -32    8   12  -28   18   -2
     1    11  -19   11   -3  -25  -11    3   33    3   33  -25  -11   11   -3   11  -19   19  -11    3  -11   11   25  -33   -3  -33   -3   11   25    3  -11   19  -11
     2     1  -11  -15   25   23  -17   -9    3   -9    3   23  -17  -15   25    1  -11   11   -1  -25   15   17  -23   -3    9   -3    9   17  -23  -25   15   11   -1
     3   -15  -13   13   15    5    3   -3   -5   -3   -5    5    3   13   15  -15  -13   13   15  -15  -13   -3   -5    5    3    5    3   -3   -5  -15  -13   13   15
     4    11   21  -29   -3   -1  -27   19    9   19    9   -1  -27  -29   -3   11   21  -21  -11    3   29   27    1   -9  -19   -9  -19   27    1    3   29  -21  -11
     5    16    0  -18    2    2  -18    0   16    0   16    2  -18  -18    2   16    0    0  -16   -2   18   18   -2  -16    0  -16    0   18   -2   -2   18    0  -16
     6     4    0  -12    8   30   10  -22  -18  -22  -18   30   10  -12    8    4    0    0   -4   -8   12  -10  -30   18   22   18   22  -10  -30   -8   12    0   -4
     7    23   17  -43    3   31  -15  -11   -5  -11   -5   31  -15  -43    3   23   17  -17  -23   -3   43   15  -31    5   11    5   11   15  -31   -3   43  -17  -23
     8   -11   -9    3   17    7   -7    1   -1    1   -1    7   -7    3   17  -11   -9    9   11  -17   -3    7   -7    1   -1    1   -1    7   -7  -17   -3    9   11
     9   -28   -8   24   12   -2   10    6  -14    6  -14   -2   10   24   12  -28   -8    8   28  -12  -24  -10    2   14   -6   14   -6  -10    2  -12  -24    8   28
    10   -22   12    6    4  -14  -12   30   -4   30   -4  -14  -12    6    4  -22   12  -12   22   -4   -6   12   14    4  -30    4  -30   12   14   -4   -6  -12   22
    11    -3   19  -25    9   27   -7    1  -21    1  -21   27   -7  -25    9   -3   19  -19    3   -9   25    7  -27   21   -1   21   -1    7  -27   -9   25  -19    3
    12   -17    1    9    7    9   11   -1  -19   -1  -19    9   11    9    7  -17    1   -1   17   -7   -9  -11   -9   19    1   19    1  -11   -9   -7   -9   -1   17
    13     4   -4   18  -18  -32    4   10   18   10   18  -32    4   18  -18    4   -4    4   -4   18  -18   -4   32  -18  -10  -18  -10   -4   32   18  -18    4   -4
    14    -1  -13   -7   21   -9  -37   17   29   17   29   -9  -37   -7   21   -1  -13   13    1  -21    7   37    9  -29  -17  -29  -17   37    9  -21    7   13    1

  --- DBR Window 81' : Beta trace (backward, data read in reverse) ---
  Step      S0     S1     S2     S3     S4     S5     S6     S7
     0      18     18     22     16     22     16     18     18
     1      36     48     52     40     50     38     32     44
     2      79     77     89     79     95     73     75     73
     3     112    122    118    112    116     92    100    110
     4     140    148    124    136    118    130    140    152
     5     160    168    140    136    156    160    168    158
     6     175    189    187    185    189    177    183    169
     7     217    207    203    215    205    209    219    197
     8     238    226    234    260    232    250    242    224
     9     265    257    263    257    285    271    257    257
    10     284    272    320    294    292    288    276    286
    11     320    336    334    314    294    312    314    312
    12     353    345    323    329    333    327    355    341
    13     377    367    367    373    375    357    353    353
    14     389    399    385    417    385    413    375    377
  Final beta_init for BR:    389    399    385    417    385    413    375    377

  --- BR Window 79 : Beta init ---
     323    327    341    329    317    345    311    331

  --- BR Window 79 : Beta trace (pre-ACS, for LLR compute) ---
  Read order: step 14 down to 0
  Iter RdStep      S0     S1     S2     S3     S4     S5     S6     S7
     0     14     323    327    341    329    317    345    311    331
     1     13     338    348    346    368    360    354    368    354
     2     12     387    371    371    395    401    381    381    369
     3     11     395    405    441    411    409    411    403    413
     4     10     456    452    452    444    448    448    420    424
     5      9     461    477    485    477    485    465    489    455
     6      8     502    506   -500    504    500    490    494    498
     7      7    -475   -489   -495   -497    511   -495   -493   -491
     8      6    -485   -485   -469   -447   -471   -469   -481   -481
     9      5    -444   -446   -456   -446   -462   -456   -406   -448
    10      4    -417   -399   -403   -405   -433   -431   -425   -435
    11      3    -393   -399   -399   -367   -399   -363   -381   -401
    12      2    -376   -376   -358   -366   -332   -348   -366   -358
    13      1    -325   -331   -325   -329   -343   -351   -325   -313
    14      0    -304   -310   -300   -310   -304   -314   -306   -280

##############################################################################
# SLOT 80  |  FR=W81 , BR=W80 , DBR=W82'
##############################################################################

  --- FR Window 81 : Alpha (state metrics after ACS) ---
  Step      S0     S1     S2     S3     S4     S5     S6     S7
     0     336    320    318    358    330    318    324    326
     1     360    334    370    348    362    336    376    364
     2     371    395    379    389    391    371    379    383
     3     407    405    411    391    399    407    419    407
     4     426    438    422    438    446    422    420    434
     5     449    457    461    471    459    447    453    453
     6     478    488    484    476    476    488   -512    474
     7     504   -482    508    496    506   -504    508    500
     8    -453   -501   -481   -495   -485   -487   -497   -487
     9    -433   -475   -473   -477   -437   -459   -461   -481
    10    -405   -447   -431   -433   -433   -415   -451   -429
    11    -398   -396   -382   -402   -402   -390   -388   -398
    12    -369   -361   -371   -357   -373   -345   -325   -361
    13    -337   -311   -349   -339   -335   -323   -335   -313
    14    -325   -307   -323   -309   -293   -301   -299   -295

  --- FR Window 81 : Gamma R4 BMs ---
     0   -24  -14   -2   40   18  -24    8   -2    8   -2   18  -24   -2   40  -24  -14   14   24  -40    2   24  -18    2   -8    2   -8   24  -18  -40    2   14   24
     1    24   14   -4  -34  -18   12   -2    8   -2    8  -18   12   -4  -34   24   14  -14  -24   34    4  -12   18   -8    2   -8    2  -12   18   34    4  -14  -24
     2    11   25  -15  -21  -15   -9   19    5   19    5  -15   -9  -15  -21   11   25  -25  -11   21   15    9   15   -5  -19   -5  -19    9   15   21   15  -25  -11
     3    12  -28   -2   18   14   -6  -24   16  -24   16   14   -6   -2   18   12  -28   28  -12  -18    2    6  -14  -16   24  -16   24    6  -14  -18    2   28  -12
     4    19    7    9  -35  -13   31  -15   -3  -15   -3  -13   31    9  -35   19    7   -7  -19   35   -9  -31   13    3   15    3   15  -31   13   35   -9   -7  -19
     5    -3  -33   25   11  -15   -1   -7   23   -7   23  -15   -1   25   11   -3  -33   33    3  -11  -25    1   15  -23    7  -23    7    1   15  -11  -25   33    3
     6   -11    9   17  -15  -41   -9   35   15   35   15  -41   -9   17  -15  -11    9   -9   11   15  -17    9   41  -15  -35  -15  -35    9   41   15  -17   -9   11
     7   -18   12   20  -14  -32    2   30    0   30    0  -32    2   20  -14  -18   12  -12   18   14  -20   -2   32    0  -30    0  -30   -2   32   14  -20  -12   18
     8    15   29  -13  -31  -17    1   15    1   15    1  -17    1  -13  -31   15   29  -29  -15   31   13   -1   17   -1  -15   -1  -15   -1   17   31   13  -29  -15
     9    20  -16    0   -4    8   12  -28    8  -28    8    8   12    0   -4   20  -16   16  -20    4    0  -12   -8   -8   28   -8   28  -12   -8    4    0   16  -20
    10    28    0  -20   -8  -10  -22    2   30    2   30  -10  -22  -20   -8   28    0    0  -28    8   20   22   10  -30   -2  -30   -2   22   10    8   20    0  -28
    11     7   -3  -17   13  -13  -43   23   33   23   33  -13  -43  -17   13    7   -3    3   -7  -13   17   43   13  -33  -23  -33  -23   43   13  -13   17    3   -7
    12    -3   -1  -29   33    5  -57   27   25   27   25    5  -57  -29   33   -3   -1    1    3  -33   29   57   -5  -25  -27  -25  -27   57   -5  -33   29    1    3
    13   -26  -12   34    4  -22    8   14    0   14    0  -22    8   34    4  -26  -12   12   26   -4  -34   -8   22    0  -14    0  -14   -8   22   -4  -34   12   26
    14   -18  -18   22   14    8   16  -12  -12  -12  -12    8   16   22   14  -18  -18   18   18  -14  -22  -16   -8   12   12   12   12  -16   -8  -14  -22   18   18

  --- DBR Window 82' : Beta trace (backward, data read in reverse) ---
  Step      S0     S1     S2     S3     S4     S5     S6     S7
     0      25     33      9     11      9     11     25     33
     1      29     31     39     41     25     27     53     55
     2      77     51     73     73     59     59     69     69
     3     111     93     85     87     79     77     89     95
     4     128    112    110    112    112    100    104    116
     5     127    143    141    123    133    123    129    127
     6     142    152    150    166    152    168    136    146
     7     168    162    162    158    164    168    186    194
     8     198    190    208    218    190    208    228    220
     9     221    215    255    223    235    243    225    231
    10     247    245    257    281    239    241    263    251
    11     297    287    269    275    271    287    331    287
    12     330    318    332    344    290    300    300    296
    13     334    352    352    334    366    340    344    338
    14     369    363    397    379    369    379    365    363
  Final beta_init for BR:    369    363    397    379    369    379    365    363

  --- BR Window 80 : Beta init ---
     389    399    385    417    385    413    375    377

  --- BR Window 80 : Beta trace (pre-ACS, for LLR compute) ---
  Read order: step 14 down to 0
  Iter RdStep      S0     S1     S2     S3     S4     S5     S6     S7
     0     14     389    399    385    417    385    413    375    377
     1     13     402    414    412    410    450    438    416    428
     2     12     454    446    468    448    446    470    432    432
     3     11     467    463    477    479    459    461    489    471
     4     10     510    488    504    484    490    496    482    498
     5      9    -490   -502   -508   -510    508    510   -506   -504
     6      8    -492   -488   -466   -478   -486   -492   -496   -476
     7      7    -465   -467   -459   -473   -475   -461   -467   -465
     8      6    -442   -448   -428   -432   -436   -422   -450   -450
     9      5    -432   -428   -398   -418   -418   -424   -404   -400
    10      4    -398   -382   -386   -400   -402   -382   -400   -412
    11      3    -367   -377   -373   -373   -355   -381   -363   -373
    12      2    -342   -340   -354   -352   -360   -358   -360   -358
    13      1    -341   -351   -331   -317   -317   -327   -347   -337
    14      0    -298   -298   -314   -322   -306   -302   -306   -318

##############################################################################
# SLOT 81  |  FR=W82 , BR=W81 , DBR=W83'
##############################################################################

  --- FR Window 82 : Alpha (state metrics after ACS) ---
  Step      S0     S1     S2     S3     S4     S5     S6     S7
     0    -278   -274   -282   -266   -292   -274   -300   -262
     1    -260   -242   -254   -270   -260   -250   -242   -262
     2    -239   -229   -241   -251   -233   -237   -253   -245
     3    -189   -223   -209   -203   -215   -221   -205   -201
     4    -193   -195   -177   -199   -191   -185   -169   -191
     5    -174   -156   -170   -160   -184   -164   -150   -164
     6    -110   -152   -150   -114   -130   -156   -148   -116
     7     -90   -106   -110   -128    -94    -90   -120   -132
     8     -87    -65   -101    -83    -81    -99    -79    -89
     9     -50    -62    -70    -68    -54    -70    -64    -64
    10     -33    -41    -39    -47    -51    -47    -45    -37
    11     -25     -7      5    -21    -15    -29    -23    -11
    12      15     15     13     11      9      5     25      3
    13      27     45     35     23     37     23     27     33
    14      52     66     78     52     48     46     58     48

  --- FR Window 82 : Gamma R4 BMs ---
     0     3   29   -1  -31   -3   27    1  -25    1  -25   -3   27   -1  -31    3   29  -29   -3   31    1  -27    3   25   -1   25   -1  -27    3   31    1  -29   -3
     1     0  -18   22   -4  -24    2    2   20    2   20  -24    2   22   -4    0  -18   18    0    4  -22   -2   24  -20   -2  -20   -2   -2   24    4  -22   18    0
     2    -9    3    9   -3  -13   -1   13    1   13    1  -13   -1    9   -3   -9    3   -3    9    3   -9    1   13   -1  -13   -1  -13    1   13    3   -9   -3    9
     3    50    6  -36  -20   10   -6  -24   20  -24   20   10   -6  -36  -20   50    6   -6  -50   20   36    6  -10  -20   24  -20   24    6  -10   20   36   -6  -50
     4   -10    2   16   -8    2   26   -8  -20   -8  -20    2   26   16   -8  -10    2   -2   10    8  -16  -26   -2   20    8   20    8  -26   -2    8  -16   -2   10
     5   -11   -5   -9   25    7  -27   13    7   13    7    7  -27   -9   25  -11   -5    5   11  -25    9   27   -7   -7  -13   -7  -13   27   -7  -25    9    5   11
     6   -26  -34   10   50   18  -22   -2    6   -2    6   18  -22   10   50  -26  -34   34   26  -50  -10   22  -18   -6    2   -6    2   22  -18  -50  -10   34   26
     7    20  -16   -6    2   12    4  -26   10  -26   10   12    4   -6    2   20  -16   16  -20   -2    6   -4  -12  -10   26  -10   26   -4  -12   -2    6   16  -20
     8     3   -9   11   -5    9   25  -23  -11  -23  -11    9   25   11   -5    3   -9    9   -3    5  -11  -25   -9   11   23   11   23  -25   -9    5  -11    9   -3
     9   -11   15   13  -17  -19   11   17   -9   17   -9  -19   11   13  -17  -11   15  -15   11   17  -13  -11   19    9  -17    9  -17  -11   19   17  -13  -15   11
    10    17    1   -1  -17  -23   -7    7   23    7   23  -23   -7   -1  -17   17    1   -1  -17   17    1    7   23  -23   -7  -23   -7    7   23   17    1   -1  -17
    11   -26   16    6    4  -18  -16   38   -4   38   -4  -18  -16    6    4  -26   16  -16   26   -4   -6   16   18    4  -38    4  -38   16   18   -4   -6  -16   26
    12   -14   22   -4   -4  -20  -20   38    2   38    2  -20  -20   -4   -4  -14   22  -22   14    4    4   20   20   -2  -38   -2  -38   20   20    4    4  -22   14
    13   -22   -8   14   16  -12  -14   20    6   20    6  -12  -14   14   16  -22   -8    8   22  -16  -14   14   12   -6  -20   -6  -20   14   12  -16  -14    8   22
    14    25  -21   -1   -3  -11   -9  -13   33  -13   33  -11   -9   -1   -3   25  -21   21  -25    3    1    9   11  -33   13  -33   13    9   11    3    1   21  -25

  --- DBR Window 83' : Beta trace (backward, data read in reverse) ---
  Step      S0     S1     S2     S3     S4     S5     S6     S7
     0      44     28     20     14     20     14     44     28
     1      38     40     72     70     42     40     46     48
     2     106     76     66     66     60     72     74    108
     3     107    105     89    123     95    125    109    107
     4     115    119    127    139    143    155    127    131
     5     146    158    160    160    148    152    168    186
     6     198    178    174    166    194    202    182    194
     7     206    242    220    212    220    212    226    210
     8     243    241    231    251    243    273    229    227
     9     256    254    254    256    266    264    280    282
    10     270    272    298    286    282    284    284    288
    11     326    308    300    284    300    300    300    314
    12     329    329    337    335    345    325    325    329
    13     343    343    353    351    339    343    337    337
    14     377    375    355    363    363    371    367    373
  Final beta_init for BR:    377    375    355    363    363    371    367    373

  --- BR Window 81 : Beta init ---
     369    363    397    379    369    379    365    363

  --- BR Window 81 : Beta trace (pre-ACS, for LLR compute) ---
  Read order: step 14 down to 0
  Iter RdStep      S0     S1     S2     S3     S4     S5     S6     S7
     0     14     369    363    397    379    369    379    365    363
     1     13     387    387    405    413    401    393    391    391
     2     12     419    427    421    413    447    417    403    417
     3     11     448    450    460    476    474    446    454    452
     4     10     483    493    497    491    489    489    483    483
     5      9     511   -497    505    509    511    503   -505   -501
     6      8    -493   -477   -509   -507   -489   -485   -485   -489
     7      7    -478   -464   -458   -468   -458   -468   -462   -476
     8      6    -428   -440   -444   -430   -448   -436   -434   -456
     9      5    -409   -419   -411   -393   -413   -395   -405   -421
    10      4    -380   -388   -384   -390   -368   -380   -388   -388
    11      3    -361   -373   -333   -353   -353   -357   -371   -365
    12      2    -325   -317   -319   -339   -351   -335   -337   -333
    13      1    -300   -300   -328   -322   -312   -318   -298   -312
    14      0    -276   -286   -278   -280   -278   -288   -298   -292

##############################################################################
# SLOT 82  |  FR=W83 , BR=W82 , DBR=W84'
##############################################################################

  --- FR Window 83 : Alpha (state metrics after ACS) ---
  Step      S0     S1     S2     S3     S4     S5     S6     S7
     0      90     82     78     66    102     74     86     84
     1      92    104     82    106     88     94     98    110
     2     115    125    123    109    117    139    133    107
     3     139    161    143    153    151    145    139    141
     4     163    153    171    155    167    169    161    147
     5     176    176    180    174    182    168    170    182
     6     199    199    205    201    191    197    193    193
     7     243    213    219    237    231    217    223    217
     8     245    245    253    249    253    253    273    239
     9     260    286    282    288    270    286    276    276
    10     320    286    292    318    310    288    300    300
    11     335    329    317    305    335    325    321    305
    12     367    355    369    343    333    355    343    349
    13     369    369    375    381    385    361    397    361
    14     413    387    395    441    395    389    397    407

  --- FR Window 83 : Gamma R4 BMs ---
     0   -36    4   12   20    0   -8   24  -16   24  -16    0   -8   12   20  -36    4   -4   36  -20  -12    8    0   16  -24   16  -24    8    0  -20  -12   -4   36
     1     2    2    4   -8    2   14   -8   -8   -8   -8    2   14    4   -8    2    2   -2   -2    8   -4  -14   -2    8    8    8    8  -14   -2    8   -4   -2   -2
     2     3   -1  -11    9   37   17  -29  -25  -29  -25   37   17  -11    9    3   -1    1   -3   -9   11  -17  -37   25   29   25   29  -17  -37   -9   11    1   -3
     3   -26   14   -2   14    0  -16   28  -12   28  -12    0  -16   -2   14  -26   14  -14   26  -14    2   16    0   12  -28   12  -28   16    0  -14    2  -14   26
     4    -6   -2   -2   10   -6  -18   14   10   14   10   -6  -18   -2   10   -6   -2    2    6  -10    2   18    6  -10  -14  -10  -14   18    6  -10    2    2    6
     5    13   11  -13  -11    9    7   -9   -7   -9   -7    9    7  -13  -11   13   11  -11  -13   11   13   -7   -9    7    9    7    9   -7   -9   11   13  -11  -13
     6    -5   -3   19  -11    1   31  -15  -17  -15  -17    1   31   19  -11   -5   -3    3    5   11  -19  -31   -1   17   15   17   15  -31   -1   11  -19    3    5
     7     0   44  -18  -26   -2    6   20  -24   20  -24   -2    6  -18  -26    0   44  -44    0   26   18   -6    2   24  -20   24  -20   -6    2   26   18  -44    0
     8    -8   32  -16   -8   14    6   10  -30   10  -30   14    6  -16   -8   -8   32  -32    8    8   16   -6  -14   30  -10   30  -10   -6  -14    8   16  -32    8
     9    15   -3    5  -17   11   33  -31  -13  -31  -13   11   33    5  -17   15   -3    3  -15   17   -5  -33  -11   13   31   13   31  -33  -11   17   -5    3  -15
    10   -24  -20   12   32    2  -18   10    6   10    6    2  -18   12   32  -24  -20   20   24  -32  -12   18   -2   -6  -10   -6  -10   18   -2  -32  -12   20   24
    11     1   -1  -17   17   19  -15   -3   -1   -3   -1   19  -15  -17   17    1   -1    1   -1  -17   17   15  -19    1    3    1    3   15  -19  -17   17    1   -1
    12    -4   38  -24  -10   -6  -20   34   -8   34   -8   -6  -20  -24  -10   -4   38  -38    4   10   24   20    6    8  -34    8  -34   20    6   10   24  -38    4
    13    -6  -18   -2   26    0  -28    8   20    8   20    0  -28   -2   26   -6  -18   18    6  -26    2   28    0  -20   -8  -20   -8   28    0  -26    2   18    6
    14    44  -10  -14  -20   -2    4  -28   26  -28   26   -2    4  -14  -20   44  -10   10  -44   20   14   -4    2  -26   28  -26   28   -4    2   20   14   10  -44

  --- DBR Window 84' : Beta trace (backward, data read in reverse) ---
  Step      S0     S1     S2     S3     S4     S5     S6     S7
     0      35     19     21     37     21     37     35     19
     1      51     51     67     45     69     47     53     49
     2      97     89     75     77     55     57     81     79
     3      91     95    103    135     99    115    115    109
     4     108    114    130    116    132    146    134    128
     5     139    135    147    147    159    143    151    141
     6     181    169    163    167    155    165    163    161
     7     192    180    176    192    180    178    178    182
     8     230    202    224    216    224    216    232    206
     9     240    246    260    242    244    226    226    224
    10     276    292    276    266    262    268    264    272
    11     293    291    285    285    289    295    305    307
    12     330    328    308    308    318    326    322    318
    13     360    342    346    332    346    338    338    338
    14     363    387    389    379    361    351    359    379
  Final beta_init for BR:    363    387    389    379    361    351    359    379

  --- BR Window 82 : Beta init ---
     377    375    355    363    363    371    367    373

  --- BR Window 82 : Beta trace (pre-ACS, for LLR compute) ---
  Read order: step 14 down to 0
  Iter RdStep      S0     S1     S2     S3     S4     S5     S6     S7
     0     14     377    375    355    363    363    371    367    373
     1     13     402    388    376    378    380    382    394    408
     2     12     396    402    416    418    396    394    416    430
     3     11     454    418    436    436    434    434    440    444
     4     10     474    470    460    458    450    452    456    470
     5      9     491    483    473    479    487    475    477    493
     6      8     490    506    504    496    510    494    500    504
     7      7    -505   -501   -509   -495   -509   -493   -511   -507
     8      6    -485   -485   -497   -503   -489   -493   -475   -467
     9      5    -455   -463   -453   -435   -467   -453   -433   -441
    10      4    -440   -446   -406   -430   -426   -410   -436   -430
    11      3    -414   -416   -404   -380   -414   -412   -390   -402
    12      2    -364   -366   -384   -378   -382   -366   -330   -374
    13      1    -331   -343   -329   -317   -365   -353   -353   -365
    14      0    -327   -309   -309   -327   -295   -321   -317   -323

##############################################################################
# SLOT 83  |  FR=W84 , BR=W83 , DBR=W85'
##############################################################################

  --- FR Window 84 : Alpha (state metrics after ACS) ---
  Step      S0     S1     S2     S3     S4     S5     S6     S7
     0     460    414    446    424    428    414    446    448
     1     490    454    448    476    474    460    454    456
     2    -497    479    475    491    497    479    477    485
     3    -480    500   -484    500   -510   -506   -512    506
     4    -468   -494   -464   -480   -476   -474   -442   -470
     5    -458   -426   -452   -432   -464   -448   -436   -446
     6    -408   -420   -400   -424   -408   -428   -408   -386
     7    -397   -375   -389   -397   -391   -369   -395   -391
     8    -379   -375   -359   -351   -375   -373   -357   -361
     9    -340   -352   -346   -354   -336   -352   -346   -358
    10    -341   -337   -335   -339   -333   -321   -331   -339
    11    -301   -319   -317   -283   -305   -311   -313   -295
    12    -285   -283   -271   -261   -275   -289   -277   -275
    13    -239   -271   -243   -243   -253   -261   -257   -245
    14    -232   -222   -204   -226   -222   -224   -206   -232

  --- FR Window 84 : Gamma R4 BMs ---
     0   -41   -7   29   19   -5    5   17  -17   17  -17   -5    5   29   19  -41   -7    7   41  -19  -29   -5    5   17  -17   17  -17   -5    5  -19  -29    7   41
     1    30   12  -14  -28   -4   10  -12    6  -12    6   -4   10  -14  -28   30   12  -12  -30   28   14  -10    4   -6   12   -6   12  -10    4   28   14  -12  -30
     2    37   -7  -19  -11    5   -3  -23   21  -23   21    5   -3  -19  -11   37   -7    7  -37   11   19    3   -5  -21   23  -21   23    3   -5   11   19    7  -37
     3    17   15  -23   -9   -7  -21   13   15   13   15   -7  -21  -23   -9   17   15  -15  -17    9   23   21    7  -15  -13  -15  -13   21    7    9   23  -15  -17
     4   -48    6   16   26   16    6   16  -38   16  -38   16    6   16   26  -48    6   -6   48  -26  -16   -6  -16   38  -16   38  -16   -6  -16  -26  -16   -6   48
     5    10    4  -16    2  -10  -28   16   22   16   22  -10  -28  -16    2   10    4   -4  -10   -2   16   28   10  -22  -16  -22  -16   28   10   -2   16   -4  -10
     6    -6  -50   32   24   -8    0  -18   26  -18   26   -8    0   32   24   -6  -50   50    6  -24  -32    0    8  -26   18  -26   18    0    8  -24  -32   50    6
     7    11  -17   -5   11   11   -5  -17   11  -17   11   11   -5   -5   11   11  -17   17  -11  -11    5    5  -11  -11   17  -11   17    5  -11  -11    5   17  -11
     8    12  -22   -8   18   14  -12  -18   16  -18   16   14  -12   -8   18   12  -22   22  -12  -18    8   12  -14  -16   18  -16   18   12  -14  -18    8   22  -12
     9    -3    7  -15   11   13  -13    5   -5    5   -5   13  -13  -15   11   -3    7   -7    3  -11   15   13  -13    5   -5    5   -5   13  -13  -11   15   -7    3
    10    -1   -7   -3   11   -1  -15    5   11    5   11   -1  -15   -3   11   -1   -7    7    1  -11    3   15    1  -11   -5  -11   -5   15    1  -11    3    7    1
    11    -8  -36    6   38   10  -22   -8   20   -8   20   10  -22    6   38   -8  -36   36    8  -38   -6   22  -10  -20    8  -20    8   22  -10  -38   -6   36    8
    12   -20   34   -8   -6   -2   -4   30  -24   30  -24   -2   -4   -8   -6  -20   34  -34   20    6    8    4    2   24  -30   24  -30    4    2    6    8  -34   20
    13   -30  -12   32   10   -4   18    2  -16    2  -16   -4   18   32   10  -30  -12   12   30  -10  -32  -18    4   16   -2   16   -2  -18    4  -10  -32   12   30
    14    -9   19   11  -21  -37   -5   35    7   35    7  -37   -5   11  -21   -9   19  -19    9   21  -11    5   37   -7  -35   -7  -35    5   37   21  -11  -19    9

  --- DBR Window 85' : Beta trace (backward, data read in reverse) ---
  Step      S0     S1     S2     S3     S4     S5     S6     S7
     0      13     11      9     15      9     15     13     11
     1      25     53     45     25     47     27     27     55
     2      57     69     61     61     69     69     65     77
     3      88     92     96     82    100     88     96    100
     4     102    106    124    124    120    124     98    106
     5     134    130    124    138    140    124    132    136
     6     159    155    151    147    149    153    151    153
     7     164    182    176    206    178    194    168    186
     8     177    185    191    183    201    203    219    211
     9     211    209    215    249    225    233    217    219
    10     235    239    225    237    263    253    235    247
    11     256    264    278    254    262    262    268    260
    12     311    295    283    293    281    291    309    281
    13     324    316    346    324    328    312    306    314
    14     357    357    351    347    351    341    329    343
  Final beta_init for BR:    357    357    351    347    351    341    329    343

  --- BR Window 83 : Beta init ---
     363    387    389    379    361    351    359    379

  --- BR Window 83 : Beta trace (pre-ACS, for LLR compute) ---
  Read order: step 14 down to 0
  Iter RdStep      S0     S1     S2     S3     S4     S5     S6     S7
     0     14     363    387    389    379    361    351    359    379
     1     13     407    415    387    393    399    393    423    413
     2     12     417    415    451    433    421    419    431    435
     3     11     485    455    451    445    445    459    449    471
     4     10     486    484    470    502    474    488    472    470
     5      9     494    498    498   -506   -510   -490    494    494
     6      8    -507   -499   -493   -493   -501   -493   -477   -459
     7      7    -447   -475   -479   -485   -451   -443   -463   -451
     8      6    -439   -403   -425   -433   -425   -433   -419   -441
     9      5    -402   -404   -414   -394   -402   -372   -416   -418
    10      4    -389   -391   -391   -389   -379   -381   -365   -363
    11      3    -375   -373   -347   -359   -363   -361   -361   -357
    12      2    -319   -337   -345   -361   -345   -345   -345   -331
    13      1    -316   -316   -308   -310   -300   -320   -320   -316
    14      0    -302   -302   -292   -294   -306   -302   -308   -308

##############################################################################
# SLOT 84  |  FR=W85 , BR=W84 , DBR=W86'
##############################################################################

  --- FR Window 85 : Alpha (state metrics after ACS) ---
  Step      S0     S1     S2     S3     S4     S5     S6     S7
     0    -177   -195   -213   -195   -193   -203   -205   -191
     1    -164   -172   -166   -186   -164   -156   -176   -172
     2    -139   -155   -155   -119   -115   -155   -155   -127
     3    -134   -116    -96   -106   -128   -120   -118   -100
     4     -82    -92   -108   -102    -98   -100    -86    -86
     5     -80    -76    -72    -70    -76    -70    -72    -78
     6     -67    -69    -67    -59    -59    -61    -61    -63
     7     -12    -38    -46    -14    -36    -34    -42    -30
     8     -23    -11      9    -15    -23    -15     15    -15
     9       1     25      9     23     11      9     25      3
    10      51     39     37     37     47     35     33     33
    11      76     54     56     86     70     52     54     56
    12     102     86    102     86     86     76     98     78
    13     126    114    118    118    138    110    114    122
    14     125    147    133    145    129    133    139    137

  --- FR Window 85 : Gamma R4 BMs ---
     0   -29  -15   27   17   -9    1   11   -3   11   -3   -9    1   27   17  -29  -15   15   29  -17  -27   -1    9    3  -11    3  -11   -1    9  -17  -27   15   29
     1    13    5  -31   13    7  -37   11   19   11   19    7  -37  -31   13   13    5   -5  -13  -13   31   37   -7  -19  -11  -19  -11   37   -7  -13   31   -5  -13
     2   -15  -49   27   37    5   -5  -17   17  -17   17    5   -5   27   37  -15  -49   49   15  -37  -27    5   -5  -17   17  -17   17    5   -5  -37  -27   49   15
     3    -1    7    9  -15   -1   23   -7  -15   -7  -15   -1   23    9  -15   -1    7   -7    1   15   -9  -23    1   15    7   15    7  -23    1   15   -9   -7    1
     4   -14   -2   14    2  -20   -8   20    8   20    8  -20   -8   14    2  -14   -2    2   14   -2  -14    8   20   -8  -20   -8  -20    8   20   -2  -14    2   14
     5    -8   -6   28  -14  -30   12   10    8   10    8  -30   12   28  -14   -8   -6    6    8   14  -28  -12   30   -8  -10   -8  -10  -12   30   14  -28    6    8
     6    13    5   -5  -13   -9   -1    1    9    1    9   -9   -1   -5  -13   13    5   -5  -13   13    5    1    9   -9   -1   -9   -1    1    9   13    5   -5  -13
     7   -33  -15    1   47   21  -25   11   -7   11   -7   21  -25    1   47  -33  -15   15   33  -47   -1   25  -21    7  -11    7  -11   25  -21  -47   -1   15   33
     8   -15   15   11  -11    1   23    3  -27    3  -27    1   23   11  -11  -15   15  -15   15   11  -11  -23   -1   27   -3   27   -3  -23   -1   11  -11  -15   15
     9     8   12  -18   -2    0  -16   10    6   10    6    0  -16  -18   -2    8   12  -12   -8    2   18   16    0   -6  -10   -6  -10   16    0    2   18  -12   -8
    10    -6    2  -24   28   28  -24    2   -6    2   -6   28  -24  -24   28   -6    2   -2    6  -28   24   24  -28    6   -2    6   -2   24  -28  -28   24   -2    6
    11   -23  -19   39    3  -17   19    1   -3    1   -3  -17   19   39    3  -23  -19   19   23   -3  -39  -19   17    3   -1    3   -1  -19   17   -3  -39   19   23
    12   -22  -10   16   16   16   16  -10  -22  -10  -22   16   16   16   16  -22  -10   10   22  -16  -16  -16  -16   22   10   22   10  -16  -16  -16  -16   10   22
    13    12   40  -16  -36  -12    8   16  -12   16  -12  -12    8  -16  -36   12   40  -40  -12   36   16   -8   12   12  -16   12  -16   -8   12   36   16  -40  -12
    14    -5   -3    7    1    9   15  -11  -13  -11  -13    9   15    7    1   -5   -3    3    5   -1   -7  -15   -9   13   11   13   11  -15   -9   -1   -7    3    5

  --- DBR Window 86' : Beta trace (backward, data read in reverse) ---
  Step      S0     S1     S2     S3     S4     S5     S6     S7
     0      32     12     14     34     14     34     32     12
     1      47     43     41     47     43     49     49     43
     2      63     61     83     69     83     69     65     61
     3     107    101     99    109    105     87     85     83
     4     113    127    117    115    119    117    115    123
     5     146    146    128    136    130    140    156    148
     6     181    177    151    147    169    163    165    167
     7     183    177    185    193    183    177    183    189
     8     221    201    203    213    197    205    215    211
     9     238    260    226    216    240    228    228    252
    10     267    253    261    251    295    277    267    263
    11     303    289    297    315    289    283    285    299
    12     322    314    314    314    326    326    332    312
    13     366    358    352    338    344    330    352    352
    14     374    382    382    392    386    370    380    366
  Final beta_init for BR:    374    382    382    392    386    370    380    366

  --- BR Window 84 : Beta init ---
     357    357    351    347    351    341    329    343

  --- BR Window 84 : Beta trace (pre-ACS, for LLR compute) ---
  Read order: step 14 down to 0
  Iter RdStep      S0     S1     S2     S3     S4     S5     S6     S7
     0     14     357    357    351    347    351    341    329    343
     1     13     386    376    372    366    364    378    392    366
     2     12     408    394    418    396    398    394    394    396
     3     11     448    442    416    414    402    404    424    430
     4     10     440    436    454    486    452    452    466    462
     5      9     459    465    481    467    483    497    485    479
     6      8     490    486    498    498    510    494    502    492
     7      7    -492   -504   -510   -506    506   -508   -510   -512
     8      6    -481   -493   -497   -481   -493   -495   -495   -491
     9      5    -443   -471   -449   -457   -449   -457   -441   -467
    10      4    -433   -427   -413   -431   -429   -447   -447   -449
    11      3    -397   -381   -397   -407   -411   -405   -409   -401
    12      2    -380   -382   -388   -388   -384   -378   -368   -366
    13      1    -343   -345   -365   -365   -355   -347   -351   -355
    14      0    -313   -331   -327   -341   -327   -335   -335   -335

##############################################################################
# SLOT 85  |  FR=W86 , BR=W85 , DBR=W87'
##############################################################################

  --- FR Window 86 : Alpha (state metrics after ACS) ---
  Step      S0     S1     S2     S3     S4     S5     S6     S7
     0     163    161    155    153    167    173    185    163
     1     185    189    169    197    203    189    187    225
     2     208    240    204    214    218    254    218    220
     3     236    254    240    276    234    242    262    274
     4     283    269    293    289    287    301    275    285
     5     308    314    302    324    322    300    306    318
     6     332    340    352    336    326    344    346    330
     7     348    352    354    356    346    346    372    354
     8     383    373    371    385    375    397    373    367
     9     406    402    412    400    402    396    400    414
    10     422    412    416    428    424    428    434    436
    11     452    454    454    460    446    450    432    458
    12     470    468    474    472    486    480    488    476
    13     487    511    493    495    497    503    485    505
    14    -503   -509   -503   -507   -495   -507   -501   -487

  --- FR Window 86 : Gamma R4 BMs ---
     0     2   16   16  -34  -40   10   22    8   22    8  -40   10   16  -34    2   16  -16   -2   34  -16  -10   40   -8  -22   -8  -22  -10   40   34  -16  -16   -2
     1    -6  -40   30   16    2   16  -26    8  -26    8    2   16   30   16   -6  -40   40    6  -16  -30  -16   -2   -8   26   -8   26  -16   -2  -16  -30   40    6
     2    11  -33   11   11    7    7  -29   15  -29   15    7    7   11   11   11  -33   33  -11  -11  -11   -7   -7  -15   29  -15   29   -7   -7  -11  -11   33  -11
     3     6   -8  -20   22   36   -6  -22   -8  -22   -8   36   -6  -20   22    6   -8    8   -6  -22   20    6  -36    8   22    8   22    6  -36  -22   20    8   -6
     4   -11   15  -11    7   35   17  -13  -39  -13  -39   35   17  -11    7  -11   15  -15   11   -7   11  -17  -35   39   13   39   13  -17  -35   -7   11  -15   11
     5     7   39  -17  -29    1   13    9  -23    9  -23    1   13  -17  -29    7   39  -39   -7   29   17  -13   -1   23   -9   23   -9  -13   -1   29   17  -39   -7
     6   -12   18    2   -8   18   28   -8  -38   -8  -38   18   28    2   -8  -12   18  -18   12    8   -2  -28  -18   38    8   38    8  -28  -18    8   -2  -18   12
     7     2   -4  -10   12    2  -20    6   12    6   12    2  -20  -10   12    2   -4    4   -2  -12   10   20   -2  -12   -6  -12   -6   20   -2  -12   10    4   -2
     8     5   31  -15  -21    9   15    1  -25    1  -25    9   15  -15  -21    5   31  -31   -5   21   15  -15   -9   25   -1   25   -1  -15   -9   21   15  -31   -5
     9   -13   33  -17   -3    1  -13   29  -17   29  -17    1  -13  -17   -3  -13   33  -33   13    3   17   13   -1   17  -29   17  -29   13   -1    3   17  -33   13
    10   -22   14   10   -2    4   16    8  -28    8  -28    4   16   10   -2  -22   14  -14   22    2  -10  -16   -4   28   -8   28   -8  -16   -4    2  -10  -14   22
    11   -18  -24   36    6   -4   26  -14   -8  -14   -8   -4   26   36    6  -18  -24   24   18   -6  -36  -26    4    8   14    8   14  -26    4   -6  -36   24   18
    12     2   14  -26   10    2  -34   22   10   22   10    2  -34  -26   10    2   14  -14   -2  -10   26   34   -2  -10  -22  -10  -22   34   -2  -10   26  -14   -2
    13   -29    9    5   15    1   -9   23  -15   23  -15    1   -9    5   15  -29    9   -9   29  -15   -5    9   -1   15  -23   15  -23    9   -1  -15   -5   -9   29
    14    32   10  -34   -8   14  -12  -12   10  -12   10   14  -12  -34   -8   32   10  -10  -32    8   34   12  -14  -10   12  -10   12   12  -14    8   34  -10  -32

  --- DBR Window 87' : Beta trace (backward, data read in reverse) ---
  Step      S0     S1     S2     S3     S4     S5     S6     S7
     0      19     15     37     47     37     47     19     15
     1      62     60     44     42     64     66     58     60
     2      87     81    107     73    103     87     69     75
     3     115    117    127    121    113    101     87     91
     4     148    146    128    132    118    122    138    152
     5     141    139    169    187    153    171    171    173
     6     198    176    194    168    194    204    180    202
     7     221    217    223    209    209    233    205    225
     8     226    230    240    240    230    230    242    246
     9     268    260    272    258    260    272    258    276
    10     308    288    278    280    292    290    296    304
    11     341    317    303    309    315    321    313    311
    12     338    342    348    384    346    352    334    338
    13     364    382    358    358    404    404    368    380
    14     392    396    434    394    410    418    422    418
  Final beta_init for BR:    392    396    434    394    410    418    422    418

  --- BR Window 85 : Beta init ---
     374    382    382    392    386    370    380    366

  --- BR Window 85 : Beta trace (pre-ACS, for LLR compute) ---
  Read order: step 14 down to 0
  Iter RdStep      S0     S1     S2     S3     S4     S5     S6     S7
     0     14     374    382    382    392    386    370    380    366
     1     13     393    391    391    397    399    397    387    389
     2     12     407    433    435    415    425    409    409    437
     3     11     435    447    451    451    449    449    447    459
     4     10     468    472    474    470    490    466    478    482
     5      9     488    496    502   -510    500    506    480    488
     6      8    -512    508    502   -506   -502   -512   -502   -498
     7      7    -475   -487   -491   -499   -487   -493   -485   -483
     8      6    -472   -454   -460   -428   -466   -452   -468   -450
     9      5    -459   -451   -453   -459   -433   -441   -415   -423
    10      4    -423   -425   -419   -385   -409   -411   -417   -415
    11      3    -399   -395   -409   -397   -371   -383   -399   -387
    12      2    -378   -370   -356   -380   -372   -372   -368   -376
    13      1    -323   -339   -351   -341   -353   -343   -327   -353
    14      0    -310   -318   -290   -310   -306   -322   -328   -320

##############################################################################
# SLOT 86  |  FR=W87 , BR=W86 , DBR=W88'
##############################################################################

  --- FR Window 87 : Alpha (state metrics after ACS) ---
  Step      S0     S1     S2     S3     S4     S5     S6     S7
     0    -493   -471   -471   -475   -473   -473   -485   -465
     1    -451   -469   -471   -453   -435   -469   -471   -429
     2    -410   -424   -442   -426   -428   -410   -446   -402
     3    -377   -385   -407   -407   -405   -381   -403   -393
     4    -379   -367   -341   -369   -357   -363   -379   -365
     5    -337   -351   -341   -331   -337   -327   -311   -335
     6    -312   -312   -328   -308   -320   -306   -332   -294
     7    -303   -295   -285   -289   -289   -277   -279   -271
     8    -272   -250   -274   -256   -272   -266   -262   -248
     9    -217   -237   -239   -227   -229   -241   -243   -227
    10    -206   -222   -196   -196   -220   -216   -190   -210
    11    -168   -194   -176   -188   -178   -194   -170   -178
    12    -143   -167   -161   -145   -133   -167   -165   -135
    13    -126   -112   -144   -138   -118   -116   -144   -140
    14    -107    -69    -91    -81   -103   -103    -97    -95

  --- FR Window 87 : Gamma R4 BMs ---
     0     8   12   10  -30   -4   36  -14  -18  -14  -18   -4   36   10  -30    8   12  -12   -8   30  -10  -36    4   18   14   18   14  -36    4   30  -10  -12   -8
     1   -36   -4   20   20    0    0   16  -16   16  -16    0    0   20   20  -36   -4    4   36  -20  -20    0    0   16  -16   16  -16    0    0  -20  -20    4   36
     2   -27  -23    7   43   11  -25    9    5    9    5   11  -25    7   43  -27  -23   23   27  -43   -7   25  -11   -5   -9   -5   -9   25  -11  -43   -7   23   27
     3    33   -5  -17  -11    5   -1  -21   17  -21   17    5   -1  -17  -11   33   -5    5  -33   11   17    1   -5  -17   21  -17   21    1   -5   11   17    5  -33
     4   -28    6   10   12  -18  -20   36    2   36    2  -18  -20   10   12  -28    6   -6   28  -12  -10   20   18   -2  -36   -2  -36   20   18  -12  -10   -6   28
     5   -30   -4    2   32    0  -30   28    2   28    2    0  -30    2   32  -30   -4    4   30  -32   -2   30    0   -2  -28   -2  -28   30    0  -32   -2    4   30
     6   -21  -17   19   19    3    3   -1   -5   -1   -5    3    3   19   19  -21  -17   17   21  -19  -19   -3   -3    5    1    5    1   -3   -3  -19  -19   17   21
     7   -23    5   25   -7  -29    3   27   -1   27   -1  -29    3   25   -7  -23    5   -5   23    7  -25   -3   29    1  -27    1  -27   -3   29    7  -25   -5   23
     8   -23   15   -9   17    3  -23   29   -9   29   -9    3  -23   -9   17  -23   15  -15   23  -17    9   23   -3    9  -29    9  -29   23   -3  -17    9  -15   23
     9   -21  -19    1   39    7  -31   13   11   13   11    7  -31    1   39  -21  -19   19   21  -39   -1   31   -7  -11  -13  -11  -13   31   -7  -39   -1   19   21
    10   -17   31   -5   -9    1    5   21  -27   21  -27    1    5   -5   -9  -17   31  -31   17    9    5   -5   -1   27  -21   27  -21   -5   -1    9    5  -31   17
    11     2  -12  -18   28   20  -26   -4   10   -4   10   20  -26  -18   28    2  -12   12   -2  -28   18   26  -20  -10    4  -10    4   26  -20  -28   18   12   -2
    12    25   19   -1  -43  -15   27   -9   -3   -9   -3  -15   27   -1  -43   25   19  -19  -25   43    1  -27   15    3    9    3    9  -27   15   43    1  -19  -25
    13    11  -25   -5   19    7  -17  -13   23  -13   23    7  -17   -5   19   11  -25   25  -11  -19    5   17   -7  -23   13  -23   13   17   -7  -19    5   25  -11
    14    -9   -5   37  -23  -13   47  -15  -19  -15  -19  -13   47   37  -23   -9   -5    5    9   23  -37  -47   13   19   15   19   15  -47   13   23  -37    5    9

  --- DBR Window 88' : Beta trace (backward, data read in reverse) ---
  Step      S0     S1     S2     S3     S4     S5     S6     S7
     0      23     11     15     19     15     19     23     11
     1      30     40     44     42     40     38     26     36
     2      55     49     79     61     75     57     67     61
     3      90     82    104     86     74     72     80     70
     4     124    114     94    106     90     88    102    110
     5     144    128    124    126    110    118    126    148
     6     174    154    136    132    174    162    156    136
     7     188    218    214    192    172    174    176    180
     8     235    225    205    203    209    207    239    229
     9     284    256    246    236    238    256    252    254
    10     291    299    299    289    265    275    295    289
    11     304    312    328    334    314    332    312    312
    12     355    339    353    337    373    355    339    343
    13     403    385    369    383    367    365    373    359
    14     406    400    398    408    384    388    396    402
  Final beta_init for BR:    406    400    398    408    384    388    396    402

  --- BR Window 86 : Beta init ---
     392    396    434    394    410    418    422    418

  --- BR Window 86 : Beta trace (pre-ACS, for LLR compute) ---
  Read order: step 14 down to 0
  Iter RdStep      S0     S1     S2     S3     S4     S5     S6     S7
     0     14     392    396    434    394    410    418    422    418
     1     13     424    444    448    444    430    452    426    430
     2     12     471    459    449    439    461    459    467    459
     3     11     473    485    501    487    493    485    481    469
     4     10    -507    511    509   -497   -501    511    493    499
     5      9    -503   -479   -497   -499   -487   -497   -485   -483
     6      8    -468   -470   -472   -470   -478   -466   -450   -466
     7      7    -425   -437   -457   -457   -445   -451   -441   -439
     8      6    -423   -429   -421   -413   -431   -429   -431   -425
     9      5    -393   -405   -403   -393   -411   -401   -391   -395
    10      4    -368   -354   -382   -390   -366   -378   -378   -354
    11      3    -339   -353   -347   -355   -319   -337   -339   -343
    12      2    -311   -317   -311   -299   -317   -323   -329   -315
    13      1    -284   -296   -300   -300   -288   -288   -282   -294
    14      0    -248   -256   -254   -268   -270   -280   -254   -262

##############################################################################
# SLOT 87  |  FR=W88 , BR=W87 , DBR=W89'
##############################################################################

  --- FR Window 88 : Alpha (state metrics after ACS) ---
  Step      S0     S1     S2     S3     S4     S5     S6     S7
     0     -72    -78    -52    -94    -72    -84    -72    -94
     1     -38    -70    -50    -56    -42    -60    -40    -42
     2     -35    -13    -11    -33    -33     -1     -9    -35
     3      10     -4      4     42      2      0     22     14
     4      47     33     61     29     31     61     49     49
     5      72     92     74     70     68     94     92     74
     6      91    113    103    109    113    111     89    103
     7     143    121    119    153    157    123    121    147
     8     173    155    161    157    167    159    157    183
     9     193    217    189    177    187    189    183    171
    10     241    203    213    195    219    205    199    207
    11     234    244    238    216    232    222    264    216
    12     251    267    273    265    243    293    267    257
    13     294    296    274    312    292    292    270    282
    14     331    291    307    311    317    297    313    293

  --- FR Window 88 : Gamma R4 BMs ---
     0     3   -3   -5    5   -9  -19   11   17   11   17   -9  -19   -5    5    3   -3    3   -3   -5    5   19    9  -17  -11  -17  -11   19    9   -5    5    3   -3
     1   -12  -30   14   28    2  -12   -4   14   -4   14    2  -12   14   28  -12  -30   30   12  -28  -14   12   -2  -14    4  -14    4   12   -2  -28  -14   30   12
     2    -7    9  -23   21    3  -41   27   11   27   11    3  -41  -23   21   -7    9   -9    7  -21   23   41   -3  -11  -27  -11  -27   41   -3  -21   23   -9    7
     3   -15  -23   -5   43   15  -33    5   13    5   13   15  -33   -5   43  -15  -23   23   15  -43    5   33  -15  -13   -5  -13   -5   33  -15  -43    5   23   15
     4   -35   15   15    5    9   19   11  -39   11  -39    9   19   15    5  -35   15  -15   35   -5  -15  -19   -9   39  -11   39  -11  -19   -9   -5  -15  -15   35
     5   -25   21   11   -7   13   31    1  -45    1  -45   13   31   11   -7  -25   21  -21   25    7  -11  -31  -13   45   -1   45   -1  -31  -13    7  -11  -21   25
     6   -21  -11   17   15  -17  -15   21   11   21   11  -17  -15   17   15  -21  -11   11   21  -15  -17   15   17  -11  -21  -11  -21   15   17  -15  -17   11   21
     7   -44  -14   40   18  -12   10   16  -14   16  -14  -12   10   40   18  -44  -14   14   44  -18  -40  -10   12   14  -16   14  -16  -10   12  -18  -40   14   44
     8    30   10  -14  -26   -4    8  -12    8  -12    8   -4    8  -14  -26   30   10  -10  -30   26   14   -8    4   -8   12   -8   12   -8    4   26   14  -10  -30
     9    20  -14   -8    2  -12  -22    0   34    0   34  -12  -22   -8    2   20  -14   14  -20   -2    8   22   12  -34    0  -34    0   22   12   -2    8   14  -20
    10    -2   24   -2  -20  -16    2   20   -6   20   -6  -16    2   -2  -20   -2   24  -24    2   20    2   -2   16    6  -20    6  -20   -2   16   20    2  -24    2
    11    -7    9  -11    9   25    5   -7  -23   -7  -23   25    5  -11    9   -7    9   -9    7   -9   11   -5  -25   23    7   23    7   -5  -25   -9   11   -9    7
    12     1    7  -13    5   35   17  -23  -29  -23  -29   35   17  -13    5    1    7   -7   -1   -5   13  -17  -35   29   23   29   23  -17  -35   -5   13   -7   -1
    13   -25  -15   21   19    1    3    3   -7    3   -7    1    3   21   19  -25  -15   15   25  -19  -21   -3   -1    7   -3    7   -3   -3   -1  -19  -21   15   25
    14   -11  -23   15   19   -1   -5   -3    9   -3    9   -1   -5   15   19  -11  -23   23   11  -19  -15    5    1   -9    3   -9    3    5    1  -19  -15   23   11

  --- DBR Window 89' : Beta trace (backward, data read in reverse) ---
  Step      S0     S1     S2     S3     S4     S5     S6     S7
     0      36     26     14     12     14     12     36     26
     1      71     53     49     35     31     47     47     53
     2      54     62     78     94     62     58     62     74
     3      93     89     95     95     89    135     83    101
     4     106    106    102    102    134    134    136    136
     5     169    173    129    129    131    131    171    171
     6     211    193    177    165    181    193    185    199
     7     211    219    235    207    211    223    219    219
     8     239    237    245    241    231    235    243    233
     9     271    275    257    259    259    251    263    277
    10     279    275    285    299    303    287    289    293
    11     316    336    298    306    318    310    306    326
    12     338    346    326    322    342    346    352    344
    13     352    356    370    370    368    372    346    350
    14     397    391    383    383    375    375    393    409
  Final beta_init for BR:    397    391    383    383    375    375    393    409

  --- BR Window 87 : Beta init ---
     406    400    398    408    384    388    396    402

  --- BR Window 87 : Beta trace (pre-ACS, for LLR compute) ---
  Read order: step 14 down to 0
  Iter RdStep      S0     S1     S2     S3     S4     S5     S6     S7
     0     14     406    400    398    408    384    388    396    402
     1     13     415    411    443    445    445    447    407    411
     2     12     470    466    450    450    464    464    456    460
     3     11     495    489    507    477    503    493    475    473
     4     10    -509   -507   -497   -501   -505    505    485    499
     5      9    -476   -478   -496   -492   -506   -502   -486   -470
     6      8    -483   -485   -455   -437   -471   -453   -451   -449
     7      7    -426   -448   -428   -454   -430   -420   -444   -422
     8      6    -401   -407   -401   -415   -415   -391   -419   -399
     9      5    -398   -394   -382   -382   -394   -394   -382   -378
    10      4    -354   -364   -352   -366   -364   -350   -366   -348
    11      3    -316   -336   -344   -342   -330   -332   -328   -320
    12      2    -283   -307   -319   -313   -309   -303   -309   -311
    13      1    -286   -282   -276   -240   -278   -270   -288   -284
    14      0    -260   -242   -266   -266   -220   -220   -254   -244

##############################################################################
# SLOT 88  |  FR=W89 , BR=W88 , DBR=W90'
##############################################################################

  --- FR Window 89 : Alpha (state metrics after ACS) ---
  Step      S0     S1     S2     S3     S4     S5     S6     S7
     0     330    340    358    332    326    334    352    332
     1     346    348    380    362    360    352    376    362
     2     378    392    386    392    388    408    378    380
     3     405    409    409    419    425    425    409    413
     4     423    431    427    439    435    461    455    451
     5     467    481    449    487    453    477    455    471
     6     507    483    493    497    503    475    487    493
     7    -507    505   -497   -497    505   -511   -491   -509
     8    -489   -479   -477   -485   -491   -451   -467   -481
     9    -464   -444   -456   -442   -454   -444   -442   -432
    10    -431   -433   -441   -419   -429   -431   -443   -431
    11    -378   -412   -416   -390   -406   -400   -412   -404
    12    -367   -397   -373   -377   -369   -399   -371   -383
    13    -360   -362   -356   -356   -370   -336   -332   -356
    14    -324   -332   -342   -296   -342   -330   -336   -322

  --- FR Window 89 : Gamma R4 BMs ---
     0    -9   39  -15  -15   -3   -3   27  -21   27  -21   -3   -3  -15  -15   -9   39  -39    9   15   15    3    3   21  -27   21  -27    3    3   15   15  -39    9
     1    10    6  -28   12   22  -18   -4    0   -4    0   22  -18  -28   12   10    6   -6  -10  -12   28   18  -22    0    4    0    4   18  -22  -12   28   -6  -10
     2   -18   30   -4   -8    6   10   16  -32   16  -32    6   10   -4   -8  -18   30  -30   18    8    4  -10   -6   32  -16   32  -16  -10   -6    8    4  -30   18
     3   -33    3   19   11  -17   -9   31   -5   31   -5  -17   -9   19   11  -33    3   -3   33  -11  -19    9   17    5  -31    5  -31    9   17  -11  -19   -3   33
     4     8    4   14  -26  -36    4   14   18   14   18  -36    4   14  -26    8    4   -4   -8   26  -14   -4   36  -18  -14  -18  -14   -4   36   26  -14   -4   -8
     5     0   36  -10  -26  -16    0   26  -10   26  -10  -16    0  -10  -26    0   36  -36    0   26   10    0   16   10  -26   10  -26    0   16   26   10  -36    0
     6     2   26  -16  -12   10    6    4  -20    4  -20   10    6  -16  -12    2   26  -26   -2   12   16   -6  -10   20   -4   20   -4   -6  -10   12   16  -26   -2
     7   -20    8   24  -12   -6   30    2  -26    2  -26   -6   30   24  -12  -20    8   -8   20   12  -24  -30    6   26   -2   26   -2  -30    6   12  -24   -8   20
     8   -28   24    8   -4    8   20   12  -40   12  -40    8   20    8   -4  -28   24  -24   28    4   -8  -20   -8   40  -12   40  -12  -20   -8    4   -8  -24   28
     9    25  -35    5    5    7    7  -37   23  -37   23    7    7    5    5   25  -35   35  -25   -5   -5   -7   -7  -23   37  -23   37   -7   -7   -5   -5   35  -25
    10    13   13  -13  -13    1    1   -1   -1   -1   -1    1    1  -13  -13   13   13  -13  -13   13   13   -1   -1    1    1    1    1   -1   -1   13   13  -13  -13
    11   -27   -9   -5   41   17  -29   15   -3   15   -3   17  -29   -5   41  -27   -9    9   27  -41    5   29  -17    3  -15    3  -15   29  -17  -41    5    9   27
    12   -21   -9    7   23    9   -7    5   -7    5   -7    9   -7    7   23  -21   -9    9   21  -23   -7    7   -9    7   -5    7   -5    7   -9  -23   -7    9   21
    13   -27   17   13   -3    5   21    9  -35    9  -35    5   21   13   -3  -27   17  -17   27    3  -13  -21   -5   35   -9   35   -9  -21   -5    3  -13  -17   27
    14    36  -10  -12  -14    2    4  -26   20  -26   20    2    4  -12  -14   36  -10   10  -36   14   12   -4   -2  -20   26  -20   26   -4   -2   14   12   10  -36

  --- DBR Window 90' : Beta trace (backward, data read in reverse) ---
  Step      S0     S1     S2     S3     S4     S5     S6     S7
     0       7     11     15     19     15     19      7     11
     1      60     32     32     32     44     44     56     42
     2      58     64     82     64     54     52     54     52
     3     103     97     83     97     81     79    109     83
     4     121    155    109    113    123    115    115    125
     5     145    149    145    145    163    163    149    151
     6     184    178    176    190    170    194    198    180
     7     206    230    198    212    204    214    204    226
     8     215    213    233    227    255    259    227    231
     9     240    240    282    258    258    270    260    260
    10     316    294    282    284    292    294    274    276
    11     309    321    337    309    305    329    321    303
    12     345    357    355    341    363    339    331    341
    13     371    373    377    369    373    371    367    365
    14     404    410    390    390    386    386    408    408
  Final beta_init for BR:    404    410    390    390    386    386    408    408

  --- BR Window 88 : Beta init ---
     397    391    383    383    375    375    393    409

  --- BR Window 88 : Beta trace (pre-ACS, for LLR compute) ---
  Read order: step 14 down to 0
  Iter RdStep      S0     S1     S2     S3     S4     S5     S6     S7
     0     14     397    391    383    383    375    375    393    409
     1     13     398    396    412    416    398    402    432    420
     2     12     439    429    429    431    437    435    435    445
     3     11     464    458    464    450    464    458    464    458
     4     10     487    473    489    475    483    469    481    465
     5      9     509    511    503    497    485    485    493    499
     6      8    -495   -487   -509    511    507    507   -507   -479
     7      7    -465   -485   -491   -501   -453   -465   -483   -479
     8      6    -439   -409   -425   -447   -461   -453   -451   -435
     9      5    -404   -414   -422   -424   -426   -424   -388   -398
    10      4    -343   -383   -393   -391   -391   -383   -379   -373
    11      3    -340   -328   -328   -338   -374   -364   -344   -338
    12      2    -323   -315   -311   -297   -313   -295   -315   -315
    13      1    -284   -300   -274   -290   -254   -276   -288   -288
    14      0    -224   -242   -270   -256   -264   -262   -258   -272

##############################################################################
# SLOT 89  |  FR=W90 , BR=W89 , DBR=W91'
##############################################################################

  --- FR Window 90 : Alpha (state metrics after ACS) ---
  Step      S0     S1     S2     S3     S4     S5     S6     S7
     0    -293   -317   -283   -283   -281   -299   -287   -313
     1    -251   -277   -269   -249   -269   -267   -251   -267
     2    -229   -243   -243   -229   -213   -235   -235   -231
     3    -222   -208   -202   -192   -230   -200   -194   -200
     4    -190   -160   -188   -182   -186   -176   -168   -194
     5    -145   -163   -161   -153   -161   -165   -159   -159
     6    -136   -136   -124   -140   -132   -144   -132   -132
     7    -110   -108   -104   -118   -106   -100   -104   -114
     8     -79    -55    -73    -81    -91    -69    -75    -93
     9     -49    -61    -65    -45    -29    -65    -49    -53
    10     -31     -3    -27    -27    -19     -7    -15    -19
    11      14      8     12     30      2     12     28     10
    12      34     30     48     24     26     30     38     40
    13      73     57     51     55     79     63     53     83
    14      74     94     80     86     70     94     80     94

  --- FR Window 90 : Gamma R4 BMs ---
     0    -9   39  -15  -15   13   13   11  -37   11  -37   13   13  -15  -15   -9   39  -39    9   15   15  -13  -13   37  -11   37  -11  -13  -13   15   15  -39    9
     1   -10   -8   32  -14  -32   14   10    8   10    8  -32   14   32  -14  -10   -8    8   10   14  -32  -14   32   -8  -10   -8  -10  -14   32   14  -32    8   10
     2    22   10  -36    4    6  -34    8   20    8   20    6  -34  -36    4   22   10  -10  -22   -4   36   34   -6  -20   -8  -20   -8   34   -6   -4   36  -10  -22
     3   -13    5   21  -13  -35   -1   27    9   27    9  -35   -1   21  -13  -13    5   -5   13   13  -21    1   35   -9  -27   -9  -27    1   35   13  -21   -5   13
     4    -4   18   -6   -8  -24  -22   34   12   34   12  -24  -22   -6   -8   -4   18  -18    4    8    6   22   24  -12  -34  -12  -34   22   24    8    6  -18    4
     5    15   15   -3  -27  -11   13   -1   -1   -1   -1  -11   13   -3  -27   15   15  -15  -15   27    3  -13   11    1    1    1    1  -13   11   27    3  -15  -15
     6     9   -1   21  -29  -21   29   -9    1   -9    1  -21   29   21  -29    9   -1    1   -9   29  -21  -29   21   -1    9   -1    9  -29   21   29  -21    1   -9
     7    14  -10   14  -18    4   36  -32   -8  -32   -8    4   36   14  -18   14  -10   10  -14   18  -14  -36   -4    8   32    8   32  -36   -4   18  -14   10  -14
     8   -15    3   25  -13    7   45  -17  -35  -17  -35    7   45   25  -13  -15    3   -3   15   13  -25  -45   -7   35   17   35   17  -45   -7   13  -25   -3   15
     9   -26  -22   24   24    8    8   -6  -10   -6  -10    8    8   24   24  -26  -22   22   26  -24  -24   -8   -8   10    6   10    6   -8   -8  -24  -24   22   26
    10    18  -30    2   10   26   18  -46    2  -46    2   26   18    2   10   18  -30   30  -18  -10   -2  -18  -26   -2   46   -2   46  -18  -26  -10   -2   30  -18
    11    45   -1  -15  -29    1   15  -31   15  -31   15    1   15  -15  -29   45   -1    1  -45   29   15  -15   -1  -15   31  -15   31  -15   -1   29   15    1  -45
    12    -6  -12   22   -4   -8   18   -8   -2   -8   -2   -8   18   22   -4   -6  -12   12    6    4  -22  -18    8    2    8    2    8  -18    8    4  -22   12    6
    13    -5  -45   25   25    3    3  -23   17  -23   17    3    3   25   25   -5  -45   45    5  -25  -25   -3   -3  -17   23  -17   23   -3   -3  -25  -25   45    5
    14   -11    3  -11   19   15  -15    7   -7    7   -7   15  -15  -11   19  -11    3   -3   11  -19   11   15  -15    7   -7    7   -7   15  -15  -19   11   -3   11

  --- DBR Window 91' : Beta trace (backward, data read in reverse) ---
  Step      S0     S1     S2     S3     S4     S5     S6     S7
     0      20     28     18     26     18     26     20     28
     1      60     46     30     44     40     54     66     52
     2      77     73     85     81     83     87     65     61
     3     100     94     86     94    108     98     88     80
     4     118    126    112    110    122    114    126    102
     5     146    146    146    156    126    144    160    138
     6     178    172    150    164    162    162    162    182
     7     189    197    171    187    193    207    177    183
     8     228    198    198    220    214    218    218    226
     9     238    254    234    238    226    230    250    254
    10     261    255    265    263    261    263    273    283
    11     317    287    283    293    293    283    307    299
    12     334    318    344    344    320    320    340    312
    13     366    362    364    356    352    360    340    336
    14     381    381    367    371    365    361    371    379
  Final beta_init for BR:    381    381    367    371    365    361    371    379

  --- BR Window 89 : Beta init ---
     404    410    390    390    386    386    408    408

  --- BR Window 89 : Beta trace (pre-ACS, for LLR compute) ---
  Read order: step 14 down to 0
  Iter RdStep      S0     S1     S2     S3     S4     S5     S6     S7
     0     14     404    410    390    390    386    386    408    408
     1     13     440    434    404    406    422    420    426    430
     2     12     461    457    453    437    439    455    455    457
     3     11     462    460    468    484    466    460    466    478
     4     10     483    493    495    503    489   -499    487    505
     5      9     496    496    502    502   -500   -500   -498   -498
     6      8    -465   -461   -505   -505   -503   -503   -463   -463
     7      7    -423   -441   -457   -469   -453   -441   -449   -435
     8      6    -423   -415   -399   -427   -423   -411   -415   -415
     9      5    -395   -397   -389   -393   -403   -399   -391   -401
    10      4    -363   -359   -377   -375   -375   -383   -371   -357
    11      3    -355   -359   -349   -335   -331   -347   -345   -341
    12      2    -318   -298   -336   -328   -316   -324   -328   -308
    13      1    -296   -288   -308   -312   -292   -288   -282   -290
    14      0    -282   -278   -264   -264   -266   -262   -288   -284

##############################################################################
# SLOT 90  |  FR=W91 , BR=W90 , DBR=W92'
##############################################################################

  --- FR Window 91 : Alpha (state metrics after ACS) ---
  Step      S0     S1     S2     S3     S4     S5     S6     S7
     0      91    111    111     99     93    111    111     99
     1     119    133    129    127    125    127    135    121
     2     156    138    150    154    160    132    144    176
     3     164    178    182    202    160    188    200    192
     4     227    219    189    213    207    211    197    221
     5     235    229    231    221    251    257    255    221
     6     252    266    246    288    270    258    248    290
     7     285    291    289    309    313    297    273    283
     8     317    313    325    309    313    301    313    337
     9     341    347    351    365    349    331    339    345
    10     375    371    373    351    365    373    381    363
    11     370    396    390    390    382    386    394    384
    12     411    419    427    407    425    405    409    421
    13     451    439    439    449    437    447    445    435
    14     475    465    471    473    467    455    457    463

  --- FR Window 91 : Gamma R4 BMs ---
     0    15  -19   -1    5    3   -3  -17   17  -17   17    3   -3   -1    5   15  -19   19  -15   -5    1    3   -3  -17   17  -17   17    3   -3   -5    1   19  -15
     1   -14  -10    8   16  -16  -24   22   18   22   18  -16  -24    8   16  -14  -10   10   14  -16   -8   24   16  -18  -22  -18  -22   24   16  -16   -8   10   14
     2   -13  -41   27   27   -3   -3  -11   17  -11   17   -3   -3   27   27  -13  -41   41   13  -27  -27    3    3  -17   11  -17   11    3    3  -27  -27   41   13
     3   -16   26    0  -10   18   28   -2  -44   -2  -44   18   28    0  -10  -16   26  -26   16   10    0  -28  -18   44    2   44    2  -28  -18   10    0  -26   16
     4   -29    1    3   25    7  -15   19  -11   19  -11    7  -15    3   25  -29    1   -1   29  -25   -3   15   -7   11  -19   11  -19   15   -7  -25   -3   -1   29
     5     8  -24    6   10   22   18  -36   -4  -36   -4   22   18    6   10    8  -24   24   -8  -10   -6  -18  -22    4   36    4   36  -18  -22  -10   -6   24   -8
     6    -5  -35    9   31   15   -7  -19   11  -19   11   15   -7    9   31   -5  -35   35    5  -31   -9    7  -15  -11   19  -11   19    7  -15  -31   -9   35    5
     7    11   19  -25   -5   21    1   -7  -15   -7  -15   21    1  -25   -5   11   19  -19  -11    5   25   -1  -21   15    7   15    7   -1  -21    5   25  -19  -11
     8     2   26   -4  -24   -4   16    6  -18    6  -18   -4   16   -4  -24    2   26  -26   -2   24    4  -16    4   18   -6   18   -6  -16    4   24    4  -26   -2
     9    -8   28    4  -24  -30   -2   34   -2   34   -2  -30   -2    4  -24   -8   28  -28    8   24   -4    2   30    2  -34    2  -34    2   30   24   -4  -28    8
    10   -18    6    2   10  -16  -24   32    8   32    8  -16  -24    2   10  -18    6   -6   18  -10   -2   24   16   -8  -32   -8  -32   24   16  -10   -2   -6   18
    11   -11   -3   -3   17   -1  -21   15    7   15    7   -1  -21   -3   17  -11   -3    3   11  -17    3   21    1   -7  -15   -7  -15   21    1  -17    3    3   11
    12     5    9  -35   21   37  -19   -7  -11   -7  -11   37  -19  -35   21    5    9   -9   -5  -21   35   19  -37   11    7   11    7   19  -37  -21   35   -9   -5
    13    40   -4  -26  -10   12   -4  -26   18  -26   18   12   -4  -26  -10   40   -4    4  -40   10   26    4  -12  -18   26  -18   26    4  -12   10   26    4  -40
    14   -28   -6    8   26    0  -18   20   -2   20   -2    0  -18    8   26  -28   -6    6   28  -26   -8   18    0    2  -20    2  -20   18    0  -26   -8    6   28

  --- DBR Window 92' : Beta trace (backward, data read in reverse) ---
  Step      S0     S1     S2     S3     S4     S5     S6     S7
     0      43     31     19     11     19     11     43     31
     1      52     56     70     64     38     32     48     68
     2     114     82     70     66     72     76    100     94
     3     124    128    124    118    100    122     92     88
     4     136    140    164    140    168    140    166    134
     5     181    169    195    189    161    165    155    157
     6     178    186    212    232    220    206    186    188
     7     209    215    239    267    225    235    263    249
     8     265    253    271    263    273    281    253    265
     9     290    290    298    292    296    320    278    278
    10     309    317    333    327    325    329    339    331
    11     354    354    358    348    342    366    348    360
    12     364    376    364    362    370    372    382    374
    13     410    398    398    398    388    388    422    400
    14     419    415    459    457    447    423    417    421
  Final beta_init for BR:    419    415    459    457    447    423    417    421

  --- BR Window 90 : Beta init ---
     381    381    367    371    365    361    371    379

  --- BR Window 90 : Beta trace (pre-ACS, for LLR compute) ---
  Read order: step 14 down to 0
  Iter RdStep      S0     S1     S2     S3     S4     S5     S6     S7
     0     14     381    381    367    371    365    361    371    379
     1     13     378    384    386    400    396    390    388    390
     2     12     441    411    403    403    425    425    435    413
     3     11     437    443    463    443    425    433    427    433
     4     10     482    478    464    478    462    458    488    464
     5      9     500   -490    490    492    504    496    496    504
     6      8    -498   -494   -500   -500   -482   -482   -496   -494
     7      7    -461   -467   -469   -455   -475   -449   -447   -465
     8      6    -439   -415   -447   -433   -441   -431   -441   -417
     9      5    -430   -432   -412   -418   -388   -386   -416   -414
    10      4    -403   -403   -361   -385   -387   -375   -385   -385
    11      3    -327   -349   -363   -361   -353   -351   -369   -367
    12      2    -336   -322   -306   -334   -340   -316   -322   -340
    13      1    -298   -286   -288   -304   -282   -304   -312   -302
    14      0    -274   -272   -266   -274   -272   -272   -276   -278

##############################################################################
# SLOT 91  |  FR=W92 , BR=W91 , DBR=W93'
##############################################################################

  --- FR Window 92 : Alpha (state metrics after ACS) ---
  Step      S0     S1     S2     S3     S4     S5     S6     S7
     0    -504    480    498   -508    492    490    508    484
     1    -510   -470   -458   -506   -504   -502   -490    510
     2    -448   -496   -452   -486   -466   -496   -454   -468
     3    -445   -441   -427   -457   -431   -439   -433   -437
     4    -420   -396   -392   -402   -420   -414   -422   -416
     5    -359   -397   -377   -387   -383   -375   -363   -403
     6    -371   -353   -349   -361   -355   -361   -357   -359
     7    -336   -328   -322   -326   -314   -336   -330   -314
     8    -291   -299   -289   -283   -311   -291   -305   -303
     9    -282   -266   -258   -286   -262   -284   -276   -284
    10    -250   -222   -218   -268   -246   -232   -238   -264
    11    -208   -228   -210   -228   -222   -222   -194   -204
    12    -198   -150   -164   -174   -206   -190   -188   -186
    13    -137   -171   -159   -169   -113   -179   -163   -149
    14    -140   -120    -94   -118   -146    -94   -124   -114

  --- FR Window 92 : Gamma R4 BMs ---
     0   -21  -17   49  -11  -35   25    7    3    7    3  -35   25   49  -11  -21  -17   17   21   11  -49  -25   35   -3   -7   -3   -7  -25   35   11  -49   17   21
     1   -26   34   -4   -4  -16  -16   46  -14   46  -14  -16  -16   -4   -4  -26   34  -34   26    4    4   16   16   14  -46   14  -46   16   16    4    4  -34   26
     2     4  -22   10    8   -6   -4   -8   18   -8   18   -6   -4   10    8    4  -22   22   -4   -8  -10    4    6  -18    8  -18    8    4    6   -8  -10   22   -4
     3   -29  -17    7   39   25   -7   -3  -15   -3  -15   25   -7    7   39  -29  -17   17   29  -39   -7    7  -25   15    3   15    3    7  -25  -39   -7   17   29
     4   -21  -13   -3   37   35   -5  -11  -19  -11  -19   35   -5   -3   37  -21  -13   13   21  -37    3    5  -35   19   11   19   11    5  -35  -37    3   13   21
     5   -13  -13   33   -7  -39    1   19   19   19   19  -39    1   33   -7  -13  -13   13   13    7  -33   -1   39  -19  -19  -19  -19   -1   39    7  -33   13   13
     6   -16   -4    6   14    0   -8   10   -2   10   -2    0   -8    6   14  -16   -4    4   16  -14   -6    8    0    2  -10    2  -10    8    0  -14   -6    4   16
     7    31   17  -47   -1   27  -19  -11    3  -11    3   27  -19  -47   -1   31   17  -17  -31    1   47   19  -27   -3   11   -3   11   19  -27    1   47  -17  -31
     8    -3  -17   31  -11   -5   37  -23   -9  -23   -9   -5   37   31  -11   -3  -17   17    3   11  -31  -37    5    9   23    9   23  -37    5   11  -31   17    3
     9     5   17    5  -27   -7   25   -3  -15   -3  -15   -7   25    5  -27    5   17  -17   -5   27   -5  -25    7   15    3   15    3  -25    7   27   -5  -17   -5
    10   -20   16  -12   16   40   12   -8  -44   -8  -44   40   12  -12   16  -20   16  -16   20  -16   12  -12  -40   44    8   44    8  -12  -40  -16   12  -16   20
    11    10   14  -28    4    8  -24   10    6   10    6    8  -24  -28    4   10   14  -14  -10   -4   28   24   -8   -6  -10   -6  -10   24   -8   -4   28  -14  -10
    12   -18   30   -8   -4  -18  -22   44   -4   44   -4  -18  -22   -8   -4  -18   30  -30   18    4    8   22   18    4  -44    4  -44   22   18    4    8  -30   18
    13   -37  -11   27   21   -7   -1   17   -9   17   -9   -7   -1   27   21  -37  -11   11   37  -21  -27    1    7    9  -17    9  -17    1    7  -21  -27   11   37
    14   -25   31   -7    1  -11  -19   43  -13   43  -13  -11  -19   -7    1  -25   31  -31   25   -1    7   19   11   13  -43   13  -43   19   11   -1    7  -31   25

  --- DBR Window 93' : Beta trace (backward, data read in reverse) ---
  Step      S0     S1     S2     S3     S4     S5     S6     S7
     0      15     21     19     13     19     13     15     21
     1      42     48     30     28     32     30     40     46
     2      50     54     56     76     70     62     54     68
     3      81     77     81     85     79     83    107     85
     4     124    126    114    114    102    120    128    102
     5     131    133    165    149    155    143    131    135
     6     162    168    182    186    152    154    174    160
     7     201    181    185    189    209    197    187    187
     8     211    217    227    209    215    219    199    195
     9     238    238    232    244    232    224    228    236
    10     242    250    246    252    250    256    248    256
    11     260    258    268    280    272    286    270    266
    12     273    269    275    279    287    283    289    287
    13     311    309    295    297    293    291    305    303
    14     329    349    317    317    331    331    329    335
  Final beta_init for BR:    329    349    317    317    331    331    329    335

  --- BR Window 91 : Beta init ---
     419    415    459    457    447    423    417    421

  --- BR Window 91 : Beta trace (pre-ACS, for LLR compute) ---
  Read order: step 14 down to 0
  Iter RdStep      S0     S1     S2     S3     S4     S5     S6     S7
     0     14     419    415    459    457    447    423    417    421
     1     13     479    475    459    445    465    483    435    451
     2     12    -505    477    475    491    487    477    485    509
     3     11    -500   -496   -512   -484   -510   -480    500    504
     4     10    -497   -499   -503   -483   -459   -467   -481   -487
     5      9    -465   -441   -457   -461   -443   -451   -467   -469
     6      8    -423   -435   -419   -437   -445   -421   -407   -433
     7      7    -389   -397   -421   -403   -409   -417   -403   -411
     8      6    -378   -370   -400   -384   -376   -386   -392   -384
     9      5    -341   -371   -369   -347   -355   -353   -349   -359
    10      4    -331   -313   -335   -331   -341   -337   -335   -317
    11      3    -316   -312   -320   -306   -306   -306   -294   -288
    12      2    -250   -290   -296   -292   -278   -284   -262   -272
    13      1    -237   -251   -223   -223   -265   -265   -231   -259
    14      0    -201   -205   -207   -215   -215   -207   -229   -233

##############################################################################
# SLOT 92  |  FR=W93 , BR=W92 , DBR=W94'
##############################################################################

  --- FR Window 93 : Alpha (state metrics after ACS) ---
  Step      S0     S1     S2     S3     S4     S5     S6     S7
     0     -90    -72    -72    -90    -98    -70    -76    -98
     1     -66    -48    -52    -72    -66    -54    -52    -66
     2     -41    -51    -49    -49    -49    -49    -49    -47
     3     -23    -27    -27    -31    -19    -37    -37    -19
     4     -15     -7    -13     -7    -11     -1     -9    -17
     5      20      2     -4     10     22      2      0     28
     6      22     26     30     48     22     24     32     38
     7      59     51     45     45     53     39     63     65
     8      62     70     66     76     64     94     90     78
     9     107    111     93    105     91    115     97    119
    10     150    134    126    140    140    138    130    150
    11     181    163    147    161    155    173    157    153
    12     195    177    185    207    189    171    191    177
    13     222    200    216    218    214    210    210    210
    14     235    231    221    223    237    233    235    225

  --- FR Window 93 : Gamma R4 BMs ---
     0    18  -26    4    4   22   22  -44    0  -44    0   22   22    4    4   18  -26   26  -18   -4   -4  -22  -22    0   44    0   44  -22  -22   -4   -4   26  -18
     1     4    6   -4   -6   20   22  -20  -22  -20  -22   20   22   -4   -6    4    6   -6   -4    6    4  -22  -20   22   20   22   20  -22  -20    6    4   -6   -4
     2     3    7   -7   -3    3   -1    1   -3    1   -3    3   -1   -7   -3    3    7   -7   -3    3    7    1   -3    3   -1    3   -1    1   -3    3    7   -7   -3
     3    18   12  -30    0   22   -8  -10   -4  -10   -4   22   -8  -30    0   18   12  -12  -18    0   30    8  -22    4   10    4   10    8  -22    0   30  -12  -18
     4    -2   12  -20   10   12  -18   10   -4   10   -4   12  -18  -20   10   -2   12  -12    2  -10   20   18  -12    4  -10    4  -10   18  -12  -10   20  -12    2
     5    13   27  -29  -11    5  -13   11   -3   11   -3    5  -13  -29  -11   13   27  -27  -13   11   29   13   -5    3  -11    3  -11   13   -5   11   29  -27  -13
     6    -8   -2   26  -16  -22   20    4   -2    4   -2  -22   20   26  -16   -8   -2    2    8   16  -26  -20   22    2   -4    2   -4  -20   22   16  -26    2    8
     7   -27   -7   23   11  -15   -3   19   -1   19   -1  -15   -3   23   11  -27   -7    7   27  -11  -23    3   15    1  -19    1  -19    3   15  -11  -23    7   27
     8   -13   11    3   -1   17   21   -7  -31   -7  -31   17   21    3   -1  -13   11  -11   13    1   -3  -21  -17   31    7   31    7  -21  -17    1   -3  -11   13
     9   -15  -29   41    3  -21   17   -5    9   -5    9  -21   17   41    3  -15  -29   29   15   -3  -41  -17   21   -9    5   -9    5  -17   21   -3  -41   29   15
    10    43    9  -35  -17   11   -7  -19   15  -19   15   11   -7  -35  -17   43    9   -9  -43   17   35    7  -11  -15   19  -15   19    7  -11   17   35   -9  -43
    11    31   -5  -15  -11    7    3  -23   13  -23   13    7    3  -15  -11   31   -5    5  -31   11   15   -3   -7  -13   23  -13   23   -3   -7   11   15    5  -31
    12   -22   -8   -4   34   22  -16    4  -10    4  -10   22  -16   -4   34  -22   -8    8   22  -34    4   16  -22   10   -4   10   -4   16  -22  -34    4    8   22
    13    27  -19   -5   -3   11    9  -33   13  -33   13   11    9   -5   -3   27  -19   19  -27    3    5   -9  -11  -13   33  -13   33   -9  -11    3    5   19  -27
    14    13  -15  -11   13    5  -19   -7   21   -7   21    5  -19  -11   13   13  -15   15  -13  -13   11   19   -5  -21    7  -21    7   19   -5  -13   11   15  -13

  --- DBR Window 94' : Beta trace (backward, data read in reverse) ---
  Step      S0     S1     S2     S3     S4     S5     S6     S7
     0      14     10     14     18     14     18     14     10
     1      62     56     36     30     32     34     66     52
     2      98     78     64     68     70     66     66     76
     3     114    120     96    102     96     90    128    100
     4     115    119    153    165    141    131    129    137
     5     160    162    168    174    162    178    176    174
     6     193    197    193    199    207    201    187    209
     7     204    212    202    210    212    212    208    214
     8     237    229    227    249    233    253    247    231
     9     249    243    267    259    273    271    247    245
    10     287    307    267    269    273    271    293    279
    11     289    301    293    293    311    307    299    311
    12     330    332    318    320    318    320    338    332
    13     342    340    366    352    356    344    356    354
    14     395    385    367    365    361    363    369    383
  Final beta_init for BR:    395    385    367    365    361    363    369    383

  --- BR Window 92 : Beta init ---
     329    349    317    317    331    331    329    335

  --- BR Window 92 : Beta trace (pre-ACS, for LLR compute) ---
  Read order: step 14 down to 0
  Iter RdStep      S0     S1     S2     S3     S4     S5     S6     S7
     0     14     329    349    317    317    331    331    329    335
     1     13     360    360    348    340    350    342    392    360
     2     12     401    387    393    399    367    361    377    397
     3     11     437    431    399    397    401    405    431    429
     4     10     447    451    455    441    439    457    441    437
     5      9     485    463    495    467    491    463    501    465
     6      8    -508    504   -506   -504    492    488    478    484
     7      7    -511    509   -477   -469   -473   -483   -507    511
     8      6    -480   -474   -450   -426   -464   -466   -438   -452
     9      5    -436   -448   -430   -438   -420   -412   -442   -430
    10      4    -407   -407   -403   -403   -405   -373   -417   -417
    11      3    -392   -384   -368   -370   -368   -366   -354   -362
    12      2    -339   -339   -343   -353   -359   -331   -345   -333
    13      1    -335   -325   -329   -331   -327   -325   -311   -321
    14      0    -283   -301   -295   -295   -309   -309   -279   -295

##############################################################################
# SLOT 93  |  FR=W94 , BR=W93 , DBR=W95'
##############################################################################

  --- FR Window 94 : Alpha (state metrics after ACS) ---
  Step      S0     S1     S2     S3     S4     S5     S6     S7
     0     240    264    264    246    260    248    244    254
     1     300    260    266    296    286    262    264    276
     2     297    291    327    313    305    295    331    297
     3     329    323    331    333    321    327    327    341
     4     345    347    349    349    357    349    351    375
     5     371    389    361    371    361    377    369    385
     6     392    404    406    388    406    418    412    402
     7     407    423    407    423    409    421    417    421
     8     440    442    432    442    458    444    446    456
     9     455    473    451    465    475    489    463    477
    10     490    500    490   -510    484   -498    502    488
    11    -502   -472   -484   -494   -500   -474   -486   -496
    12    -456   -464   -470   -468   -448   -454   -470   -472
    13    -448   -426   -446   -438   -422   -422   -408   -430
    14    -416   -404   -420   -410   -424   -394   -424   -408

  --- FR Window 94 : Gamma R4 BMs ---
     0   -29    9    9   11   -9  -11   29   -9   29   -9   -9  -11    9   11  -29    9   -9   29  -11   -9   11    9    9  -29    9  -29   11    9  -11   -9   -9   29
     1   -22  -24   36   10  -14   12    0    2    0    2  -14   12   36   10  -22  -24   24   22  -10  -36  -12   14   -2    0   -2    0  -12   14  -10  -36   24   22
     2   -21   37   -9   -7    3    1   27  -31   27  -31    3    1   -9   -7  -21   37  -37   21    7    9   -1   -3   31  -27   31  -27   -1   -3    7    9  -37   21
     3     2  -10    2    6    4    0   -8    4   -8    4    4    0    2    6    2  -10   10   -2   -6   -2    0   -4   -4    8   -4    8    0   -4   -6   -2   10   -2
     4   -34    8   14   12    0    2   20  -22   20  -22    0    2   14   12  -34    8   -8   34  -12  -14   -2    0   22  -20   22  -20   -2    0  -12  -14   -8   34
     5   -10  -16    4   22   -2  -20    8   14    8   14   -2  -20    4   22  -10  -16   16   10  -22   -4   20    2  -14   -8  -14   -8   20    2  -22   -4   16   10
     6   -17    3   23   -9  -41   -9   35   15   35   15  -41   -9   23   -9  -17    3   -3   17    9  -23    9   41  -15  -35  -15  -35    9   41    9  -23   -3   17
     7    -5    3   -3    5   -3  -11   11    3   11    3   -3  -11   -3    5   -5    3   -3    5   -5    3   11    3   -3  -11   -3  -11   11    3   -5    3   -3    5
     8   -35   -3   33    5  -23    5   25   -7   25   -7  -23    5   33    5  -35   -3    3   35   -5  -33   -5   23    7  -25    7  -25   -5   23   -5  -33    3   35
     9    11    9  -33   13   15  -31    7    9    7    9   15  -31  -33   13   11    9   -9  -11  -13   33   31  -15   -9   -7   -9   -7   31  -15  -13   33   -9  -11
    10   -11  -19   39   -9  -37   11    9   17    9   17  -37   11   39   -9  -11  -19   19   11    9  -39  -11   37  -17   -9  -17   -9  -11   37    9  -39   19   11
    11   -24   22   -2    4  -24  -30   50    4   50    4  -24  -30   -2    4  -24   22  -22   24   -4    2   30   24   -4  -50   -4  -50   30   24   -4    2  -22   24
    12   -24   16    2    6   14   10    8  -32    8  -32   14   10    2    6  -24   16  -16   24   -6   -2  -10  -14   32   -8   32   -8  -10  -14   -6   -2  -16   24
    13   -42   16   10   16   22   16   10  -48   10  -48   22   16   10   16  -42   16  -16   42  -16  -10  -16  -22   48  -10   48  -10  -16  -22  -16  -10  -16   42
    14    -2   10    6  -14   -2   18   -2  -14   -2  -14   -2   18    6  -14   -2   10  -10    2   14   -6  -18    2   14    2   14    2  -18    2   14   -6  -10    2

  --- DBR Window 95' : Beta trace (backward, data read in reverse) ---
  Step      S0     S1     S2     S3     S4     S5     S6     S7
     0       9      7      7      5      7      5      9      7
     1      37     31     25     19     25     19     33     27
     2      47     43     47     49     31     31     49     43
     3      56     62     78     60     60     66     58     58
     4     121     87     77     97     79    105    105     81
     5     143    147    123    123    123    125    119    123
     6     139    155    161    163    155    153    153    155
     7     198    176    172    178    180    202    198    170
     8     216    206    216    218    206    222    200    210
     9     241    247    227    235    229    237    249    251
    10     261    265    263    257    283    279    249    253
    11     301    315    303    285    299    291    291    285
    12     317    327    309    313    317    325    329    311
    13     328    330    348    352    342    348    332    328
    14     342    350    374    360    356    360    362    366
  Final beta_init for BR:    342    350    374    360    356    360    362    366

  --- BR Window 93 : Beta init ---
     395    385    367    365    361    363    369    383

  --- BR Window 93 : Beta trace (pre-ACS, for LLR compute) ---
  Read order: step 14 down to 0
  Iter RdStep      S0     S1     S2     S3     S4     S5     S6     S7
     0     14     395    385    367    365    361    363    369    383
     1     13     408    388    388    408    390    394    398    406
     2     12     435    431    403    405    409    411    435    427
     3     11     445    431    451    469    453    439    435    449
     4     10     476    464    464    468    460    464    500    464
     5      9    -505   -505    507    495    481    499    511    483
     6      8     510   -508   -464   -492   -488   -488   -510   -496
     7      7    -471   -475   -447   -443   -489   -487   -457   -481
     8      6    -428   -448   -448   -442   -420   -432   -456   -450
     9      5    -418   -412   -402   -428   -416   -410   -430   -436
    10      4    -391   -391   -397   -387   -397   -407   -401   -401
    11      3    -387   -379   -383   -377   -379   -377   -381   -375
    12      2    -369   -371   -361   -349   -357   -345   -359   -365
    13      1    -356   -360   -354   -350   -344   -348   -342   -342
    14      0    -320   -322   -334   -332   -336   -338   -326   -328

##############################################################################
# SLOT 94  |  FR=W95 , BR=W94 , DBR=W96'
##############################################################################

  --- FR Window 95 : Alpha (state metrics after ACS) ---
  Step      S0     S1     S2     S3     S4     S5     S6     S7
     0    -402   -394   -394   -386   -392   -390   -386   -376
     1    -381   -373   -369   -363   -363   -367   -363   -361
     2    -347   -349   -353   -335   -359   -337   -355   -347
     3    -311   -315   -313   -317   -317   -325   -323   -315
     4    -301   -281   -277   -309   -289   -299   -299   -297
     5    -266   -274   -272   -278   -240   -272   -274   -256
     6    -248   -246   -252   -230   -236   -248   -258   -204
     7    -191   -189   -231   -209   -205   -189   -231   -191
     8    -189   -183   -185   -169   -157   -197   -171   -159
     9    -157   -135   -163   -133   -125   -139   -167   -153
    10    -114   -124   -114   -116   -122   -100    -94   -108
    11    -103    -87   -107    -85    -93    -93    -85    -77
    12     -73    -65    -75    -81    -81    -67    -77    -63
    13     -43    -55    -57    -41    -61    -49    -45    -55
    14     -34    -44    -36    -36    -36    -44    -42    -44

  --- FR Window 95 : Gamma R4 BMs ---
     0    10    0  -18    8   26    0  -18   -8  -18   -8   26    0  -18    8   10    0    0  -10   -8   18    0  -26    8   18    8   18    0  -26   -8   18    0  -10
     1     9   13    9  -31  -23   17    5    1    5    1  -23   17    9  -31    9   13  -13   -9   31   -9  -17   23   -1   -5   -1   -5  -17   23   31   -9  -13   -9
     2   -14   26   -2  -10    2   10   14  -26   14  -26    2   10   -2  -10  -14   26  -26   14   10    2  -10   -2   26  -14   26  -14  -10   -2   10    2  -26   14
     3   -32  -18   42    8  -12   22    2  -12    2  -12  -12   22   42    8  -32  -18   18   32   -8  -42  -22   12   12   -2   12   -2  -22   12   -8  -42   18   32
     4     8    4  -28   16   36   -8  -16  -12  -16  -12   36   -8  -28   16    8    4   -4   -8  -16   28    8  -36   12   16   12   16    8  -36  -16   28   -4   -8
     5   -41   11   11   19    5   -3   25  -27   25  -27    5   -3   11   19  -41   11  -11   41  -19  -11    3   -5   27  -25   27  -25    3   -5  -19  -11  -11   41
     6    18    8   10  -36  -20   26   -8    2   -8    2  -20   26   10  -36   18    8   -8  -18   36  -10  -26   20   -2    8   -2    8  -26   20   36  -10   -8  -18
     7   -13  -43   17   39   11  -11  -15   15  -15   15   11  -11   17   39  -13  -43   43   13  -39  -17   11  -11  -15   15  -15   15   11  -11  -39  -17   43   13
     8   -32   -6   18   20    8    6    6  -20    6  -20    8    6   18   20  -32   -6    6   32  -20  -18   -6   -8   20   -6   20   -6   -6   -8  -20  -18    6   32
     9    22   26  -44   -4   22  -18    0   -4    0   -4   22  -18  -44   -4   22   26  -26  -22    4   44   18  -22    4    0    4    0   18  -22    4   44  -26  -22
    10   -13   21    9  -17  -39  -13   43    9   43    9  -39  -13    9  -17  -13   21  -21   13   17   -9   13   39   -9  -43   -9  -43   13   39   17   -9  -21   13
    11     9    1  -23   13    7  -29    7   15    7   15    7  -29  -23   13    9    1   -1   -9  -13   23   29   -7  -15   -7  -15   -7   29   -7  -13   23   -1   -9
    12     0  -22   10   12    0   -2  -10   12  -10   12    0   -2   10   12    0  -22   22    0  -12  -10    2    0  -12   10  -12   10    2    0  -12  -10   22    0
    13    -4   22  -12   -6   18   12   -2  -28   -2  -28   18   12  -12   -6   -4   22  -22    4    6   12  -12  -18   28    2   28    2  -12  -18    6   12  -22    4
    14     9    3   -5   -7    3    5   -7   -1   -7   -1    3    5   -5   -7    9    3   -3   -9    7    5   -5   -3    1    7    1    7   -5   -3    7    5   -3   -9

  --- DBR Window 96' : Beta trace (backward, data read in reverse) ---
  Step      S0     S1     S2     S3     S4     S5     S6     S7
     0      30     26     26     30     26     30     30     26
     1      52     54     48     66     48     66     52     54
     2      73     75     59     61     67     67     87     89
     3      93     99     91     89     93     95     99     93
     4     118    108    138    120    134    120    126    114
     5     150    166    150    146    144    132    136    136
     6     160    176    182    174    198    190    156    172
     7     186    198    210    218    204    192    220    198
     8     232    230    242    220    230    244    212    214
     9     258    260    244    262    276    250    246    248
    10     295    295    279    277    287    289    299    285
    11     300    308    342    318    332    304    310    324
    12     343    357    357    351    325    343    335    323
    13     360    364    380    366    388    370    358    364
    14     383    389    425    393    401    393    389    381
  Final beta_init for BR:    383    389    425    393    401    393    389    381

  --- BR Window 94 : Beta init ---
     342    350    374    360    356    360    362    366

  --- BR Window 94 : Beta trace (pre-ACS, for LLR compute) ---
  Read order: step 14 down to 0
  Iter RdStep      S0     S1     S2     S3     S4     S5     S6     S7
     0     14     342    350    374    360    356    360    362    366
     1     13     376    364    372    392    380    368    374    370
     2     12     422    422    394    392    402    408    416    412
     3     11     448    438    424    428    436    432    440    436
     4     10     474    470    470    464    462    456    488    460
     5      9     481    487   -511   -499    503    493    479    487
     6      8    -504   -502   -496   -488   -500   -486   -488   -490
     7      7    -471   -465   -471   -465   -455   -463   -477   -455
     8      6    -458   -450   -460   -452   -452   -452   -454   -450
     9      5    -425   -435   -435   -413   -429   -411   -415   -433
    10      4    -413   -419   -395   -403   -391   -391   -417   -419
    11      3    -375   -357   -395   -393   -389   -391   -369   -385
    12      2    -373   -361   -369   -369   -353   -357   -365   -353
    13      1    -334   -332   -346   -344   -346   -344   -326   -332
    14      0    -322   -324   -298   -312   -308   -320   -308   -310

##############################################################################
# SLOT 95  |  FR=W96 , BR=W95 , DBR=W97'
##############################################################################

  --- FR Window 96 : Alpha (state metrics after ACS) ---
  Step      S0     S1     S2     S3     S4     S5     S6     S7
     0     -11    -31    -23    -19      1    -21    -13      1
     1      14      8    -10     38     24      8    -10     22
     2      55     39     23     25     57     45     23     27
     3      60     56     70     68     64    100     66     64
     4      79    129     97     97     75    115    109    101
     5     127    125    147    145    143    117    129    125
     6     171    175    179    143    161    153    157    133
     7     197    189    207    157    181    187    201    173
     8     207    213    239    211    211    217    229    215
     9     227    243    241    245    227    235    263    245
    10     258    290    258    266    272    266    280    262
    11     280    280    308    300    272    276    302    290
    12     303    313    319    313    313    323    309    299
    13     349    325    331    359    341    319    325    335
    14     351    349    389    361    357    355    379    367

  --- FR Window 96 : Gamma R4 BMs ---
     0    23   15   -1  -37  -23   13    1    9    1    9  -23   13   -1  -37   23   15  -15  -23   37    1  -13   23   -9   -1   -9   -1  -13   23   37    1  -15  -23
     1   -21  -35   37   19   -9    9   -7    7   -7    7   -9    9   37   19  -21  -35   35   21  -19  -37   -9    9   -7    7   -7    7   -9    9  -19  -37   35   21
     2    13  -11  -19   17   15  -21   -9   15   -9   15   15  -21  -19   17   13  -11   11  -13  -17   19   21  -15  -15    9  -15    9   21  -15  -17   19   11  -13
     3     5   -9  -19   23   -1  -43   15   29   15   29   -1  -43  -19   23    5   -9    9   -5  -23   19   43    1  -29  -15  -29  -15   43    1  -23   19    9   -5
     4   -19   23   -1   -3   27   29   -7  -49   -7  -49   27   29   -1   -3  -19   23  -23   19    3    1  -29  -27   49    7   49    7  -29  -27    3    1  -23   19
     5   -14  -16    0   30   -2  -32   16   18   16   18   -2  -32    0   30  -14  -16   16   14  -30    0   32    2  -18  -16  -18  -16   32    2  -30    0   16   14
     6    -6   -4  -16   26   32  -10  -10  -12  -10  -12   32  -10  -16   26   -6   -4    4    6  -26   16   10  -32   12   10   12   10   10  -32  -26   16    4    6
     7     0   22  -20   -2   28   10   -8  -30   -8  -30   28   10  -20   -2    0   22  -22    0    2   20  -10  -28   30    8   30    8  -10  -28    2   20  -22    0
     8    10  -14   -2    6   32   24  -40  -16  -40  -16   32   24   -2    6   10  -14   14  -10   -6    2  -24  -32   16   40   16   40  -24  -32   -6    2   14  -10
     9    16  -16  -12   12    0  -24   -4   28   -4   28    0  -24  -12   12   16  -16   16  -16  -12   12   24    0  -28    4  -28    4   24    0  -12   12   16  -16
    10     3   15  -27    9   -3  -39   27   15   27   15   -3  -39  -27    9    3   15  -15   -3   -9   27   39    3  -15  -27  -15  -27   39    3   -9   27  -15   -3
    11    20  -10   -6   -4   -2   -4  -12   18  -12   18   -2   -4   -6   -4   20  -10   10  -20    4    6    4    2  -18   12  -18   12    4    2    4    6   10  -20
    12    -9   23  -13   -1   11   -1   11  -21   11  -21   11   -1  -13   -1   -9   23  -23    9    1   13    1  -11   21  -11   21  -11    1  -11    1   13  -23    9
    13   -28  -26   18   36   12   -6   -2   -4   -2   -4   12   -6   18   36  -28  -26   26   28  -36  -18    6  -12    4    2    4    2    6  -12  -36  -18   26   28
    14    -4   26    4  -26    0   30    0  -30    0  -30    0   30    4  -26   -4   26  -26    4   26   -4  -30    0   30    0   30    0  -30    0   26   -4  -26    4

  --- DBR Window 97' : Beta trace (backward, data read in reverse) ---
  Step      S0     S1     S2     S3     S4     S5     S6     S7
     0      13     21     39     27     39     27     13     21
     1      58     46     78     48     60     62     40     50
     2     103     79     73     67     77     67     71     69
     3      97     99    107    139    113    103     77     75
     4     147    141    103    111    141    153    139    151
     5     160    180    174    148    184    162    174    148
     6     210    198    178    190    166    178    176    204
     7     211    207    223    199    215    219    207    203
     8     244    232    236    234    224    222    232    236
     9     265    251    265    253    261    249    255    249
    10     276    272    272    276    260    262    264    262
    11     290    282    308    292    308    292    292    282
    12     328    324    322    322    324    320    302    298
    13     352    356    336    364    336    338    346    350
    14     372    380    364    362    378    382    366    392
  Final beta_init for BR:    372    380    364    362    378    382    366    392

  --- BR Window 95 : Beta init ---
     383    389    425    393    401    393    389    381

  --- BR Window 95 : Beta trace (pre-ACS, for LLR compute) ---
  Read order: step 14 down to 0
  Iter RdStep      S0     S1     S2     S3     S4     S5     S6     S7
     0     14     383    389    425    393    401    393    389    381
     1     13     418    424    428    430    392    394    402    400
     2     12     430    440    446    440    442    436    426    452
     3     11     464    458    446    444    450    452    474    452
     4     10     473    467    503    477    481    475    465    473
     5      9    -478   -512    498    504    490   -510    510    498
     6      8    -456   -452   -496   -482   -490   -482   -498   -494
     7      7    -478   -458   -438   -436   -444   -446   -446   -462
     8      6    -401   -423   -427   -439   -419   -397   -419   -431
     9      5    -383   -393   -383   -399   -395   -377   -399   -389
    10      4    -358   -354   -372   -364   -374   -380   -350   -348
    11      3    -338   -334   -336   -342   -318   -320   -352   -356
    12      2    -300   -286   -296   -314   -300   -308   -308   -322
    13      1    -282   -274   -290   -286   -284   -276   -272   -288
    14      0    -273   -269   -253   -249   -257   -253   -269   -273

##############################################################################
# SLOT 96  |  FR=W97 , BR=W96 , DBR=W98'
##############################################################################

  --- FR Window 97 : Alpha (state metrics after ACS) ---
  Step      S0     S1     S2     S3     S4     S5     S6     S7
     0     387    381    389    395    417    405    377    385
     1     411    429    401    413    435    433    405    445
     2     433    461    445    467    431    461    441    447
     3     483    465    471    477    479    473    479    471
     4     494    484    488    490    492    484    482    488
     5     499   -503   -507    495    497   -509   -497    501
     6    -492   -504   -494   -464   -486   -506   -486   -490
     7    -475   -485   -443   -473   -477   -479   -461   -475
     8    -425   -451   -459   -459   -449   -463   -439   -435
     9    -418   -430   -416   -402   -426   -418   -404   -416
    10    -388   -364   -378   -404   -402   -400   -388   -388
    11    -368   -368   -344   -364   -358   -374   -350   -374
    12    -345   -325   -343   -359   -349   -343   -329   -355
    13    -302   -310   -318   -318   -304   -308   -324   -310
    14    -279   -281   -291   -265   -289   -291   -293   -289

  --- FR Window 97 : Gamma R4 BMs ---
     0     2   28   -2  -28    0   26    0  -26    0  -26    0   26   -2  -28    2   28  -28   -2   28    2  -26    0   26    0   26    0  -26    0   28    2  -28   -2
     1    24   28  -40  -12   12  -16    4    0    4    0   12  -16  -40  -12   24   28  -28  -24   12   40   16  -12    0   -4    0   -4   16  -12   12   40  -28  -24
     2    -2  -20   32  -10  -28   14   -2   16   -2   16  -28   14   32  -10   -2  -20   20    2   10  -32  -14   28  -16    2  -16    2  -14   28   10  -32   20    2
     3   -18  -30   32   16  -12    4   -2   10   -2   10  -12    4   32   16  -18  -30   30   18  -16  -32   -4   12  -10    2  -10    2   -4   12  -16  -32   30   18
     4    11   -9    7   -9   -5   11  -13    7  -13    7   -5   11    7   -9   11   -9    9  -11    9   -7  -11    5   -7   13   -7   13  -11    5    9   -7    9  -11
     5   -13    7   -3    9   29   17  -13  -33  -13  -33   29   17   -3    9  -13    7   -7   13   -9    3  -17  -29   33   13   33   13  -17  -29   -9    3   -7   13
     6    33    7  -19  -21    3    5  -17    9  -17    9    3    5  -19  -21   33    7   -7  -33   21   19   -5   -3   -9   17   -9   17   -5   -3   21   19   -7  -33
     7     1   -3   13  -11   -3   21  -11   -7  -11   -7   -3   21   13  -11    1   -3    3   -1   11  -13  -21    3    7   11    7   11  -21    3   11  -13    3   -1
     8     2  -26   18    6  -16   -4   -4   24   -4   24  -16   -4   18    6    2  -26   26   -2   -6  -18    4   16  -24    4  -24    4    4   16   -6  -18   26   -2
     9     3   33   -3  -33   -9   21    9  -21    9  -21   -9   21   -3  -33    3   33  -33   -3   33    3  -21    9   21   -9   21   -9  -21    9   33    3  -33   -3
    10   -28   12    2   14  -14  -26   40    0   40    0  -14  -26    2   14  -28   12  -12   28  -14   -2   26   14    0  -40    0  -40   26   14  -14   -2  -12   28
    11    -6   -4  -26   36   34  -28   -2   -4   -2   -4   34  -28  -26   36   -6   -4    4    6  -36   26   28  -34    4    2    4    2   28  -34  -36   26    4    6
    12   -19   11   -1    9   -5  -15   25   -5   25   -5   -5  -15   -1    9  -19   11  -11   19   -9    1   15    5    5  -25    5  -25   15    5   -9    1  -11   19
    13    11   23    5  -39  -35    9   19    7   19    7  -35    9    5  -39   11   23  -23  -11   39   -5   -9   35   -7  -19   -7  -19   -9   35   39   -5  -23  -11
    14   -21  -13   39   -5  -17   27   -1   -9   -1   -9  -17   27   39   -5  -21  -13   13   21    5  -39  -27   17    9    1    9    1  -27   17    5  -39   13   21

  --- DBR Window 98' : Beta trace (backward, data read in reverse) ---
  Step      S0     S1     S2     S3     S4     S5     S6     S7
     0      12     20     22     30     22     30     12     20
     1      37     35     53     75     57     73     55     53
     2      69     79     61     63     99     85     77     75
     3     117     89    109     93     85    101     93    103
     4     132    128    132    134    108    114    128    136
     5     140    164    152    142    138    144    154    160
     6     163    163    171    171    193    183    169    165
     7     200    202    202    194    176    186    214    188
     8     217    221    241    225    235    223    215    211
     9     274    260    236    238    240    246    254    236
    10     277    307    253    263    273    263    269    271
    11     291    291    303    291    303    345    285    295
    12     341    319    319    317    339    341    339    361
    13     373    389    347    349    353    355    395    391
    14     389    381    405    405    379    379    403    409
  Final beta_init for BR:    389    381    405    405    379    379    403    409

  --- BR Window 96 : Beta init ---
     372    380    364    362    378    382    366    392

  --- BR Window 96 : Beta trace (pre-ACS, for LLR compute) ---
  Read order: step 14 down to 0
  Iter RdStep      S0     S1     S2     S3     S4     S5     S6     S7
     0     14     372    380    364    362    378    382    366    392
     1     13     396    398    404    394    418    410    412    396
     2     12     444    446    418    432    416    430    422    424
     3     11     443    467    431    443    457    445    457    455
     4     10     467    469    461    463    465    463    465    485
     5      9     488    482    504    492    502   -512    496    484
     6      8    -506   -492   -504   -510   -488   -512    508   -508
     7      7    -474   -476   -472   -480   -460   -468   -494   -472
     8      6    -464   -452   -444   -440   -448   -452   -438   -458
     9      5    -426   -428   -412   -432   -420   -414   -440   -442
    10      4    -396   -394   -408   -396   -382   -402   -412   -410
    11      3    -363   -363   -379   -379   -367   -365   -353   -373
    12      2    -358   -350   -310   -340   -322   -354   -348   -334
    13      1    -311   -295   -295   -303   -333   -315   -323   -335
    14      0    -298   -288   -274   -286   -266   -284   -300   -288

##############################################################################
# SLOT 97  |  FR=W98 , BR=W97 , DBR=W99'
##############################################################################

  --- FR Window 98 : Alpha (state metrics after ACS) ---
  Step      S0     S1     S2     S3     S4     S5     S6     S7
     0    -251   -279   -265   -275   -263   -279   -255   -271
     1    -231   -239   -241   -235   -217   -221   -229   -221
     2    -209   -213   -229   -189   -193   -205   -223   -191
     3    -195   -167   -151   -181   -199   -169   -185   -163
     4    -134   -166   -138   -130   -138   -162   -154   -146
     5    -123   -121   -101   -123   -137   -131   -107   -121
     6     -60   -110   -102    -96    -96   -104   -112    -80
     7     -69    -81    -65    -63    -77    -75    -29    -71
     8     -58    -24    -44    -20    -32    -20    -48    -44
     9     -10    -12      8    -10    -20     -6     -6    -20
    10      23     19     15      9     15     15     23     19
    11      41     43     43     41     41     31     31     41
    12      67     37     47     65     65     39     49     63
    13      92     96     78     86    118     92     74     92
    14     100    112    116    140    104    122    116    134

  --- FR Window 98 : Gamma R4 BMs ---
     0   -18  -10   14   14  -10  -10   14    6   14    6  -10  -10   14   14  -18  -10   10   18  -14  -14   10   10   -6  -14   -6  -14   10   10  -14  -14   10   18
     1    20  -34    6    8   24   22  -50    4  -50    4   24   22    6    8   20  -34   34  -20   -8   -6  -22  -24   -4   50   -4   50  -22  -24   -8   -6   34  -20
     2   -16  -38   28   26    4    6  -16    6  -16    6    4    6   28   26  -16  -38   38   16  -26  -28   -6   -4   -6   16   -6   16   -6   -4  -26  -28   38   16
     3    14    4   12  -30   -4   38  -22  -12  -22  -12   -4   38   12  -30   14    4   -4  -14   30  -12  -38    4   12   22   12   22  -38    4   30  -12   -4  -14
     4     3   33  -23  -13   13    3    7  -23    7  -23   13    3  -23  -13    3   33  -33   -3   13   23   -3  -13   23   -7   23   -7   -3  -13   13   23  -33   -3
     5   -25   11   15   -1  -23   -7   33   -3   33   -3  -23   -7   15   -1  -25   11  -11   25    1  -15    7   23    3  -33    3  -33    7   23    1  -15  -11   25
     6   -23  -27   41    9  -11   21   -7   -3   -7   -3  -11   21   41    9  -23  -27   27   23   -9  -41  -21   11    3    7    3    7  -21   11   -9  -41   27   23
     7    -9   17    1   -9   13   23   -5  -31   -5  -31   13   23    1   -9   -9   17  -17    9    9   -1  -23  -13   31    5   31    5  -23  -13    9   -1  -17    9
     8     9   23    1  -33  -15   19    5   -9    5   -9  -15   19    1  -33    9   23  -23   -9   33   -1  -19   15    9   -5    9   -5  -19   15   33   -1  -23   -9
     9     8  -18    0   10  -14  -24    6   32    6   32  -14  -24    0   10    8  -18   18   -8  -10    0   24   14  -32   -6  -32   -6   24   14  -10    0   18   -8
    10    15  -25   15   -5    5   25  -35    5  -35    5    5   25   15   -5   15  -25   25  -15    5  -15  -25   -5   -5   35   -5   35  -25   -5    5  -15   25  -15
    11    18  -18   10  -10  -16    4  -12   24  -12   24  -16    4   10  -10   18  -18   18  -18   10  -10   -4   16  -24   12  -24   12   -4   16   10  -10   18  -18
    12   -22  -12   24   10   -8    6    6   -4    6   -4   -8    6   24   10  -22  -12   12   22  -10  -24   -6    8    4   -6    4   -6   -6    8  -10  -24   12   22
    13    25   23  -53    5   31  -27   -3   -1   -3   -1   31  -27  -53    5   25   23  -23  -25   -5   53   27  -31    1    3    1    3   27  -31   -5   53  -23  -25
    14     6  -12   22  -16  -30    8    2   20    2   20  -30    8   22  -16    6  -12   12   -6   16  -22   -8   30  -20   -2  -20   -2   -8   30   16  -22   12   -6

  --- DBR Window 99' : Beta trace (backward, data read in reverse) ---
  Step      S0     S1     S2     S3     S4     S5     S6     S7
     0      16     22     14     20     14     20     16     22
     1      33     33     35     35     39     39     41     41
     2      72     70     54     58     56     60     74     68
     3      77     81    103     93     89     79     83     93
     4      97    121    101    103    105     95    113     99
     5     131    137    119    127    137    133    129    131
     6     143    155    143    159    155    155    141    149
     7     179    167    169    167    181    183    173    181
     8     201    197    203    205    191    215    201    195
     9     210    226    230    226    234    230    224    230
    10     248    260    272    248    268    244    254    266
    11     275    275    283    303    281    291    273    265
    12     289    297    303    307    301    307    307    325
    13     322    310    334    322    328    346    322    332
    14     352    342    336    334    360    358    338    338
  Final beta_init for BR:    352    342    336    334    360    358    338    338

  --- BR Window 97 : Beta init ---
     389    381    405    405    379    379    403    409

  --- BR Window 97 : Beta trace (pre-ACS, for LLR compute) ---
  Read order: step 14 down to 0
  Iter RdStep      S0     S1     S2     S3     S4     S5     S6     S7
     0     14     389    381    405    405    379    379    403    409
     1     13     412    404    428    432    444    408    422    430
     2     12     447    435    483    457    469    443    443    455
     3     11     508    488    478    470    458    466    460    474
     4     10     502    504   -512   -480   -502    506    486    484
     5      9    -472   -474   -512   -504   -478   -466   -480   -468
     6      8    -459   -439   -445   -471   -435   -453   -445   -471
     7      7    -409   -421   -441   -429   -449   -437   -443   -415
     8      6    -408   -412   -396   -420   -404   -400   -412   -416
     9      5    -375   -387   -383   -385   -395   -397   -387   -383
    10      4    -354   -368   -354   -366   -358   -370   -364   -370
    11      3    -343   -347   -347   -343   -359   -357   -355   -357
    12      2    -329   -337   -311   -327   -311   -327   -327   -337
    13      1    -291   -295   -297   -297   -295   -299   -317   -321
    14      0    -267   -263   -283   -255   -283   -281   -273   -269

##############################################################################
# SLOT 98  |  FR=W99 , BR=W98 , DBR=W100'
##############################################################################

  --- FR Window 99 : Alpha (state metrics after ACS) ---
  Step      S0     S1     S2     S3     S4     S5     S6     S7
     0     142    142    126    138    140    134    152    140
     1     161    171    157    157    159    167    157    155
     2     193    179    177    177    183    173    177    193
     3     198    204    208    200    200    214    202    198
     4     214    242    250    228    210    234    240    224
     5     279    247    249    259    277    249    247    259
     6     277    287    289    301    299    283    291    279
     7     325    325    315    307    307    305    313    315
     8     335    325    333    333    343    321    333    333
     9     363    359    349    351    357    351    353    365
    10     383    383    377    373    369    373    367    369
    11     408    382    396    400    408    392    392    394
    12     447    417    405    431    419    423    411    423
    13     450    436    444    442    466    436    460    442
    14     462    476    466    462    458    480    462    464

  --- FR Window 99 : Gamma R4 BMs ---
     0    -6    4    0    2  -12  -14   18    8   18    8  -12  -14    0    2   -6    4   -4    6   -2    0   14   12   -8  -18   -8  -18   14   12   -2    0   -4    6
     1    -7    5  -21   23   31  -13   -3  -15   -3  -15   31  -13  -21   23   -7    5   -5    7  -23   21   13  -31   15    3   15    3   13  -31  -23   21   -5    7
     2     0   22  -26    4   20  -10    6  -16    6  -16   20  -10  -26    4    0   22  -22    0   -4   26   10  -20   16   -6   16   -6   10  -20   -4   26  -22    0
     3     5   -7   17  -15   -1   31  -21   -9  -21   -9   -1   31   17  -15    5   -7    7   -5   15  -17  -31    1    9   21    9   21  -31    1   15  -17    7   -5
     4     4   -8  -10   14   42   18  -36  -24  -36  -24   42   18  -10   14    4   -8    8   -4  -14   10  -18  -42   24   36   24   36  -18  -42  -14   10    8   -4
     5   -35  -19   29   25   -1    3    7   -9    7   -9   -1    3   29   25  -35  -19   19   35  -25  -29   -3    1    9   -7    9   -7   -3    1  -25  -29   19   35
     6    -2  -20   24   -2  -32   -6   10   28   10   28  -32   -6   24   -2   -2  -20   20    2    2  -24    6   32  -28  -10  -28  -10    6   32    2  -24   20    2
     7     6  -24   -6   24   26   -4  -26    4  -26    4   26   -4   -6   24    6  -24   24   -6  -24    6    4  -26   -4   26   -4   26    4  -26  -24    6   24   -6
     8   -18   -6   -4   28   18  -14    4   -8    4   -8   18  -14   -4   28  -18   -6    6   18  -28    4   14  -18    8   -4    8   -4   14  -18  -28    4    6   18
     9   -32   -6    8   30   16   -6    8  -18    8  -18   16   -6    8   30  -32   -6    6   32  -30   -8    6  -16   18   -8   18   -8    6  -16  -30   -8    6   32
    10    20   -6   -2  -12  -10    0   -8   18   -8   18  -10    0   -2  -12   20   -6    6  -20   12    2    0   10  -18    8  -18    8    0   10   12    2    6  -20
    11   -25   -9   31    3  -19    9   13   -3   13   -3  -19    9   31    3  -25   -9    9   25   -3  -31   -9   19    3  -13    3  -13   -9   19   -3  -31    9   25
    12    39   -5  -19  -15    9    5  -29   15  -29   15    9    5  -19  -15   39   -5    5  -39   15   19   -5   -9  -15   29  -15   29   -5   -9   15   19    5  -39
    13   -19  -19   19   19   13   13  -13  -13  -13  -13   13   13   19   19  -19  -19   19   19  -19  -19  -13  -13   13   13   13   13  -13  -13  -19  -19   19   19
    14   -22    6   -4   20   10  -14   16  -12   16  -12   10  -14   -4   20  -22    6   -6   22  -20    4   14  -10   12  -16   12  -16   14  -10  -20    4   -6   22

  --- DBR Window 100' : Beta trace (backward, data read in reverse) ---
  Step      S0     S1     S2     S3     S4     S5     S6     S7
     0      27     27     15     15     15     15     27     27
     1      32     36     68     48     56     50     44     48
     2      55     61     79     83     71     63     71     65
     3     104     92     94     98     88     80     96    120
     4     119    137    139    125    133    119    127    169
     5     151    153    157    141    159    175    187    155
     6     192    174    218    208    206    196    188    170
     7     256    228    206    218    222    226    212    214
     8     284    256    244    240    230    230    246    244
     9     314    286    276    284    250    252    270    298
    10     346    330    310    300    342    310    316    300
    11     382    338    354    358    330    326    336    354
    12     363    377    413    395    389    371    359    393
    13     415    401    407    431    411    395    393    407
    14     451    423    443    433    459    449    447    417
  Final beta_init for BR:    451    423    443    433    459    449    447    417

  --- BR Window 98 : Beta init ---
     352    342    336    334    360    358    338    338

  --- BR Window 98 : Beta trace (pre-ACS, for LLR compute) ---
  Read order: step 14 down to 0
  Iter RdStep      S0     S1     S2     S3     S4     S5     S6     S7
     0     14     352    342    336    334    360    358    338    338
     1     13     372    356    376    368    356    388    350    362
     2     12     397    395    407    409    415    415    393    391
     3     11     427    437    421    413    433    423    419    413
     4     10     451    445    443    435    423    441    431    461
     5      9     466    466    466    468    466    470    486    476
     6      8     484    498    510    500    494    484    494    498
     7      7    -509    507   -497   -495   -493   -507    509   -501
     8      6    -484   -484   -484   -474   -492   -494   -476   -478
     9      5    -465   -469   -443   -463   -433   -463   -451   -455
    10      4    -410   -408   -432   -428   -448   -440   -436   -430
    11      3    -407   -377   -419   -423   -395   -405   -401   -395
    12      2    -389   -379   -365   -381   -365   -339   -393   -383
    13      1    -327   -349   -361   -359   -345   -343   -345   -323
    14      0    -307   -295   -321   -319   -325   -327   -289   -293

##############################################################################
# SLOT 99  |  FR=W100 , BR=W99 , DBR=W101'
##############################################################################

  --- FR Window 100 : Alpha (state metrics after ACS) ---
  Step      S0     S1     S2     S3     S4     S5     S6     S7
     0     494    486    492    498    502    484    494    502
     1     500    502   -508   -510    510    506    506   -504
     2    -477   -499   -491   -483   -483   -491   -497   -465
     3    -441   -441   -475   -461   -467   -445   -479   -471
     4    -409   -421   -437   -447   -431   -429   -429   -423
     5    -379   -381   -379   -399   -387   -411   -411   -407
     6    -351   -391   -365   -383   -363   -387   -369   -371
     7    -351   -331   -313   -349   -357   -345   -347   -349
     8    -320   -312   -314   -338   -316   -324   -282   -338
     9    -306   -298   -296   -268   -302   -288   -286   -264
    10    -247   -261   -265   -267   -249   -269   -257   -215
    11    -224   -246   -236   -178   -242   -224   -214   -208
    12    -201   -209   -163   -191   -163   -193   -185   -209
    13    -122   -170   -168   -122   -160   -172   -170   -160
    14    -117   -143    -95   -133   -107   -145   -105   -143

  --- FR Window 100 : Gamma R4 BMs ---
     0    -6  -40   28   18   -4    6  -18   16  -18   16   -4    6   28   18   -6  -40   40    6  -18  -28   -6    4  -16   18  -16   18   -6    4  -18  -28   40    6
     1    -2   12    8  -18   -8   18    2  -12    2  -12   -8   18    8  -18   -2   12  -12    2   18   -8  -18    8   12   -2   12   -2  -18    8   18   -8  -12    2
     2   -39   -5   31   13    1   19    7  -27    7  -27    1   19   31   13  -39   -5    5   39  -13  -31  -19   -1   27   -7   27   -7  -19   -1  -13  -31    5   39
     3    36   -8  -16  -12    0   -4  -20   24  -20   24    0   -4  -16  -12   36   -8    8  -36   12   16    4    0  -24   20  -24   20    4    0   12   16    8  -36
     4    32   16   -4  -44  -16   24  -12    4  -12    4  -16   24   -4  -44   32   16  -16  -32   44    4  -24   16   -4   12   -4   12  -24   16   44    4  -16  -32
     5    30  -22   -8    0  -12  -20  -10   42  -10   42  -12  -20   -8    0   30  -22   22  -30    0    8   20   12  -42   10  -42   10   20   12    0    8   22  -30
     6    28    0  -12  -16   -4    0  -12   16  -12   16   -4    0  -12  -16   28    0    0  -28   16   12    0    4  -16   12  -16   12    0    4   16   12    0  -28
     7   -22    6   14    2  -30  -18   38   10   38   10  -30  -18   14    2  -22    6   -6   22   -2  -14   18   30  -10  -38  -10  -38   18   30   -2  -14   -6   22
     8    -7   11   -7    3  -21  -31   35   17   35   17  -21  -31   -7    3   -7   11  -11    7   -3    7   31   21  -17  -35  -17  -35   31   21   -3    7  -11    7
     9    14  -18   -6   10   18    2  -26    6  -26    6   18    2   -6   10   14  -18   18  -14  -10    6   -2  -18   -6   26   -6   26   -2  -18  -10    6   18  -14
    10   -49   -7   35   21  -11    3   25  -17   25  -17  -11    3   35   21  -49   -7    7   49  -21  -35   -3   11   17  -25   17  -25   -3   11  -21  -35    7   49
    11    -7   37   -7  -23    3   19   11  -33   11  -33    3   19   -7  -23   -7   37  -37    7   23    7  -19   -3   33  -11   33  -11  -19   -3   23    7  -37    7
    12    23   15  -15  -23    7   15  -15   -7  -15   -7    7   15  -15  -23   23   15  -15  -23   23   15  -15   -7    7   15    7   15  -15   -7   23   15  -15  -23
    13   -21  -17   41   -3  -21   23    1   -3    1   -3  -21   23   41   -3  -21  -17   17   21    3  -41  -23   21    3   -1    3   -1  -23   21    3  -41   17   21
    14   -17   27  -15    5    5  -15   27  -17   27  -17    5  -15  -15    5  -17   27  -27   17   -5   15   15   -5   17  -27   17  -27   15   -5   -5   15  -27   17

  --- DBR Window 101' : Beta trace (backward, data read in reverse) ---
  Step      S0     S1     S2     S3     S4     S5     S6     S7
     0      19     23     41     31     41     31     19     23
     1      66     56     56     64     42     46     48     68
     2      90     92     80     66    106     80     88     90
     3     125    133    107    107    117    119    109    125
     4     132    122    160    142    142    152    140    146
     5     153    165    161    161    151    151    153    159
     6     179    185    173    183    177    191    183    193
     7     199    193    209    207    213    215    215    209
     8     227    225    225    221    217    229    223    223
     9     233    233    255    247    249    247    239    239
    10     280    274    258    252    256    262    270    266
    11     296    302    298    300    286    284    306    294
    12     306    328    342    322    320    326    314    332
    13     359    341    365    367    351    353    371    353
    14     389    393    371    373    371    375    373    401
  Final beta_init for BR:    389    393    371    373    371    375    373    401

  --- BR Window 99 : Beta init ---
     451    423    443    433    459    449    447    417

  --- BR Window 99 : Beta trace (pre-ACS, for LLR compute) ---
  Read order: step 14 down to 0
  Iter RdStep      S0     S1     S2     S3     S4     S5     S6     S7
     0     14     451    423    443    433    459    449    447    417
     1     13     459    481    461    471    463    453    461    439
     2     12     482    482    478    478    494    494    468    468
     3     11    -503    497    509   -511    491    487   -507   -501
     4     10    -502   -508   -472   -488   -480   -508   -492   -476
     5      9    -474   -454   -468   -472   -464   -474   -468   -490
     6      8    -450   -432   -452   -444   -438   -442   -446   -458
     7      7    -432   -420   -432   -422   -414   -416   -428   -440
     8      6    -390   -402   -406   -408   -394   -398   -416   -390
     9      5    -374   -378   -366   -384   -384   -366   -370   -374
    10      4    -359   -349   -345   -349   -355   -359   -355   -339
    11      3    -331   -319   -303   -327   -307   -329   -331   -323
    12      2    -300   -310   -292   -272   -308   -288   -316   -308
    13      1    -286   -278   -272   -282   -278   -268   -272   -250
    14      0    -257   -269   -241   -257   -247   -229   -253   -243

##############################################################################
# SLOT 100  |  FR=W101 , BR=W100 , DBR=W102'
##############################################################################

  --- FR Window 101 : Alpha (state metrics after ACS) ---
  Step      S0     S1     S2     S3     S4     S5     S6     S7
     0    -109    -95    -89    -99    -77    -87    -97    -89
     1     -74    -54    -66    -68    -74    -52    -64    -68
     2     -42    -38    -24    -26    -54    -38    -30    -44
     3      -6    -28    -12    -18     -2    -12     -6     10
     4       1     29     -9      7     25     29     -9     25
     5      27     51     29     53     45     45     25     41
     6      75     61     51     67     63     49     59     53
     7      81     69     85     93     97     73     91     81
     8     101    109     99    113    125    115    103    105
     9     112    126    114    120    118    124    116    130
    10     149    143    139    153    131    157    153    135
    11     168    184    180    172    168    180    188    172
    12     210    194    188    212    218    198    190    206
    13     221    233    235    229    235    243    231    215
    14     260    276    276    274    242    250    256    252

  --- FR Window 101 : Gamma R4 BMs ---
     0     6   34  -22  -18    6    2   10  -18   10  -18    6    2  -22  -18    6   34  -34   -6   18   22   -2   -6   18  -10   18  -10   -2   -6   18   22  -34   -6
     1   -21   21    1   -1   23   25   -3  -45   -3  -45   23   25    1   -1  -21   21  -21   21    1   -1  -25  -23   45    3   45    3  -25  -23    1   -1  -21   21
     2     2  -20   -8   26   -2  -36    8   30    8   30   -2  -36   -8   26    2  -20   20   -2  -26    8   36    2  -30   -8  -30   -8   36    2  -26    8   20   -2
     3     2  -40   18   20   12   10  -32   10  -32   10   12   10   18   20    2  -40   40   -2  -20  -18  -10  -12  -10   32  -10   32  -10  -12  -20  -18   40   -2
     4     7  -31    9   15    3   -3  -19   19  -19   19    3   -3    9   15    7  -31   31   -7  -15   -9    3   -3  -19   19  -19   19    3   -3  -15   -9   31   -7
     5   -16   -2   28  -10  -16   22    4  -10    4  -10  -16   22   28  -10  -16   -2    2   16   10  -28  -22   16   10   -4   10   -4  -22   16   10  -28    2   16
     6   -12  -14    4   22   16   -2   -8   -6   -8   -6   16   -2    4   22  -12  -14   14   12  -22   -4    2  -16    6    8    6    8    2  -16  -22   -4   14   12
     7   -16  -22   30    8  -24   -2   10   16   10   16  -24   -2   30    8  -16  -22   22   16   -8  -30    2   24  -16  -10  -16  -10    2   24   -8  -30   22   16
     8     2   32  -32   -2   12  -18   18  -12   18  -12   12  -18  -32   -2    2   32  -32   -2    2   32   18  -12   12  -18   12  -18   18  -12    2   32  -32   -2
     9    11   -1   -5   -5    1    1   -7    5   -7    5    1    1   -5   -5   11   -1    1  -11    5    5   -1   -1   -5    7   -5    7   -1   -1    5    5    1  -11
    10    -5  -15   35  -15  -33   17    3   13    3   13  -33   17   35  -15   -5  -15   15    5   15  -35  -17   33  -13   -3  -13   -3  -17   33   15  -35   15    5
    11    19  -19    1   -1   25   27  -45   -7  -45   -7   25   27    1   -1   19  -19   19  -19    1   -1  -27  -25    7   45    7   45  -27  -25    1   -1   19  -19
    12    24   26  -12  -38  -18    8    6    4    6    4  -18    8  -12  -38   24   26  -26  -24   38   12   -8   18   -4   -6   -4   -6   -8   18   38   12  -26  -24
    13    11  -25   11    3   15   23  -37   -1  -37   -1   15   23   11    3   11  -25   25  -11   -3  -11  -23  -15    1   37    1   37  -23  -15   -3  -11   25  -11
    14    -9  -13   -9   31   41    1  -23  -19  -23  -19   41    1   -9   31   -9  -13   13    9  -31    9   -1  -41   19   23   19   23   -1  -41  -31    9   13    9

  --- DBR Window 102' : Beta trace (backward, data read in reverse) ---
  Step      S0     S1     S2     S3     S4     S5     S6     S7
     0      26     18     26     18     26     18     26     18
     1      59     59     43     43     35     35     51     51
     2      74     84     62     78     72     62     90     68
     3      88     90     96    110     92     94     92     94
     4     103    113    123    133    117    135    123    135
     5     145    141    135    145    153    163    157    171
     6     188    176    164    162    182    180    194    182
     7     191    191    249    215    235    215    201    201
     8     264    262    254    246    248    242    208    210
     9     285    299    263    265    255    253    293    281
    10     293    293    303    315    307    321    299    299
    11     311    315    329    331    321    321    333    337
    12     359    357    335    343    355    337    347    373
    13     387    381    391    369    409    387    371    365
    14     440    410    414    408    396    398    396    408
  Final beta_init for BR:    440    410    414    408    396    398    396    408

  --- BR Window 100 : Beta init ---
     389    393    371    373    371    375    373    401

  --- BR Window 100 : Beta trace (pre-ACS, for LLR compute) ---
  Read order: step 14 down to 0
  Iter RdStep      S0     S1     S2     S3     S4     S5     S6     S7
     0     14     389    393    371    373    371    375    373    401
     1     13     398    416    388    394    398    416    420    418
     2     12     423    419    439    441    435    439    435    439
     3     11     446    450    458    454    462    454    464    456
     4     10     497    483    485    477    479    469    487    491
     5      9     510   -496   -492   -506   -512    498    508   -484
     6      8    -494   -486   -474   -490   -478   -478   -466   -490
     7      7    -439   -457   -435   -445   -447   -457   -451   -469
     8      6    -397   -425   -425   -421   -431   -427   -419   -439
     9      5    -369   -397   -409   -413   -423   -423   -393   -409
    10      4    -339   -367   -373   -369   -403   -401   -383   -355
    11      3    -307   -323   -343   -349   -311   -343   -337   -353
    12      2    -271   -315   -299   -295   -323   -327   -313   -299
    13      1    -286   -276   -240   -258   -264   -282   -294   -260
    14      0    -238   -252   -246   -222   -242   -258   -260   -246

##############################################################################
# SLOT 101  |  FR=W102 , BR=W101 , DBR=W103'
##############################################################################

  --- FR Window 102 : Alpha (state metrics after ACS) ---
  Step      S0     S1     S2     S3     S4     S5     S6     S7
     0     303    267    291    269    291    273    297    287
     1     331    297    303    325    327    291    297    327
     2     331    323    347    351    333    323    357    363
     3     353    351    379    369    369    379    351    355
     4     397    401    391    387    405    401    391    395
     5     436    422    428    430    406    418    404    420
     6     457    433    451    445    443    439    461    429
     7     472    486    482    466    478    498    506    472
     8    -507   -507    491    503    497   -487    503    507
     9    -469   -485   -499   -479   -493   -499   -485   -459
    10    -456   -466   -468   -434   -438   -460   -458   -458
    11    -442   -448   -424   -432   -440   -440   -414   -414
    12    -421   -383   -411   -389   -403   -413   -405   -407
    13    -388   -386   -376   -372   -372   -374   -350   -394
    14    -372   -324   -362   -350   -364   -346   -350   -358

  --- FR Window 102 : Gamma R4 BMs ---
     0    -1  -31   27    5   -5   17  -21    9  -21    9   -5   17   27    5   -1  -31   31    1   -5  -27  -17    5   -9   21   -9   21  -17    5   -5  -27   31    1
     1    28   22  -14  -36  -14    8    0    6    0    6  -14    8  -14  -36   28   22  -22  -28   36   14   -8   14   -6    0   -6    0   -8   14   36   14  -22  -28
     2   -36    6   24    6   -4   14   16  -26   16  -26   -4   14   24    6  -36    6   -6   36   -6  -24  -14    4   26  -16   26  -16  -14    4   -6  -24   -6   36
     3    10    6    6  -22    0   28  -16  -12  -16  -12    0   28    6  -22   10    6   -6  -10   22   -6  -28    0   12   16   12   16  -28    0   22   -6   -6  -10
     4     4    4   18  -26  -22   22    0    0    0    0  -22   22   18  -26    4    4   -4   -4   26  -18  -22   22    0    0    0    0  -22   22   26  -18   -4   -4
     5    -3   35  -17  -15  -11  -13   31   -7   31   -7  -11  -13  -17  -15   -3   35  -35    3   15   17   13   11    7  -31    7  -31   13   11   15   17  -35    3
     6    -9   -7  -11   27    5  -33   15   13   15   13    5  -33  -11   27   -9   -7    7    9  -27   11   33   -5  -13  -15  -13  -15   33   -5  -27   11    7    9
     7     3    3  -33   27    5  -55   25   25   25   25    5  -55  -33   27    3    3   -3   -3  -27   33   55   -5  -25  -25  -25  -25   55   -5  -27   33   -3   -3
     8   -11   31   -9  -11    9   11   11  -31   11  -31    9   11   -9  -11  -11   31  -31   11   11    9  -11   -9   31  -11   31  -11  -11   -9   11    9  -31   11
     9     8   38  -28  -18   12    2    8  -22    8  -22   12    2  -28  -18    8   38  -38   -8   18   28   -2  -12   22   -8   22   -8   -2  -12   18   28  -38   -8
    10    13   25  -41    3   27  -17    1  -11    1  -11   27  -17  -41    3   13   25  -25  -13   -3   41   17  -27   11   -1   11   -1   17  -27   -3   41  -25  -13
    11    14    4    6  -24  -20   10    0   10    0   10  -20   10    6  -24   14    4   -4  -14   24   -6  -10   20  -10    0  -10    0  -10   20   24   -6   -4  -14
    12    -7   25    3  -21  -27   -3   31   -1   31   -1  -27   -3    3  -21   -7   25  -25    7   21   -3    3   27    1  -31    1  -31    3   27   21   -3  -25    7
    13    33   -7  -17   -9   17    9  -33    7  -33    7   17    9  -17   -9   33   -7    7  -33    9   17   -9  -17   -7   33   -7   33   -9  -17    9   17    7  -33
    14     0    8   -8    0  -18  -26   26   18   26   18  -18  -26   -8    0    0    8   -8    0    0    8   26   18  -18  -26  -18  -26   26   18    0    8   -8    0

  --- DBR Window 103' : Beta trace (backward, data read in reverse) ---
  Step      S0     S1     S2     S3     S4     S5     S6     S7
     0       0      0      0      0      0      0      0      0
     1       0      0      0      0      0      0      0      0
     2       0      0      0      0      0      0      0      0
     3       0      0      0      0      0      0      0      0
     4       0      0      0      0      0      0      0      0
     5       0      0      0      0      0      0      0      0
     6       0      0      0      0      0      0      0      0
     7       0      0      0      0      0      0      0      0
     8       0      0      0      0      0      0      0      0
     9      19     17     17     19     17     19     19     17
    10      30     32     38     34     38     34     30     32
    11      65     77     55     49     59     53     59     71
    12      81     77     85     95     91    117     75     73
    13     104    100    108    124    122    118    130    142
    14     154    138    134    144    144    164    142    144
  Final beta_init for BR:    154    138    134    144    144    164    142    144

  --- BR Window 101 : Beta init ---
     440    410    414    408    396    398    396    408

  --- BR Window 101 : Beta trace (pre-ACS, for LLR compute) ---
  Read order: step 14 down to 0
  Iter RdStep      S0     S1     S2     S3     S4     S5     S6     S7
     0     14     440    410    414    408    396    398    396    408
     1     13     431    427    455    471    451    439    421    421
     2     12     476    458    470    478    482    474    482    476
     3     11     500    502   -504    500   -510    492    502    504
     4     10    -491   -477   -479   -477   -497   -495   -501   -487
     5      9    -476   -466   -456   -462   -442   -460   -472   -464
     6      8    -441   -451   -437   -437   -459   -459   -451   -453
     7      7    -419   -409   -425   -427   -439   -421   -433   -405
     8      6    -415   -409   -389   -409   -397   -397   -383   -389
     9      5    -377   -375   -373   -391   -393   -387   -375   -377
    10      4    -365   -377   -349   -351   -363   -353   -371   -361
    11      3    -332   -330   -346   -350   -342   -336   -330   -334
    12      2    -302   -298   -314   -312   -318   -320   -294   -304
    13      1    -298   -284   -258   -276   -284   -286   -284   -268
    14      0    -239   -263   -235   -233   -261   -259   -241   -247

##############################################################################
# SLOT 102  |  FR=W103 , BR=W102 , DBR=W104'
##############################################################################

  --- FR Window 103 : Alpha (state metrics after ACS) ---
  Step      S0     S1     S2     S3     S4     S5     S6     S7
     0    -304   -338   -336   -338   -328   -326   -316   -324
     1    -305   -287   -299   -301   -291   -299   -291   -303
     2    -279   -259   -261   -271   -279   -269   -269   -271
     3    -254   -232   -220   -256   -252   -250   -236   -242
     4    -201   -225   -235   -233   -209   -225   -235   -227
     5    -182   -206   -204   -216   -200   -192   -218   -206
     6    -182   -192   -182   -192   -182   -192   -182   -192
     7    -182   -182   -182   -182   -182   -182   -182   -182
     8    -182   -182   -182   -182   -182   -182   -182   -182
     9    -182   -182   -182   -182   -182   -182   -182   -182
    10    -182   -182   -182   -182   -182   -182   -182   -182
    11    -182   -182   -182   -182   -182   -182   -182   -182
    12    -182   -182   -182   -182   -182   -182   -182   -182
    13    -182   -182   -182   -182   -182   -182   -182   -182
    14    -182   -182   -182   -182   -182   -182   -182   -182

  --- FR Window 103 : Gamma R4 BMs ---
     0     4   20  -22   -2   26    6   -8  -24   -8  -24   26    6  -22   -2    4   20  -20   -4    2   22   -6  -26   24    8   24    8   -6  -26    2   22  -20   -4
     1    -1  -13   27  -13   -1   39  -25  -13  -25  -13   -1   39   27  -13   -1  -13   13    1   13  -27  -39    1   13   25   13   25  -39    1   13  -27   13    1
     2    -2    2   20  -20    0   40  -18  -22  -18  -22    0   40   20  -20   -2    2   -2    2   20  -20  -40    0   22   18   22   18  -40    0   20  -20   -2    2
     3     7  -27    7   13  -19  -25    5   39    5   39  -19  -25    7   13    7  -27   27   -7  -13   -7   25   19  -39   -5  -39   -5   25   19  -13   -7   27   -7
     4   -15    7   19  -11  -15   15   11  -11   11  -11  -15   15   19  -11  -15    7   -7   15   11  -19  -15   15   11  -11   11  -11  -15   15   11  -19   -7   15
     5    19   -1  -19    1    3  -17   -3   17   -3   17    3  -17  -19    1   19   -1    1  -19   -1   19   17   -3  -17    3  -17    3   17   -3   -1   19    1  -19
     6     0    0    0    0    0    0    0    0    0    0    0    0    0    0    0    0    0    0    0    0    0    0    0    0    0    0    0    0    0    0    0    0
     7     0    0    0    0    0    0    0    0    0    0    0    0    0    0    0    0    0    0    0    0    0    0    0    0    0    0    0    0    0    0    0    0
     8     0    0    0    0    0    0    0    0    0    0    0    0    0    0    0    0    0    0    0    0    0    0    0    0    0    0    0    0    0    0    0    0
     9     0    0    0    0    0    0    0    0    0    0    0    0    0    0    0    0    0    0    0    0    0    0    0    0    0    0    0    0    0    0    0    0
    10     0    0    0    0    0    0    0    0    0    0    0    0    0    0    0    0    0    0    0    0    0    0    0    0    0    0    0    0    0    0    0    0
    11     0    0    0    0    0    0    0    0    0    0    0    0    0    0    0    0    0    0    0    0    0    0    0    0    0    0    0    0    0    0    0    0
    12     0    0    0    0    0    0    0    0    0    0    0    0    0    0    0    0    0    0    0    0    0    0    0    0    0    0    0    0    0    0    0    0
    13     0    0    0    0    0    0    0    0    0    0    0    0    0    0    0    0    0    0    0    0    0    0    0    0    0    0    0    0    0    0    0    0
    14     0    0    0    0    0    0    0    0    0    0    0    0    0    0    0    0    0    0    0    0    0    0    0    0    0    0    0    0    0    0    0    0

  --- DBR Window 104' : Beta trace (backward, data read in reverse) ---
  Step      S0     S1     S2     S3     S4     S5     S6     S7
     0       0      0      0      0      0      0      0      0
     1       0      0      0      0      0      0      0      0
     2       0      0      0      0      0      0      0      0
     3       0      0      0      0      0      0      0      0
     4       0      0      0      0      0      0      0      0
     5       0      0      0      0      0      0      0      0
     6       0      0      0      0      0      0      0      0
     7       0      0      0      0      0      0      0      0
     8       0      0      0      0      0      0      0      0
     9       0      0      0      0      0      0      0      0
    10       0      0      0      0      0      0      0      0
    11       0      0      0      0      0      0      0      0
    12       0      0      0      0      0      0      0      0
    13       0      0      0      0      0      0      0      0
    14       0      0      0      0      0      0      0      0
  Final beta_init for BR:      0      0      0      0      0      0      0      0

  --- BR Window 102 : Beta init ---
     154    138    134    144    144    164    142    144

  --- BR Window 102 : Beta trace (pre-ACS, for LLR compute) ---
  Read order: step 14 down to 0
  Iter RdStep      S0     S1     S2     S3     S4     S5     S6     S7
     0     14     154    138    134    144    144    164    142    144
     1     13     160    162    168    160    190    182    164    156
     2     12     197    197    199    207    179    173    193    215
     3     11     230    222    200    220    236    212    228    232
     4     10     244    234    260    248    256    232    234    232
     5      9     261    269    287    297    261    273    261    273
     6      8     295    299    299    289    291    301    305    335
     7      7     336    326    308    310    346    344    332    346
     8      6     343    343    387    379    399    379    351    351
     9      5     406    408    392    410    412    406    370    372
    10      4     423    441    427    429    419    417    439    445
    11      3     439    439    445    461    471    463    441    441
    12      2     465    461    493    473    467    467    475    479
    13      1     509    503    489    507    497    479    493   -509
    14      0    -487   -493   -491    511   -473   -495   -489   -495

##############################################################################
# SLOT 103  |  FR=idle , BR=W103 , DBR=idle
##############################################################################

  --- BR Window 103 : Beta init ---
       0      0      0      0      0      0      0      0

  --- BR Window 103 : Beta trace (pre-ACS, for LLR compute) ---
  Read order: step 14 down to 0
  Iter RdStep      S0     S1     S2     S3     S4     S5     S6     S7
     0     14       0      0      0      0      0      0      0      0
     1     13       0      0      0      0      0      0      0      0
     2     12       0      0      0      0      0      0      0      0
     3     11       0      0      0      0      0      0      0      0
     4     10       0      0      0      0      0      0      0      0
     5      9       0      0      0      0      0      0      0      0
     6      8       0      0      0      0      0      0      0      0
     7      7       0      0      0      0      0      0      0      0
     8      6       0      0      0      0      0      0      0      0
     9      5       0      0      0      0      0      0      0      0
    10      4      19     17     17     19     17     19     19     17
    11      3      30     32     38     34     38     34     30     32
    12      2      65     77     55     49     59     53     59     71
    13      1      81     77     85     95     91    117     75     73
    14      0     104    100    108    124    122    118    130    142
